date,material_id,units_used,current_stock
2024-01-01,MAT_01,436,9355
2024-01-02,MAT_01,424,8931
2024-01-03,MAT_01,474,8457
2024-01-04,MAT_01,441,8016
2024-01-05,MAT_01,381,7635
2024-01-06,MAT_01,385,7250
2024-01-07,MAT_01,421,6829
2024-01-08,MAT_01,412,6417
2024-01-09,MAT_01,513,5904
2024-01-10,MAT_01,513,5391
2024-01-11,MAT_01,452,4939
2024-01-12,MAT_01,399,4540
2024-01-13,MAT_01,316,4224
2024-01-14,MAT_01,315,3909
2024-01-15,MAT_01,430,3479
2024-01-16,MAT_01,438,3041
2024-01-17,MAT_01,484,2557
2024-01-18,MAT_01,433,2124
2024-01-19,MAT_01,333,1791
2024-01-20,MAT_01,388,1403
2024-01-21,MAT_01,370,7027
2024-01-22,MAT_01,438,6589
2024-01-23,MAT_01,448,6141
2024-01-24,MAT_01,483,5658
2024-01-25,MAT_01,528,5130
2024-01-26,MAT_01,420,4710
2024-01-27,MAT_01,406,4304
2024-01-28,MAT_01,347,3957
2024-01-29,MAT_01,541,3416
2024-01-30,MAT_01,568,2848
2024-01-31,MAT_01,562,2286
2024-02-01,MAT_01,510,1776
2024-02-02,MAT_01,427,1349
2024-02-03,MAT_01,413,936
2024-02-04,MAT_01,450,6480
2024-02-05,MAT_01,431,6049
2024-02-06,MAT_01,487,5562
2024-02-07,MAT_01,451,5111
2024-02-08,MAT_01,456,4655
2024-02-09,MAT_01,502,4153
2024-02-10,MAT_01,391,3762
2024-02-11,MAT_01,405,3357
2024-02-12,MAT_01,478,2879
2024-02-13,MAT_01,449,2430
2024-02-14,MAT_01,564,1866
2024-02-15,MAT_01,546,1320
2024-02-16,MAT_01,460,6854
2024-02-17,MAT_01,479,6375
2024-02-18,MAT_01,373,6002
2024-02-19,MAT_01,548,5454
2024-02-20,MAT_01,493,4961
2024-02-21,MAT_01,484,4477
2024-02-22,MAT_01,494,3983
2024-02-23,MAT_01,527,3456
2024-02-24,MAT_01,420,3036
2024-02-25,MAT_01,397,2639
2024-02-26,MAT_01,430,2209
2024-02-27,MAT_01,525,1684
2024-02-28,MAT_01,462,1222
2024-02-29,MAT_01,459,6757
2024-03-01,MAT_01,521,6236
2024-03-02,MAT_01,481,5755
2024-03-03,MAT_01,435,5320
2024-03-04,MAT_01,469,4851
2024-03-05,MAT_01,538,4313
2024-03-06,MAT_01,642,3671
2024-03-07,MAT_01,532,3139
2024-03-08,MAT_01,501,2638
2024-03-09,MAT_01,425,2213
2024-03-10,MAT_01,448,1765
2024-03-11,MAT_01,519,1246
2024-03-12,MAT_01,545,701
2024-03-13,MAT_01,477,6218
2024-03-14,MAT_01,572,5646
2024-03-15,MAT_01,445,5201
2024-03-16,MAT_01,522,4679
2024-03-17,MAT_01,477,4202
2024-03-18,MAT_01,499,3703
2024-03-19,MAT_01,561,3142
2024-03-20,MAT_01,551,2591
2024-03-21,MAT_01,504,2087
2024-03-22,MAT_01,480,1607
2024-03-23,MAT_01,475,1132
2024-03-24,MAT_01,433,699
2024-03-25,MAT_01,474,6219
2024-03-26,MAT_01,532,5687
2024-03-27,MAT_01,596,5091
2024-03-28,MAT_01,583,4508
2024-03-29,MAT_01,488,4020
2024-03-30,MAT_01,464,3556
2024-03-31,MAT_01,427,3129
2024-04-01,MAT_01,535,2594
2024-04-02,MAT_01,568,2026
2024-04-03,MAT_01,530,1496
2024-04-04,MAT_01,454,1042
2024-04-05,MAT_01,425,6611
2024-04-06,MAT_01,414,6197
2024-04-07,MAT_01,499,5698
2024-04-08,MAT_01,561,5137
2024-04-09,MAT_01,528,4609
2024-04-10,MAT_01,541,4068
2024-04-11,MAT_01,535,3533
2024-04-12,MAT_01,472,3061
2024-04-13,MAT_01,476,2585
2024-04-14,MAT_01,429,2156
2024-04-15,MAT_01,535,1621
2024-04-16,MAT_01,534,1087
2024-04-17,MAT_01,588,6493
2024-04-18,MAT_01,511,5982
2024-04-19,MAT_01,444,5538
2024-04-20,MAT_01,512,5026
2024-04-21,MAT_01,490,4536
2024-04-22,MAT_01,422,4114
2024-04-23,MAT_01,522,3592
2024-04-24,MAT_01,599,2993
2024-04-25,MAT_01,469,2524
2024-04-26,MAT_01,495,2029
2024-04-27,MAT_01,458,1571
2024-04-28,MAT_01,414,1157
2024-04-29,MAT_01,488,6663
2024-04-30,MAT_01,451,6212
2024-05-01,MAT_01,616,5596
2024-05-02,MAT_01,500,5096
2024-05-03,MAT_01,491,4605
2024-05-04,MAT_01,450,4155
2024-05-05,MAT_01,491,3664
2024-05-06,MAT_01,465,3199
2024-05-07,MAT_01,536,2663
2024-05-08,MAT_01,561,2102
2024-05-09,MAT_01,540,1562
2024-05-10,MAT_01,498,1064
2024-05-11,MAT_01,400,6658
2024-05-12,MAT_01,403,6255
2024-05-13,MAT_01,529,5726
2024-05-14,MAT_01,439,5287
2024-05-15,MAT_01,594,4693
2024-05-16,MAT_01,1221,3472
2024-05-17,MAT_01,1117,2355
2024-05-18,MAT_01,964,1391
2024-05-19,MAT_01,1054,337
2024-05-20,MAT_01,1301,0
2024-05-21,MAT_01,1366,0
2024-05-22,MAT_01,1364,0
2024-05-23,MAT_01,1238,4756
2024-05-24,MAT_01,377,4379
2024-05-25,MAT_01,368,4011
2024-05-26,MAT_01,398,3613
2024-05-27,MAT_01,475,3138
2024-05-28,MAT_01,505,2633
2024-05-29,MAT_01,552,2081
2024-05-30,MAT_01,498,1583
2024-05-31,MAT_01,821,762
2024-06-01,MAT_01,926,5830
2024-06-02,MAT_01,802,5028
2024-06-03,MAT_01,825,4203
2024-06-04,MAT_01,1087,3116
2024-06-05,MAT_01,1056,2060
2024-06-06,MAT_01,541,1519
2024-06-07,MAT_01,410,1109
2024-06-08,MAT_01,420,689
2024-06-09,MAT_01,332,357
2024-06-10,MAT_01,467,0
2024-06-11,MAT_01,475,5519
2024-06-12,MAT_01,437,5082
2024-06-13,MAT_01,498,4584
2024-06-14,MAT_01,331,4253
2024-06-15,MAT_01,293,3960
2024-06-16,MAT_01,394,3566
2024-06-17,MAT_01,447,3119
2024-06-18,MAT_01,508,2611
2024-06-19,MAT_01,509,2102
2024-06-20,MAT_01,504,1598
2024-06-21,MAT_01,420,1178
2024-06-22,MAT_01,352,6820
2024-06-23,MAT_01,364,6456
2024-06-24,MAT_01,401,6055
2024-06-25,MAT_01,469,5586
2024-06-26,MAT_01,424,5162
2024-06-27,MAT_01,447,4715
2024-06-28,MAT_01,376,4339
2024-06-29,MAT_01,357,3982
2024-06-30,MAT_01,366,3616
2024-07-01,MAT_01,302,3314
2024-07-02,MAT_01,410,2904
2024-07-03,MAT_01,451,2453
2024-07-04,MAT_01,419,2034
2024-07-05,MAT_01,378,1656
2024-07-06,MAT_01,346,7304
2024-07-07,MAT_01,404,6900
2024-07-08,MAT_01,401,6499
2024-07-09,MAT_01,421,6078
2024-07-10,MAT_01,380,5698
2024-07-11,MAT_01,355,5343
2024-07-12,MAT_01,377,4966
2024-07-13,MAT_01,364,4602
2024-07-14,MAT_01,393,4209
2024-07-15,MAT_01,344,3865
2024-07-16,MAT_01,410,3455
2024-07-17,MAT_01,441,3014
2024-07-18,MAT_01,479,2535
2024-07-19,MAT_01,349,2186
2024-07-20,MAT_01,372,1814
2024-07-21,MAT_01,327,1487
2024-07-22,MAT_01,411,7070
2024-07-23,MAT_01,451,6619
2024-07-24,MAT_01,427,6192
2024-07-25,MAT_01,346,5846
2024-07-26,MAT_01,322,5524
2024-07-27,MAT_01,358,5166
2024-07-28,MAT_01,344,4822
2024-07-29,MAT_01,337,4485
2024-07-30,MAT_01,386,4099
2024-07-31,MAT_01,340,3759
2024-08-01,MAT_01,433,3326
2024-08-02,MAT_01,357,2969
2024-08-03,MAT_01,283,2686
2024-08-04,MAT_01,306,2380
2024-08-05,MAT_01,257,2123
2024-08-06,MAT_01,370,7747
2024-08-07,MAT_01,453,7294
2024-08-08,MAT_01,405,6889
2024-08-09,MAT_01,325,6564
2024-08-10,MAT_01,278,6286
2024-08-11,MAT_01,320,5966
2024-08-12,MAT_01,323,5643
2024-08-13,MAT_01,313,5330
2024-08-14,MAT_01,390,4940
2024-08-15,MAT_01,372,4568
2024-08-16,MAT_01,348,4220
2024-08-17,MAT_01,212,4008
2024-08-18,MAT_01,275,3733
2024-08-19,MAT_01,323,3410
2024-08-20,MAT_01,327,3083
2024-08-21,MAT_01,401,2682
2024-08-22,MAT_01,378,2304
2024-08-23,MAT_01,284,2020
2024-08-24,MAT_01,344,1676
2024-08-25,MAT_01,259,1417
2024-08-26,MAT_01,300,1117
2024-08-27,MAT_01,345,772
2024-08-28,MAT_01,342,6424
2024-08-29,MAT_01,319,6105
2024-08-30,MAT_01,231,5874
2024-08-31,MAT_01,247,5627
2024-09-01,MAT_01,268,5359
2024-09-02,MAT_01,220,5139
2024-09-03,MAT_01,354,4785
2024-09-04,MAT_01,370,4415
2024-09-05,MAT_01,356,4059
2024-09-06,MAT_01,331,3728
2024-09-07,MAT_01,284,3444
2024-09-08,MAT_01,236,3208
2024-09-09,MAT_01,277,2931
2024-09-10,MAT_01,376,2555
2024-09-11,MAT_01,342,2213
2024-09-12,MAT_01,282,7925
2024-09-13,MAT_01,373,7552
2024-09-14,MAT_01,233,7319
2024-09-15,MAT_01,231,7088
2024-09-16,MAT_01,215,6873
2024-09-17,MAT_01,383,6490
2024-09-18,MAT_01,321,6169
2024-09-19,MAT_01,329,5840
2024-09-20,MAT_01,314,5526
2024-09-21,MAT_01,204,5322
2024-09-22,MAT_01,257,5065
2024-09-23,MAT_01,362,4703
2024-09-24,MAT_01,249,4454
2024-09-25,MAT_01,326,4128
2024-09-26,MAT_01,290,3838
2024-09-27,MAT_01,266,3572
2024-09-28,MAT_01,239,3333
2024-09-29,MAT_01,210,3123
2024-09-30,MAT_01,274,2849
2024-10-01,MAT_01,316,2533
2024-10-02,MAT_01,344,8183
2024-10-03,MAT_01,335,7848
2024-10-04,MAT_01,310,7538
2024-10-05,MAT_01,284,7254
2024-10-06,MAT_01,279,6975
2024-10-07,MAT_01,265,6710
2024-10-08,MAT_01,347,6363
2024-10-09,MAT_01,454,5909
2024-10-10,MAT_01,368,5541
2024-10-11,MAT_01,258,5283
2024-10-12,MAT_01,306,4977
2024-10-13,MAT_01,240,4737
2024-10-14,MAT_01,276,4461
2024-10-15,MAT_01,405,4056
2024-10-16,MAT_01,309,3747
2024-10-17,MAT_01,253,3494
2024-10-18,MAT_01,316,3178
2024-10-19,MAT_01,247,2931
2024-10-20,MAT_01,263,2668
2024-10-21,MAT_01,291,2377
2024-10-22,MAT_01,344,8027
2024-10-23,MAT_01,347,7680
2024-10-24,MAT_01,309,7371
2024-10-25,MAT_01,267,7104
2024-10-26,MAT_01,234,6870
2024-10-27,MAT_01,230,6640
2024-10-28,MAT_01,289,6351
2024-10-29,MAT_01,258,6093
2024-10-30,MAT_01,398,5695
2024-10-31,MAT_01,355,5340
2024-11-01,MAT_01,284,5056
2024-11-02,MAT_01,266,4790
2024-11-03,MAT_01,280,4510
2024-11-04,MAT_01,288,4222
2024-11-05,MAT_01,343,3879
2024-11-06,MAT_01,398,3481
2024-11-07,MAT_01,354,3127
2024-11-08,MAT_01,376,2751
2024-11-09,MAT_01,328,2423
2024-11-10,MAT_01,313,2110
2024-11-11,MAT_01,293,1817
2024-11-12,MAT_01,349,7462
2024-11-13,MAT_01,345,7117
2024-11-14,MAT_01,365,6752
2024-11-15,MAT_01,193,6559
2024-11-16,MAT_01,253,6306
2024-11-17,MAT_01,272,6034
2024-11-18,MAT_01,271,5763
2024-11-19,MAT_01,412,5351
2024-11-20,MAT_01,348,5003
2024-11-21,MAT_01,373,4630
2024-11-22,MAT_01,423,4207
2024-11-23,MAT_01,216,3991
2024-11-24,MAT_01,287,3704
2024-11-25,MAT_01,325,3379
2024-11-26,MAT_01,366,3013
2024-11-27,MAT_01,433,2580
2024-11-28,MAT_01,416,2164
2024-11-29,MAT_01,352,1812
2024-11-30,MAT_01,261,7545
2024-12-01,MAT_01,401,7144
2024-12-02,MAT_01,281,6863
2024-12-03,MAT_01,359,6504
2024-12-04,MAT_01,420,6084
2024-12-05,MAT_01,386,5698
2024-12-06,MAT_01,351,5347
2024-12-07,MAT_01,364,4983
2024-12-08,MAT_01,309,4674
2024-12-09,MAT_01,367,4307
2024-12-10,MAT_01,387,3920
2024-12-11,MAT_01,448,3472
2024-12-12,MAT_01,381,3091
2024-12-13,MAT_01,330,2761
2024-12-14,MAT_01,334,2427
2024-12-15,MAT_01,367,2060
2024-12-16,MAT_01,286,1774
2024-12-17,MAT_01,437,7331
2024-12-18,MAT_01,425,6906
2024-12-19,MAT_01,443,6463
2024-12-20,MAT_01,345,6118
2024-12-21,MAT_01,376,5742
2024-12-22,MAT_01,310,5432
2024-12-23,MAT_01,297,5135
2024-12-24,MAT_01,477,4658
2024-12-25,MAT_01,414,4244
2024-12-26,MAT_01,354,3890
2024-12-27,MAT_01,367,3523
2024-12-28,MAT_01,326,3197
2024-12-29,MAT_01,382,2815
2024-12-30,MAT_01,434,2381
2024-12-31,MAT_01,450,1931
2025-01-01,MAT_01,424,1507
2025-01-02,MAT_01,441,7060
2025-01-03,MAT_01,385,6675
2025-01-04,MAT_01,371,6304
2025-01-05,MAT_01,326,5978
2025-01-06,MAT_01,394,5584
2025-01-07,MAT_01,479,5105
2025-01-08,MAT_01,1526,3579
2025-01-09,MAT_01,1404,2175
2025-01-10,MAT_01,1153,1022
2025-01-11,MAT_01,996,26
2025-01-12,MAT_01,1139,0
2025-01-13,MAT_01,1107,0
2025-01-14,MAT_01,1281,0
2025-01-15,MAT_01,544,5450
2025-01-16,MAT_01,469,4981
2025-01-17,MAT_01,389,4592
2025-01-18,MAT_01,405,4187
2025-01-19,MAT_01,436,3751
2025-01-20,MAT_01,416,3335
2025-01-21,MAT_01,465,2870
2025-01-22,MAT_01,473,2397
2025-01-23,MAT_01,503,1894
2025-01-24,MAT_01,453,1441
2025-01-25,MAT_01,438,6997
2025-01-26,MAT_01,436,6561
2025-01-27,MAT_01,379,6182
2025-01-28,MAT_01,504,5678
2025-01-29,MAT_01,464,5214
2025-01-30,MAT_01,454,4760
2025-01-31,MAT_01,431,4329
2025-02-01,MAT_01,427,3902
2025-02-02,MAT_01,371,3531
2025-02-03,MAT_01,362,3169
2025-02-04,MAT_01,510,2659
2025-02-05,MAT_01,622,2037
2025-02-06,MAT_01,477,1560
2025-02-07,MAT_01,436,1124
2025-02-08,MAT_01,475,6643
2025-02-09,MAT_01,440,6203
2025-02-10,MAT_01,473,5730
2025-02-11,MAT_01,530,5200
2025-02-12,MAT_01,535,4665
2025-02-13,MAT_01,449,4216
2025-02-14,MAT_01,390,3826
2025-02-15,MAT_01,488,3338
2025-02-16,MAT_01,432,2906
2025-02-17,MAT_01,477,2429
2025-02-18,MAT_01,518,1911
2025-02-19,MAT_01,565,1346
2025-02-20,MAT_01,604,742
2025-02-21,MAT_01,473,6263
2025-02-22,MAT_01,397,5866
2025-02-23,MAT_01,427,5439
2025-02-24,MAT_01,524,4915
2025-02-25,MAT_01,505,4410
2025-02-26,MAT_01,575,3835
2025-02-27,MAT_01,417,3418
2025-02-28,MAT_01,449,2969
2025-03-01,MAT_01,452,2517
2025-03-02,MAT_01,490,2027
2025-03-03,MAT_01,454,1573
2025-03-04,MAT_01,475,1098
2025-03-05,MAT_01,537,6555
2025-03-06,MAT_01,471,6084
2025-03-07,MAT_01,458,5626
2025-03-08,MAT_01,432,5194
2025-03-09,MAT_01,392,4802
2025-03-10,MAT_01,524,4278
2025-03-11,MAT_01,534,3744
2025-03-12,MAT_01,595,3149
2025-03-13,MAT_01,446,2703
2025-03-14,MAT_01,428,2275
2025-03-15,MAT_01,457,1818
2025-03-16,MAT_01,417,1401
2025-03-17,MAT_01,490,911
2025-03-18,MAT_01,543,6362
2025-03-19,MAT_01,562,5800
2025-03-20,MAT_01,496,5304
2025-03-21,MAT_01,478,4826
2025-03-22,MAT_01,408,4418
2025-03-23,MAT_01,478,3940
2025-03-24,MAT_01,494,3446
2025-03-25,MAT_01,552,2894
2025-03-26,MAT_01,660,2234
2025-03-27,MAT_01,481,1753
2025-03-28,MAT_01,529,1224
2025-03-29,MAT_01,335,889
2025-03-30,MAT_01,370,6513
2025-03-31,MAT_01,450,6063
2025-04-01,MAT_01,499,5564
2025-04-02,MAT_01,566,4998
2025-04-03,MAT_01,537,4461
2025-04-04,MAT_01,463,3998
2025-04-05,MAT_01,435,3563
2025-04-06,MAT_01,473,3090
2025-04-07,MAT_01,532,2558
2025-04-08,MAT_01,493,2065
2025-04-09,MAT_01,543,1522
2025-04-10,MAT_01,522,1000
2025-04-11,MAT_01,492,6502
2025-04-12,MAT_01,409,6093
2025-04-13,MAT_01,447,5646
2025-04-14,MAT_01,498,5148
2025-04-15,MAT_01,515,4633
2025-04-16,MAT_01,526,4107
2025-04-17,MAT_01,526,3581
2025-04-18,MAT_01,464,3117
2025-04-19,MAT_01,456,2661
2025-04-20,MAT_01,405,2256
2025-04-21,MAT_01,480,1776
2025-04-22,MAT_01,531,1245
2025-04-23,MAT_01,584,6655
2025-04-24,MAT_01,480,6175
2025-04-25,MAT_01,475,5700
2025-04-26,MAT_01,442,5258
2025-04-27,MAT_01,509,4749
2025-04-28,MAT_01,449,4300
2025-04-29,MAT_01,509,3791
2025-04-30,MAT_01,509,3282
2025-05-01,MAT_01,446,2836
2025-05-02,MAT_01,530,2306
2025-05-03,MAT_01,950,1356
2025-05-04,MAT_01,1020,336
2025-05-05,MAT_01,1351,0
2025-05-06,MAT_01,1157,4837
2025-05-07,MAT_01,1437,3400
2025-05-08,MAT_01,1134,2266
2025-05-09,MAT_01,1268,998
2025-05-10,MAT_01,840,158
2025-05-11,MAT_01,360,0
2025-05-12,MAT_01,454,0
2025-05-13,MAT_01,561,0
2025-05-14,MAT_01,531,0
2025-05-15,MAT_01,485,0
2025-05-16,MAT_01,499,0
2025-05-17,MAT_01,498,0
2025-05-18,MAT_01,449,0
2025-05-19,MAT_01,443,0
2025-05-20,MAT_01,497,0
2025-05-21,MAT_01,472,0
2025-05-22,MAT_01,494,5500
2025-05-23,MAT_01,371,5129
2025-05-24,MAT_01,425,4704
2025-05-25,MAT_01,493,4211
2025-05-26,MAT_01,487,3724
2025-05-27,MAT_01,485,3239
2025-05-28,MAT_01,535,2704
2025-05-29,MAT_01,545,2159
2025-05-30,MAT_01,489,1670
2025-05-31,MAT_01,353,1317
2025-06-01,MAT_01,423,894
2025-06-02,MAT_01,442,6446
2025-06-03,MAT_01,526,5920
2025-06-04,MAT_01,519,5401
2025-06-05,MAT_01,375,5026
2025-06-06,MAT_01,402,4624
2025-06-07,MAT_01,390,4234
2025-06-08,MAT_01,335,3899
2025-06-09,MAT_01,461,3438
2025-06-10,MAT_01,422,3016
2025-06-11,MAT_01,461,2555
2025-06-12,MAT_01,512,2043
2025-06-13,MAT_01,370,1673
2025-06-14,MAT_01,394,1279
2025-06-15,MAT_01,311,6962
2025-06-16,MAT_01,509,6453
2025-06-17,MAT_01,459,5994
2025-06-18,MAT_01,485,5509
2025-06-19,MAT_01,454,5055
2025-06-20,MAT_01,418,4637
2025-06-21,MAT_01,298,4339
2025-06-22,MAT_01,369,3970
2025-06-23,MAT_01,388,3582
2025-06-24,MAT_01,392,3190
2025-06-25,MAT_01,509,2681
2025-06-26,MAT_01,421,2260
2025-06-27,MAT_01,391,1869
2025-06-28,MAT_01,354,1515
2025-06-29,MAT_01,344,7165
2025-06-30,MAT_01,481,6684
2025-07-01,MAT_01,445,6239
2025-07-02,MAT_01,395,5844
2025-07-03,MAT_01,407,5437
2025-07-04,MAT_01,389,5048
2025-07-05,MAT_01,356,4692
2025-07-06,MAT_01,302,4390
2025-07-07,MAT_01,427,3963
2025-07-08,MAT_01,365,3598
2025-07-09,MAT_01,491,3107
2025-07-10,MAT_01,358,2749
2025-07-11,MAT_01,348,2401
2025-07-12,MAT_01,366,2035
2025-07-13,MAT_01,338,1697
2025-07-14,MAT_01,411,7280
2025-07-15,MAT_01,448,6832
2025-07-16,MAT_01,485,6347
2025-07-17,MAT_01,442,5905
2025-07-18,MAT_01,327,5578
2025-07-19,MAT_01,337,5241
2025-07-20,MAT_01,260,4981
2025-07-21,MAT_01,364,4617
2025-07-22,MAT_01,445,4172
2025-07-23,MAT_01,427,3745
2025-07-24,MAT_01,406,3339
2025-07-25,MAT_01,326,3013
2025-07-26,MAT_01,345,2668
2025-07-27,MAT_01,307,2361
2025-07-28,MAT_01,337,2024
2025-07-29,MAT_01,436,7582
2025-07-30,MAT_01,355,7227
2025-07-31,MAT_01,397,6830
2025-08-01,MAT_01,282,6548
2025-08-02,MAT_01,341,6207
2025-08-03,MAT_01,289,5918
2025-08-04,MAT_01,351,5567
2025-08-05,MAT_01,407,5160
2025-08-06,MAT_01,324,4836
2025-08-07,MAT_01,341,4495
2025-08-08,MAT_01,355,4140
2025-08-09,MAT_01,314,3826
2025-08-10,MAT_01,301,3525
2025-08-11,MAT_01,282,3243
2025-08-12,MAT_01,404,2839
2025-08-13,MAT_01,420,2419
2025-08-14,MAT_01,360,2059
2025-08-15,MAT_01,353,7700
2025-08-16,MAT_01,243,7457
2025-08-17,MAT_01,261,7196
2025-08-18,MAT_01,227,6969
2025-08-19,MAT_01,409,6560
2025-08-20,MAT_01,395,6165
2025-08-21,MAT_01,282,5883
2025-08-22,MAT_01,226,5657
2025-08-23,MAT_01,228,5429
2025-08-24,MAT_01,305,5124
2025-08-25,MAT_01,307,4817
2025-08-26,MAT_01,333,4484
2025-08-27,MAT_01,335,4149
2025-08-28,MAT_01,300,3849
2025-08-29,MAT_01,212,3637
2025-08-30,MAT_01,208,3429
2025-08-31,MAT_01,224,3205
2025-09-01,MAT_01,340,2865
2025-09-02,MAT_01,352,2513
2025-09-03,MAT_01,336,8171
2025-09-04,MAT_01,428,7743
2025-09-05,MAT_01,257,7486
2025-09-06,MAT_01,297,7189
2025-09-07,MAT_01,326,6863
2025-09-08,MAT_01,245,6618
2025-09-09,MAT_01,356,6262
2025-09-10,MAT_01,344,5918
2025-09-11,MAT_01,308,5610
2025-09-12,MAT_01,301,5309
2025-09-13,MAT_01,221,5088
2025-09-14,MAT_01,237,4851
2025-09-15,MAT_01,297,4554
2025-09-16,MAT_01,335,4219
2025-09-17,MAT_01,314,3905
2025-09-18,MAT_01,360,3545
2025-09-19,MAT_01,318,3227
2025-09-20,MAT_01,257,2970
2025-09-21,MAT_01,239,2731
2025-09-22,MAT_01,273,2458
2025-09-23,MAT_01,319,2139
2025-09-24,MAT_01,453,7680
2025-09-25,MAT_01,364,7316
2025-09-26,MAT_01,240,7076
2025-09-27,MAT_01,248,6828
2025-09-28,MAT_01,238,6590
2025-09-29,MAT_01,323,6267
2025-09-30,MAT_01,368,5899
2025-10-01,MAT_01,401,5498
2025-10-02,MAT_01,292,5206
2025-10-03,MAT_01,278,4928
2025-10-04,MAT_01,172,4756
2025-10-05,MAT_01,203,4553
2025-10-06,MAT_01,335,4218
2025-10-07,MAT_01,309,3909
2025-10-08,MAT_01,325,3584
2025-10-09,MAT_01,326,3258
2025-10-10,MAT_01,303,2955
2025-10-11,MAT_01,200,2755
2025-10-12,MAT_01,116,2639
2025-10-13,MAT_01,267,2372
2025-10-14,MAT_01,397,7969
2025-10-15,MAT_01,375,7594
2025-10-16,MAT_01,382,7212
2025-10-17,MAT_01,232,6980
2025-10-18,MAT_01,180,6800
2025-10-19,MAT_01,276,6524
2025-10-20,MAT_01,315,6209
2025-10-21,MAT_01,365,5844
2025-10-22,MAT_01,402,5442
2025-10-23,MAT_01,350,5092
2025-10-24,MAT_01,298,4794
2025-10-25,MAT_01,278,4516
2025-10-26,MAT_01,282,4234
2025-10-27,MAT_01,344,3890
2025-10-28,MAT_01,398,3492
2025-10-29,MAT_01,431,3061
2025-10-30,MAT_01,312,2749
2025-10-31,MAT_01,306,2443
2025-11-01,MAT_01,241,2202
2025-11-02,MAT_01,235,1967
2025-11-03,MAT_01,288,7673
2025-11-04,MAT_01,383,7290
2025-11-05,MAT_01,393,6897
2025-11-06,MAT_01,361,6536
2025-11-07,MAT_01,285,6251
2025-11-08,MAT_01,262,5989
2025-11-09,MAT_01,307,5682
2025-11-10,MAT_01,263,5419
2025-11-11,MAT_01,372,5047
2025-11-12,MAT_01,387,4660
2025-11-13,MAT_01,382,4278
2025-11-14,MAT_01,247,4031
2025-11-15,MAT_01,330,3701
2025-11-16,MAT_01,291,3410
2025-11-17,MAT_01,342,3068
2025-11-18,MAT_01,363,2705
2025-11-19,MAT_01,413,2292
2025-11-20,MAT_01,363,1929
2025-11-21,MAT_01,358,7565
2025-11-22,MAT_01,221,7344
2025-11-23,MAT_01,299,7045
2025-11-24,MAT_01,651,6394
2025-11-25,MAT_01,695,5699
2025-11-26,MAT_01,703,4996
2025-11-27,MAT_01,649,4347
2025-11-28,MAT_01,596,3751
2025-11-29,MAT_01,395,3356
2025-11-30,MAT_01,341,3015
2025-12-01,MAT_01,331,2684
2025-12-02,MAT_01,404,2280
2025-12-03,MAT_01,426,1854
2025-12-04,MAT_01,360,1494
2025-12-05,MAT_01,325,7163
2025-12-06,MAT_01,218,6945
2025-12-07,MAT_01,342,6603
2025-12-08,MAT_01,404,6199
2025-12-09,MAT_01,342,5857
2025-12-10,MAT_01,406,5451
2025-12-11,MAT_01,343,5108
2025-12-12,MAT_01,334,4774
2025-12-13,MAT_01,337,4437
2025-12-14,MAT_01,363,4074
2025-12-15,MAT_01,417,3657
2025-12-16,MAT_01,473,3184
2025-12-17,MAT_01,425,2759
2025-12-18,MAT_01,358,2401
2025-12-19,MAT_01,349,2052
2025-12-20,MAT_01,348,1704
2025-12-21,MAT_01,287,7411
2025-12-22,MAT_01,451,6960
2025-12-23,MAT_01,469,6491
2025-12-24,MAT_01,438,6053
2025-12-25,MAT_01,387,5666
2025-12-26,MAT_01,338,5328
2025-12-27,MAT_01,337,4991
2025-12-28,MAT_01,338,4653
2025-12-29,MAT_01,434,4219
2025-12-30,MAT_01,431,3788
2024-01-01,MAT_02,468,4210
2024-01-02,MAT_02,498,3712
2024-01-03,MAT_02,527,3185
2024-01-04,MAT_02,470,2715
2024-01-05,MAT_02,456,2259
2024-01-06,MAT_02,422,1837
2024-01-07,MAT_02,425,1412
2024-01-08,MAT_02,486,926
2024-01-09,MAT_02,471,7138
2024-01-10,MAT_02,542,6596
2024-01-11,MAT_02,549,6047
2024-01-12,MAT_02,459,5588
2024-01-13,MAT_02,357,5231
2024-01-14,MAT_02,416,4815
2024-01-15,MAT_02,489,4326
2024-01-16,MAT_02,493,3833
2024-01-17,MAT_02,480,3353
2024-01-18,MAT_02,493,2860
2024-01-19,MAT_02,418,2442
2024-01-20,MAT_02,416,2026
2024-01-21,MAT_02,360,1666
2024-01-22,MAT_02,510,1156
2024-01-23,MAT_02,511,645
2024-01-24,MAT_02,598,6730
2024-01-25,MAT_02,507,6223
2024-01-26,MAT_02,462,5761
2024-01-27,MAT_02,421,5340
2024-01-28,MAT_02,413,4927
2024-01-29,MAT_02,607,4320
2024-01-30,MAT_02,529,3791
2024-01-31,MAT_02,611,3180
2024-02-01,MAT_02,482,2698
2024-02-02,MAT_02,491,2207
2024-02-03,MAT_02,462,1745
2024-02-04,MAT_02,454,1291
2024-02-05,MAT_02,483,808
2024-02-06,MAT_02,551,6940
2024-02-07,MAT_02,559,6381
2024-02-08,MAT_02,649,5732
2024-02-09,MAT_02,485,5247
2024-02-10,MAT_02,475,4772
2024-02-11,MAT_02,545,4227
2024-02-12,MAT_02,480,3747
2024-02-13,MAT_02,575,3172
2024-02-14,MAT_02,575,2597
2024-02-15,MAT_02,549,2048
2024-02-16,MAT_02,488,1560
2024-02-17,MAT_02,428,1132
2024-02-18,MAT_02,484,648
2024-02-19,MAT_02,481,6850
2024-02-20,MAT_02,626,6224
2024-02-21,MAT_02,624,5600
2024-02-22,MAT_02,539,5061
2024-02-23,MAT_02,485,4576
2024-02-24,MAT_02,482,4094
2024-02-25,MAT_02,448,3646
2024-02-26,MAT_02,618,3028
2024-02-27,MAT_02,606,2422
2024-02-28,MAT_02,622,1800
2024-02-29,MAT_02,600,1200
2024-03-01,MAT_02,486,714
2024-03-02,MAT_02,526,6871
2024-03-03,MAT_02,496,6375
2024-03-04,MAT_02,586,5789
2024-03-05,MAT_02,588,5201
2024-03-06,MAT_02,670,4531
2024-03-07,MAT_02,593,3938
2024-03-08,MAT_02,616,3322
2024-03-09,MAT_02,467,2855
2024-03-10,MAT_02,506,2349
2024-03-11,MAT_02,504,1845
2024-03-12,MAT_02,579,1266
2024-03-13,MAT_02,644,622
2024-03-14,MAT_02,631,6674
2024-03-15,MAT_02,655,6019
2024-03-16,MAT_02,483,5536
2024-03-17,MAT_02,459,5077
2024-03-18,MAT_02,587,4490
2024-03-19,MAT_02,556,3934
2024-03-20,MAT_02,645,3289
2024-03-21,MAT_02,561,2728
2024-03-22,MAT_02,536,2192
2024-03-23,MAT_02,539,1653
2024-03-24,MAT_02,499,1154
2024-03-25,MAT_02,598,556
2024-03-26,MAT_02,647,6592
2024-03-27,MAT_02,539,6053
2024-03-28,MAT_02,545,5508
2024-03-29,MAT_02,850,4658
2024-03-30,MAT_02,1078,3580
2024-03-31,MAT_02,928,2652
2024-04-01,MAT_02,1181,1471
2024-04-02,MAT_02,996,475
2024-04-03,MAT_02,597,0
2024-04-04,MAT_02,621,6062
2024-04-05,MAT_02,536,5526
2024-04-06,MAT_02,515,5011
2024-04-07,MAT_02,448,4563
2024-04-08,MAT_02,618,3945
2024-04-09,MAT_02,643,3302
2024-04-10,MAT_02,639,2663
2024-04-11,MAT_02,554,2109
2024-04-12,MAT_02,540,1569
2024-04-13,MAT_02,477,1092
2024-04-14,MAT_02,428,664
2024-04-15,MAT_02,552,6795
2024-04-16,MAT_02,599,6196
2024-04-17,MAT_02,665,5531
2024-04-18,MAT_02,482,5049
2024-04-19,MAT_02,533,4516
2024-04-20,MAT_02,435,4081
2024-04-21,MAT_02,513,3568
2024-04-22,MAT_02,567,3001
2024-04-23,MAT_02,598,2403
2024-04-24,MAT_02,650,1753
2024-04-25,MAT_02,521,1232
2024-04-26,MAT_02,567,665
2024-04-27,MAT_02,449,6899
2024-04-28,MAT_02,424,6475
2024-04-29,MAT_02,532,5943
2024-04-30,MAT_02,502,5441
2024-05-01,MAT_02,619,4822
2024-05-02,MAT_02,559,4263
2024-05-03,MAT_02,567,3696
2024-05-04,MAT_02,503,3193
2024-05-05,MAT_02,424,2769
2024-05-06,MAT_02,500,2269
2024-05-07,MAT_02,612,1657
2024-05-08,MAT_02,638,1019
2024-05-09,MAT_02,618,401
2024-05-10,MAT_02,558,6526
2024-05-11,MAT_02,463,6063
2024-05-12,MAT_02,495,5568
2024-05-13,MAT_02,587,4981
2024-05-14,MAT_02,567,4414
2024-05-15,MAT_02,609,3805
2024-05-16,MAT_02,540,3265
2024-05-17,MAT_02,471,2794
2024-05-18,MAT_02,460,2334
2024-05-19,MAT_02,439,1895
2024-05-20,MAT_02,514,1381
2024-05-21,MAT_02,525,856
2024-05-22,MAT_02,574,6965
2024-05-23,MAT_02,565,6400
2024-05-24,MAT_02,459,5941
2024-05-25,MAT_02,448,5493
2024-05-26,MAT_02,465,5028
2024-05-27,MAT_02,530,4498
2024-05-28,MAT_02,554,3944
2024-05-29,MAT_02,620,3324
2024-05-30,MAT_02,440,2884
2024-05-31,MAT_02,605,2279
2024-06-01,MAT_02,397,1882
2024-06-02,MAT_02,465,1417
2024-06-03,MAT_02,456,961
2024-06-04,MAT_02,577,7067
2024-06-05,MAT_02,572,6495
2024-06-06,MAT_02,493,6002
2024-06-07,MAT_02,510,5492
2024-06-08,MAT_02,417,5075
2024-06-09,MAT_02,460,4615
2024-06-10,MAT_02,445,4170
2024-06-11,MAT_02,535,3635
2024-06-12,MAT_02,637,2998
2024-06-13,MAT_02,552,2446
2024-06-14,MAT_02,463,1983
2024-06-15,MAT_02,392,1591
2024-06-16,MAT_02,426,1165
2024-06-17,MAT_02,482,7366
2024-06-18,MAT_02,543,6823
2024-06-19,MAT_02,487,6336
2024-06-20,MAT_02,526,5810
2024-06-21,MAT_02,388,5422
2024-06-22,MAT_02,471,4951
2024-06-23,MAT_02,375,4576
2024-06-24,MAT_02,473,4103
2024-06-25,MAT_02,555,3548
2024-06-26,MAT_02,510,3038
2024-06-27,MAT_02,498,2540
2024-06-28,MAT_02,487,2053
2024-06-29,MAT_02,410,1643
2024-06-30,MAT_02,412,1231
2024-07-01,MAT_02,371,860
2024-07-02,MAT_02,455,7088
2024-07-03,MAT_02,554,6534
2024-07-04,MAT_02,495,6039
2024-07-05,MAT_02,442,5597
2024-07-06,MAT_02,400,5197
2024-07-07,MAT_02,440,4757
2024-07-08,MAT_02,421,4336
2024-07-09,MAT_02,489,3847
2024-07-10,MAT_02,449,3398
2024-07-11,MAT_02,399,2999
2024-07-12,MAT_02,323,2676
2024-07-13,MAT_02,319,2357
2024-07-14,MAT_02,439,1918
2024-07-15,MAT_02,351,1567
2024-07-16,MAT_02,457,1110
2024-07-17,MAT_02,424,7369
2024-07-18,MAT_02,417,6952
2024-07-19,MAT_02,391,6561
2024-07-20,MAT_02,314,6247
2024-07-21,MAT_02,405,5842
2024-07-22,MAT_02,475,5367
2024-07-23,MAT_02,357,5010
2024-07-24,MAT_02,438,4572
2024-07-25,MAT_02,433,4139
2024-07-26,MAT_02,421,3718
2024-07-27,MAT_02,313,3405
2024-07-28,MAT_02,343,3062
2024-07-29,MAT_02,343,2719
2024-07-30,MAT_02,377,2342
2024-07-31,MAT_02,521,1821
2024-08-01,MAT_02,337,1484
2024-08-02,MAT_02,463,1021
2024-08-03,MAT_02,354,7350
2024-08-04,MAT_02,363,6987
2024-08-05,MAT_02,409,6578
2024-08-06,MAT_02,423,6155
2024-08-07,MAT_02,1045,5110
2024-08-08,MAT_02,902,4208
2024-08-09,MAT_02,842,3366
2024-08-10,MAT_02,698,2668
2024-08-11,MAT_02,631,2037
2024-08-12,MAT_02,754,1283
2024-08-13,MAT_02,380,903
2024-08-14,MAT_02,478,425
2024-08-15,MAT_02,370,6738
2024-08-16,MAT_02,253,6485
2024-08-17,MAT_02,318,6167
2024-08-18,MAT_02,380,5787
2024-08-19,MAT_02,397,5390
2024-08-20,MAT_02,387,5003
2024-08-21,MAT_02,355,4648
2024-08-22,MAT_02,382,4266
2024-08-23,MAT_02,322,3944
2024-08-24,MAT_02,249,3695
2024-08-25,MAT_02,328,3367
2024-08-26,MAT_02,437,2930
2024-08-27,MAT_02,416,2514
2024-08-28,MAT_02,425,2089
2024-08-29,MAT_02,339,1750
2024-08-30,MAT_02,384,1366
2024-08-31,MAT_02,281,1085
2024-09-01,MAT_02,270,7498
2024-09-02,MAT_02,350,7148
2024-09-03,MAT_02,420,6728
2024-09-04,MAT_02,417,6311
2024-09-05,MAT_02,428,5883
2024-09-06,MAT_02,332,5551
2024-09-07,MAT_02,266,5285
2024-09-08,MAT_02,308,4977
2024-09-09,MAT_02,364,4613
2024-09-10,MAT_02,336,4277
2024-09-11,MAT_02,457,3820
2024-09-12,MAT_02,356,3464
2024-09-13,MAT_02,298,3166
2024-09-14,MAT_02,307,2859
2024-09-15,MAT_02,319,2540
2024-09-16,MAT_02,307,2233
2024-09-17,MAT_02,425,1808
2024-09-18,MAT_02,377,1431
2024-09-19,MAT_02,447,984
2024-09-20,MAT_02,270,7397
2024-09-21,MAT_02,281,7116
2024-09-22,MAT_02,248,6868
2024-09-23,MAT_02,434,6434
2024-09-24,MAT_02,332,6102
2024-09-25,MAT_02,423,5679
2024-09-26,MAT_02,331,5348
2024-09-27,MAT_02,290,5058
2024-09-28,MAT_02,289,4769
2024-09-29,MAT_02,337,4432
2024-09-30,MAT_02,754,3678
2024-10-01,MAT_02,590,3088
2024-10-02,MAT_02,763,2325
2024-10-03,MAT_02,795,1530
2024-10-04,MAT_02,230,1300
2024-10-05,MAT_02,283,1017
2024-10-06,MAT_02,282,735
2024-10-07,MAT_02,353,382
2024-10-08,MAT_02,353,29
2024-10-09,MAT_02,336,0
2024-10-10,MAT_02,279,0
2024-10-11,MAT_02,350,6333
2024-10-12,MAT_02,320,6013
2024-10-13,MAT_02,298,5715
2024-10-14,MAT_02,313,5402
2024-10-15,MAT_02,317,5085
2024-10-16,MAT_02,428,4657
2024-10-17,MAT_02,318,4339
2024-10-18,MAT_02,278,4061
2024-10-19,MAT_02,248,3813
2024-10-20,MAT_02,279,3534
2024-10-21,MAT_02,307,3227
2024-10-22,MAT_02,395,2832
2024-10-23,MAT_02,380,2452
2024-10-24,MAT_02,403,2049
2024-10-25,MAT_02,361,1688
2024-10-26,MAT_02,284,1404
2024-10-27,MAT_02,314,1090
2024-10-28,MAT_02,441,7332
2024-10-29,MAT_02,347,6985
2024-10-30,MAT_02,1050,5935
2024-10-31,MAT_02,1198,4737
2024-11-01,MAT_02,1195,3542
2024-11-02,MAT_02,803,2739
2024-11-03,MAT_02,1104,1635
2024-11-04,MAT_02,1047,588
2024-11-05,MAT_02,1102,0
2024-11-06,MAT_02,376,6307
2024-11-07,MAT_02,413,5894
2024-11-08,MAT_02,288,5606
2024-11-09,MAT_02,297,5309
2024-11-10,MAT_02,378,4931
2024-11-11,MAT_02,347,4584
2024-11-12,MAT_02,473,4111
2024-11-13,MAT_02,375,3736
2024-11-14,MAT_02,370,3366
2024-11-15,MAT_02,275,3091
2024-11-16,MAT_02,306,2785
2024-11-17,MAT_02,352,2433
2024-11-18,MAT_02,374,2059
2024-11-19,MAT_02,479,1580
2024-11-20,MAT_02,405,1175
2024-11-21,MAT_02,414,761
2024-11-22,MAT_02,324,7120
2024-11-23,MAT_02,329,6791
2024-11-24,MAT_02,350,6441
2024-11-25,MAT_02,407,6034
2024-11-26,MAT_02,387,5647
2024-11-27,MAT_02,410,5237
2024-11-28,MAT_02,383,4854
2024-11-29,MAT_02,348,4506
2024-11-30,MAT_02,328,4178
2024-12-01,MAT_02,370,3808
2024-12-02,MAT_02,354,3454
2024-12-03,MAT_02,375,3079
2024-12-04,MAT_02,557,2522
2024-12-05,MAT_02,376,2146
2024-12-06,MAT_02,407,1739
2024-12-07,MAT_02,337,1402
2024-12-08,MAT_02,362,1040
2024-12-09,MAT_02,404,7319
2024-12-10,MAT_02,441,6878
2024-12-11,MAT_02,494,6384
2024-12-12,MAT_02,419,5965
2024-12-13,MAT_02,435,5530
2024-12-14,MAT_02,374,5156
2024-12-15,MAT_02,390,4766
2024-12-16,MAT_02,395,4371
2024-12-17,MAT_02,461,3910
2024-12-18,MAT_02,433,3477
2024-12-19,MAT_02,436,3041
2024-12-20,MAT_02,349,2692
2024-12-21,MAT_02,420,2272
2024-12-22,MAT_02,378,1894
2024-12-23,MAT_02,438,1456
2024-12-24,MAT_02,474,982
2024-12-25,MAT_02,508,7157
2024-12-26,MAT_02,575,6582
2024-12-27,MAT_02,396,6186
2024-12-28,MAT_02,346,5840
2024-12-29,MAT_02,413,5427
2024-12-30,MAT_02,331,5096
2024-12-31,MAT_02,501,4595
2025-01-01,MAT_02,496,4099
2025-01-02,MAT_02,434,3665
2025-01-03,MAT_02,445,3220
2025-01-04,MAT_02,390,2830
2025-01-05,MAT_02,323,2507
2025-01-06,MAT_02,428,2079
2025-01-07,MAT_02,383,1696
2025-01-08,MAT_02,539,1157
2025-01-09,MAT_02,504,653
2025-01-10,MAT_02,400,6936
2025-01-11,MAT_02,425,6511
2025-01-12,MAT_02,359,6152
2025-01-13,MAT_02,427,5725
2025-01-14,MAT_02,543,5182
2025-01-15,MAT_02,508,4674
2025-01-16,MAT_02,502,4172
2025-01-17,MAT_02,424,3748
2025-01-18,MAT_02,396,3352
2025-01-19,MAT_02,413,2939
2025-01-20,MAT_02,452,2487
2025-01-21,MAT_02,551,1936
2025-01-22,MAT_02,524,1412
2025-01-23,MAT_02,518,894
2025-01-24,MAT_02,429,7148
2025-01-25,MAT_02,359,6789
2025-01-26,MAT_02,482,6307
2025-01-27,MAT_02,518,5789
2025-01-28,MAT_02,651,5138
2025-01-29,MAT_02,518,4620
2025-01-30,MAT_02,520,4100
2025-01-31,MAT_02,467,3633
2025-02-01,MAT_02,483,3150
2025-02-02,MAT_02,431,2719
2025-02-03,MAT_02,455,2264
2025-02-04,MAT_02,615,1649
2025-02-05,MAT_02,561,1088
2025-02-06,MAT_02,580,508
2025-02-07,MAT_02,518,6673
2025-02-08,MAT_02,448,6225
2025-02-09,MAT_02,456,5769
2025-02-10,MAT_02,500,5269
2025-02-11,MAT_02,571,4698
2025-02-12,MAT_02,624,4074
2025-02-13,MAT_02,516,3558
2025-02-14,MAT_02,499,3059
2025-02-15,MAT_02,410,2649
2025-02-16,MAT_02,430,2219
2025-02-17,MAT_02,526,1693
2025-02-18,MAT_02,494,1199
2025-02-19,MAT_02,687,512
2025-02-20,MAT_02,507,6688
2025-02-21,MAT_02,502,6186
2025-02-22,MAT_02,521,5665
2025-02-23,MAT_02,444,5221
2025-02-24,MAT_02,433,4788
2025-02-25,MAT_02,569,4219
2025-02-26,MAT_02,564,3655
2025-02-27,MAT_02,467,3188
2025-02-28,MAT_02,524,2664
2025-03-01,MAT_02,485,2179
2025-03-02,MAT_02,541,1638
2025-03-03,MAT_02,493,1145
2025-03-04,MAT_02,525,620
2025-03-05,MAT_02,592,6711
2025-03-06,MAT_02,571,6140
2025-03-07,MAT_02,559,5581
2025-03-08,MAT_02,545,5036
2025-03-09,MAT_02,550,4486
2025-03-10,MAT_02,561,3925
2025-03-11,MAT_02,637,3288
2025-03-12,MAT_02,587,2701
2025-03-13,MAT_02,587,2114
2025-03-14,MAT_02,469,1645
2025-03-15,MAT_02,490,1155
2025-03-16,MAT_02,504,651
2025-03-17,MAT_02,630,6704
2025-03-18,MAT_02,596,6108
2025-03-19,MAT_02,623,5485
2025-03-20,MAT_02,594,4891
2025-03-21,MAT_02,506,4385
2025-03-22,MAT_02,454,3931
2025-03-23,MAT_02,561,3370
2025-03-24,MAT_02,512,2858
2025-03-25,MAT_02,549,2309
2025-03-26,MAT_02,652,1657
2025-03-27,MAT_02,637,1020
2025-03-28,MAT_02,508,512
2025-03-29,MAT_02,472,6723
2025-03-30,MAT_02,517,6206
2025-03-31,MAT_02,525,5681
2025-04-01,MAT_02,574,5107
2025-04-02,MAT_02,661,4446
2025-04-03,MAT_02,613,3833
2025-04-04,MAT_02,586,3247
2025-04-05,MAT_02,436,2811
2025-04-06,MAT_02,482,2329
2025-04-07,MAT_02,569,1760
2025-04-08,MAT_02,567,1193
2025-04-09,MAT_02,650,543
2025-04-10,MAT_02,639,6587
2025-04-11,MAT_02,500,6087
2025-04-12,MAT_02,492,5595
2025-04-13,MAT_02,567,5028
2025-04-14,MAT_02,634,4394
2025-04-15,MAT_02,639,3755
2025-04-16,MAT_02,645,3110
2025-04-17,MAT_02,544,2566
2025-04-18,MAT_02,539,2027
2025-04-19,MAT_02,511,1516
2025-04-20,MAT_02,490,1026
2025-04-21,MAT_02,524,502
2025-04-22,MAT_02,545,6640
2025-04-23,MAT_02,537,6103
2025-04-24,MAT_02,491,5612
2025-04-25,MAT_02,545,5067
2025-04-26,MAT_02,488,4579
2025-04-27,MAT_02,472,4107
2025-04-28,MAT_02,531,3576
2025-04-29,MAT_02,606,2970
2025-04-30,MAT_02,601,2369
2025-05-01,MAT_02,512,1857
2025-05-02,MAT_02,553,1304
2025-05-03,MAT_02,489,815
2025-05-04,MAT_02,499,6999
2025-05-05,MAT_02,576,6423
2025-05-06,MAT_02,554,5869
2025-05-07,MAT_02,656,5213
2025-05-08,MAT_02,558,4655
2025-05-09,MAT_02,545,4110
2025-05-10,MAT_02,501,3609
2025-05-11,MAT_02,433,3176
2025-05-12,MAT_02,553,2623
2025-05-13,MAT_02,596,2027
2025-05-14,MAT_02,595,1432
2025-05-15,MAT_02,552,880
2025-05-16,MAT_02,493,387
2025-05-17,MAT_02,495,6575
2025-05-18,MAT_02,496,6079
2025-05-19,MAT_02,523,5556
2025-05-20,MAT_02,506,5050
2025-05-21,MAT_02,606,4444
2025-05-22,MAT_02,578,3866
2025-05-23,MAT_02,589,3277
2025-05-24,MAT_02,497,2780
2025-05-25,MAT_02,376,2404
2025-05-26,MAT_02,515,1889
2025-05-27,MAT_02,642,1247
2025-05-28,MAT_02,601,646
2025-05-29,MAT_02,550,6779
2025-05-30,MAT_02,516,6263
2025-05-31,MAT_02,410,5853
2025-06-01,MAT_02,470,5383
2025-06-02,MAT_02,489,4894
2025-06-03,MAT_02,549,4345
2025-06-04,MAT_02,598,3747
2025-06-05,MAT_02,482,3265
2025-06-06,MAT_02,521,2744
2025-06-07,MAT_02,407,2337
2025-06-08,MAT_02,449,1888
2025-06-09,MAT_02,425,1463
2025-06-10,MAT_02,570,893
2025-06-11,MAT_02,614,6962
2025-06-12,MAT_02,488,6474
2025-06-13,MAT_02,402,6072
2025-06-14,MAT_02,426,5646
2025-06-15,MAT_02,489,5157
2025-06-16,MAT_02,410,4747
2025-06-17,MAT_02,476,4271
2025-06-18,MAT_02,516,3755
2025-06-19,MAT_02,462,3293
2025-06-20,MAT_02,402,2891
2025-06-21,MAT_02,307,2584
2025-06-22,MAT_02,438,2146
2025-06-23,MAT_02,477,1669
2025-06-24,MAT_02,436,1233
2025-06-25,MAT_02,588,645
2025-06-26,MAT_02,560,6768
2025-06-27,MAT_02,392,6376
2025-06-28,MAT_02,439,5937
2025-06-29,MAT_02,373,5564
2025-06-30,MAT_02,457,5107
2025-07-01,MAT_02,462,4645
2025-07-02,MAT_02,608,4037
2025-07-03,MAT_02,458,3579
2025-07-04,MAT_02,417,3162
2025-07-05,MAT_02,343,2819
2025-07-06,MAT_02,468,2351
2025-07-07,MAT_02,519,1832
2025-07-08,MAT_02,558,1274
2025-07-09,MAT_02,539,735
2025-07-10,MAT_02,430,6988
2025-07-11,MAT_02,435,6553
2025-07-12,MAT_02,360,6193
2025-07-13,MAT_02,430,5763
2025-07-14,MAT_02,471,5292
2025-07-15,MAT_02,443,4849
2025-07-16,MAT_02,525,4324
2025-07-17,MAT_02,476,3848
2025-07-18,MAT_02,262,3586
2025-07-19,MAT_02,383,3203
2025-07-20,MAT_02,339,2864
2025-07-21,MAT_02,369,2495
2025-07-22,MAT_02,422,2073
2025-07-23,MAT_02,464,1609
2025-07-24,MAT_02,454,1155
2025-07-25,MAT_02,312,843
2025-07-26,MAT_02,343,7183
2025-07-27,MAT_02,372,6811
2025-07-28,MAT_02,479,6332
2025-07-29,MAT_02,399,5933
2025-07-30,MAT_02,443,5490
2025-07-31,MAT_02,432,5058
2025-08-01,MAT_02,412,4646
2025-08-02,MAT_02,309,4337
2025-08-03,MAT_02,388,3949
2025-08-04,MAT_02,299,3650
2025-08-05,MAT_02,380,3270
2025-08-06,MAT_02,462,2808
2025-08-07,MAT_02,346,2462
2025-08-08,MAT_02,297,2165
2025-08-09,MAT_02,288,1877
2025-08-10,MAT_02,358,1519
2025-08-11,MAT_02,290,1229
2025-08-12,MAT_02,432,7480
2025-08-13,MAT_02,482,6998
2025-08-14,MAT_02,390,6608
2025-08-15,MAT_02,323,6285
2025-08-16,MAT_02,320,5965
2025-08-17,MAT_02,305,5660
2025-08-18,MAT_02,426,5234
2025-08-19,MAT_02,366,4868
2025-08-20,MAT_02,425,4443
2025-08-21,MAT_02,399,4044
2025-08-22,MAT_02,313,3731
2025-08-23,MAT_02,165,3566
2025-08-24,MAT_02,297,3269
2025-08-25,MAT_02,396,2873
2025-08-26,MAT_02,442,2431
2025-08-27,MAT_02,434,1997
2025-08-28,MAT_02,333,1664
2025-08-29,MAT_02,340,1324
2025-08-30,MAT_02,260,7747
2025-08-31,MAT_02,313,7434
2025-09-01,MAT_02,354,7080
2025-09-02,MAT_02,356,6724
2025-09-03,MAT_02,372,6352
2025-09-04,MAT_02,391,5961
2025-09-05,MAT_02,306,5655
2025-09-06,MAT_02,242,5413
2025-09-07,MAT_02,250,5163
2025-09-08,MAT_02,329,4834
2025-09-09,MAT_02,464,4370
2025-09-10,MAT_02,383,3987
2025-09-11,MAT_02,369,3618
2025-09-12,MAT_02,315,3303
2025-09-13,MAT_02,224,3079
2025-09-14,MAT_02,208,2871
2025-09-15,MAT_02,292,2579
2025-09-16,MAT_02,401,2178
2025-09-17,MAT_02,406,1772
2025-09-18,MAT_02,397,1375
2025-09-19,MAT_02,312,1063
2025-09-20,MAT_02,266,7480
2025-09-21,MAT_02,257,7223
2025-09-22,MAT_02,375,6848
2025-09-23,MAT_02,346,6502
2025-09-24,MAT_02,351,6151
2025-09-25,MAT_02,389,5762
2025-09-26,MAT_02,246,5516
2025-09-27,MAT_02,377,5139
2025-09-28,MAT_02,286,4853
2025-09-29,MAT_02,350,4503
2025-09-30,MAT_02,350,4153
2025-10-01,MAT_02,385,3768
2025-10-02,MAT_02,344,3424
2025-10-03,MAT_02,281,3143
2025-10-04,MAT_02,297,2846
2025-10-05,MAT_02,262,2584
2025-10-06,MAT_02,380,2204
2025-10-07,MAT_02,506,1698
2025-10-08,MAT_02,387,1311
2025-10-09,MAT_02,371,940
2025-10-10,MAT_02,323,7300
2025-10-11,MAT_02,351,6949
2025-10-12,MAT_02,280,6669
2025-10-13,MAT_02,300,6369
2025-10-14,MAT_02,333,6036
2025-10-15,MAT_02,400,5636
2025-10-16,MAT_02,347,5289
2025-10-17,MAT_02,399,4890
2025-10-18,MAT_02,353,4537
2025-10-19,MAT_02,241,4296
2025-10-20,MAT_02,309,3987
2025-10-21,MAT_02,396,3591
2025-10-22,MAT_02,469,3122
2025-10-23,MAT_02,374,2748
2025-10-24,MAT_02,285,2463
2025-10-25,MAT_02,276,2187
2025-10-26,MAT_02,264,1923
2025-10-27,MAT_02,372,1551
2025-10-28,MAT_02,367,1184
2025-10-29,MAT_02,389,7478
2025-10-30,MAT_02,429,7049
2025-10-31,MAT_02,286,6763
2025-11-01,MAT_02,220,6543
2025-11-02,MAT_02,303,6240
2025-11-03,MAT_02,336,5904
2025-11-04,MAT_02,428,5476
2025-11-05,MAT_02,433,5043
2025-11-06,MAT_02,383,4660
2025-11-07,MAT_02,760,3900
2025-11-08,MAT_02,607,3293
2025-11-09,MAT_02,726,2567
2025-11-10,MAT_02,934,1633
2025-11-11,MAT_02,866,767
2025-11-12,MAT_02,1000,0
2025-11-13,MAT_02,1027,5656
2025-11-14,MAT_02,839,4817
2025-11-15,MAT_02,359,4458
2025-11-16,MAT_02,290,4168
2025-11-17,MAT_02,287,3881
2025-11-18,MAT_02,432,3449
2025-11-19,MAT_02,453,2996
2025-11-20,MAT_02,463,2533
2025-11-21,MAT_02,399,2134
2025-11-22,MAT_02,335,1799
2025-11-23,MAT_02,360,1439
2025-11-24,MAT_02,371,1068
2025-11-25,MAT_02,379,7372
2025-11-26,MAT_02,453,6919
2025-11-27,MAT_02,457,6462
2025-11-28,MAT_02,386,6076
2025-11-29,MAT_02,359,5717
2025-11-30,MAT_02,318,5399
2025-12-01,MAT_02,379,5020
2025-12-02,MAT_02,466,4554
2025-12-03,MAT_02,435,4119
2025-12-04,MAT_02,402,3717
2025-12-05,MAT_02,382,3335
2025-12-06,MAT_02,368,2967
2025-12-07,MAT_02,340,2627
2025-12-08,MAT_02,351,2276
2025-12-09,MAT_02,424,1852
2025-12-10,MAT_02,480,1372
2025-12-11,MAT_02,445,927
2025-12-12,MAT_02,392,7218
2025-12-13,MAT_02,370,6848
2025-12-14,MAT_02,361,6487
2025-12-15,MAT_02,427,6060
2025-12-16,MAT_02,467,5593
2025-12-17,MAT_02,535,5058
2025-12-18,MAT_02,514,4544
2025-12-19,MAT_02,341,4203
2025-12-20,MAT_02,348,3855
2025-12-21,MAT_02,376,3479
2025-12-22,MAT_02,416,3063
2025-12-23,MAT_02,562,2501
2025-12-24,MAT_02,507,1994
2025-12-25,MAT_02,427,1567
2025-12-26,MAT_02,434,1133
2025-12-27,MAT_02,385,7431
2025-12-28,MAT_02,401,7030
2025-12-29,MAT_02,522,6508
2025-12-30,MAT_02,512,5996
2024-01-01,MAT_03,284,5865
2024-01-02,MAT_03,271,5594
2024-01-03,MAT_03,333,5261
2024-01-04,MAT_03,354,4907
2024-01-05,MAT_03,276,4631
2024-01-06,MAT_03,191,4440
2024-01-07,MAT_03,251,4189
2024-01-08,MAT_03,331,3858
2024-01-09,MAT_03,353,3505
2024-01-10,MAT_03,322,3183
2024-01-11,MAT_03,308,2875
2024-01-12,MAT_03,276,2599
2024-01-13,MAT_03,246,2353
2024-01-14,MAT_03,215,2138
2024-01-15,MAT_03,333,1805
2024-01-16,MAT_03,383,1422
2024-01-17,MAT_03,311,1111
2024-01-18,MAT_03,369,5134
2024-01-19,MAT_03,293,4841
2024-01-20,MAT_03,309,4532
2024-01-21,MAT_03,284,4248
2024-01-22,MAT_03,323,3925
2024-01-23,MAT_03,365,3560
2024-01-24,MAT_03,341,3219
2024-01-25,MAT_03,376,2843
2024-01-26,MAT_03,271,2572
2024-01-27,MAT_03,270,2302
2024-01-28,MAT_03,307,1995
2024-01-29,MAT_03,312,1683
2024-01-30,MAT_03,385,1298
2024-01-31,MAT_03,412,886
2024-02-01,MAT_03,379,4899
2024-02-02,MAT_03,255,4644
2024-02-03,MAT_03,293,4351
2024-02-04,MAT_03,329,4022
2024-02-05,MAT_03,296,3726
2024-02-06,MAT_03,391,3335
2024-02-07,MAT_03,399,2936
2024-02-08,MAT_03,321,2615
2024-02-09,MAT_03,344,2271
2024-02-10,MAT_03,305,1966
2024-02-11,MAT_03,325,1641
2024-02-12,MAT_03,313,1328
2024-02-13,MAT_03,381,947
2024-02-14,MAT_03,336,5003
2024-02-15,MAT_03,296,4707
2024-02-16,MAT_03,330,4377
2024-02-17,MAT_03,335,4042
2024-02-18,MAT_03,320,3722
2024-02-19,MAT_03,346,3376
2024-02-20,MAT_03,377,2999
2024-02-21,MAT_03,364,2635
2024-02-22,MAT_03,363,2272
2024-02-23,MAT_03,344,1928
2024-02-24,MAT_03,296,1632
2024-02-25,MAT_03,340,1292
2024-02-26,MAT_03,359,933
2024-02-27,MAT_03,397,536
2024-02-28,MAT_03,423,4505
2024-02-29,MAT_03,359,4146
2024-03-01,MAT_03,356,3790
2024-03-02,MAT_03,302,3488
2024-03-03,MAT_03,333,3155
2024-03-04,MAT_03,339,2816
2024-03-05,MAT_03,772,2044
2024-03-06,MAT_03,853,1191
2024-03-07,MAT_03,682,509
2024-03-08,MAT_03,701,0
2024-03-09,MAT_03,270,0
2024-03-10,MAT_03,349,0
2024-03-11,MAT_03,392,4000
2024-03-12,MAT_03,371,3629
2024-03-13,MAT_03,417,3212
2024-03-14,MAT_03,408,2804
2024-03-15,MAT_03,370,2434
2024-03-16,MAT_03,327,2107
2024-03-17,MAT_03,351,1756
2024-03-18,MAT_03,345,1411
2024-03-19,MAT_03,401,1010
2024-03-20,MAT_03,394,616
2024-03-21,MAT_03,362,4646
2024-03-22,MAT_03,347,4299
2024-03-23,MAT_03,332,3967
2024-03-24,MAT_03,365,3602
2024-03-25,MAT_03,373,3229
2024-03-26,MAT_03,419,2810
2024-03-27,MAT_03,428,2382
2024-03-28,MAT_03,464,1918
2024-03-29,MAT_03,294,1624
2024-03-30,MAT_03,303,1321
2024-03-31,MAT_03,375,946
2024-04-01,MAT_03,356,590
2024-04-02,MAT_03,426,4556
2024-04-03,MAT_03,416,4140
2024-04-04,MAT_03,447,3693
2024-04-05,MAT_03,314,3379
2024-04-06,MAT_03,359,3020
2024-04-07,MAT_03,383,2637
2024-04-08,MAT_03,336,2301
2024-04-09,MAT_03,423,1878
2024-04-10,MAT_03,380,1498
2024-04-11,MAT_03,385,1113
2024-04-12,MAT_03,338,775
2024-04-13,MAT_03,251,524
2024-04-14,MAT_03,342,4574
2024-04-15,MAT_03,368,4206
2024-04-16,MAT_03,441,3765
2024-04-17,MAT_03,424,3341
2024-04-18,MAT_03,449,2892
2024-04-19,MAT_03,347,2545
2024-04-20,MAT_03,316,2229
2024-04-21,MAT_03,322,1907
2024-04-22,MAT_03,349,1558
2024-04-23,MAT_03,331,1227
2024-04-24,MAT_03,397,830
2024-04-25,MAT_03,318,4904
2024-04-26,MAT_03,354,4550
2024-04-27,MAT_03,280,4270
2024-04-28,MAT_03,298,3972
2024-04-29,MAT_03,338,3634
2024-04-30,MAT_03,386,3248
2024-05-01,MAT_03,400,2848
2024-05-02,MAT_03,407,2441
2024-05-03,MAT_03,319,2122
2024-05-04,MAT_03,326,1796
2024-05-05,MAT_03,400,1396
2024-05-06,MAT_03,364,1032
2024-05-07,MAT_03,382,650
2024-05-08,MAT_03,372,4670
2024-05-09,MAT_03,364,4306
2024-05-10,MAT_03,305,4001
2024-05-11,MAT_03,315,3686
2024-05-12,MAT_03,317,3369
2024-05-13,MAT_03,285,3084
2024-05-14,MAT_03,381,2703
2024-05-15,MAT_03,421,2282
2024-05-16,MAT_03,353,1929
2024-05-17,MAT_03,306,1623
2024-05-18,MAT_03,260,1363
2024-05-19,MAT_03,254,1109
2024-05-20,MAT_03,366,743
2024-05-21,MAT_03,370,4765
2024-05-22,MAT_03,405,4360
2024-05-23,MAT_03,403,3957
2024-05-24,MAT_03,346,3611
2024-05-25,MAT_03,278,3333
2024-05-26,MAT_03,306,3027
2024-05-27,MAT_03,317,2710
2024-05-28,MAT_03,347,2363
2024-05-29,MAT_03,386,1977
2024-05-30,MAT_03,326,1651
2024-05-31,MAT_03,247,1404
2024-06-01,MAT_03,261,1143
2024-06-02,MAT_03,285,858
2024-06-03,MAT_03,372,4878
2024-06-04,MAT_03,346,4532
2024-06-05,MAT_03,383,4149
2024-06-06,MAT_03,338,3811
2024-06-07,MAT_03,340,3471
2024-06-08,MAT_03,313,3158
2024-06-09,MAT_03,321,2837
2024-06-10,MAT_03,269,2568
2024-06-11,MAT_03,359,2209
2024-06-12,MAT_03,382,1827
2024-06-13,MAT_03,346,1481
2024-06-14,MAT_03,314,1167
2024-06-15,MAT_03,272,895
2024-06-16,MAT_03,256,5031
2024-06-17,MAT_03,261,4770
2024-06-18,MAT_03,325,4445
2024-06-19,MAT_03,430,4015
2024-06-20,MAT_03,312,3703
2024-06-21,MAT_03,230,3473
2024-06-22,MAT_03,283,3190
2024-06-23,MAT_03,294,2896
2024-06-24,MAT_03,340,2556
2024-06-25,MAT_03,349,2207
2024-06-26,MAT_03,367,1840
2024-06-27,MAT_03,371,1469
2024-06-28,MAT_03,256,1213
2024-06-29,MAT_03,226,987
2024-06-30,MAT_03,228,5151
2024-07-01,MAT_03,286,4865
2024-07-02,MAT_03,369,4496
2024-07-03,MAT_03,349,4147
2024-07-04,MAT_03,323,3824
2024-07-05,MAT_03,216,3608
2024-07-06,MAT_03,224,3384
2024-07-07,MAT_03,198,3186
2024-07-08,MAT_03,319,2867
2024-07-09,MAT_03,364,2503
2024-07-10,MAT_03,348,2155
2024-07-11,MAT_03,271,1884
2024-07-12,MAT_03,304,1580
2024-07-13,MAT_03,228,1352
2024-07-14,MAT_03,207,1145
2024-07-15,MAT_03,248,5289
2024-07-16,MAT_03,296,4993
2024-07-17,MAT_03,318,4675
2024-07-18,MAT_03,287,4388
2024-07-19,MAT_03,211,4177
2024-07-20,MAT_03,263,3914
2024-07-21,MAT_03,230,3684
2024-07-22,MAT_03,247,3437
2024-07-23,MAT_03,333,3104
2024-07-24,MAT_03,273,2831
2024-07-25,MAT_03,235,2596
2024-07-26,MAT_03,281,2315
2024-07-27,MAT_03,274,2041
2024-07-28,MAT_03,213,1828
2024-07-29,MAT_03,258,1570
2024-07-30,MAT_03,259,1311
2024-07-31,MAT_03,300,5403
2024-08-01,MAT_03,261,5142
2024-08-02,MAT_03,233,4909
2024-08-03,MAT_03,223,4686
2024-08-04,MAT_03,186,4500
2024-08-05,MAT_03,241,4259
2024-08-06,MAT_03,232,4027
2024-08-07,MAT_03,282,3745
2024-08-08,MAT_03,265,3480
2024-08-09,MAT_03,235,3245
2024-08-10,MAT_03,211,3034
2024-08-11,MAT_03,238,2796
2024-08-12,MAT_03,200,2596
2024-08-13,MAT_03,235,2361
2024-08-14,MAT_03,301,2060
2024-08-15,MAT_03,201,1859
2024-08-16,MAT_03,227,1632
2024-08-17,MAT_03,163,1469
2024-08-18,MAT_03,251,5610
2024-08-19,MAT_03,246,5364
2024-08-20,MAT_03,266,5098
2024-08-21,MAT_03,316,4782
2024-08-22,MAT_03,224,4558
2024-08-23,MAT_03,191,4367
2024-08-24,MAT_03,155,4212
2024-08-25,MAT_03,174,4038
2024-08-26,MAT_03,235,3803
2024-08-27,MAT_03,281,3522
2024-08-28,MAT_03,303,3219
2024-08-29,MAT_03,197,3022
2024-08-30,MAT_03,206,2816
2024-08-31,MAT_03,154,2662
2024-09-01,MAT_03,189,2473
2024-09-02,MAT_03,297,2176
2024-09-03,MAT_03,271,1905
2024-09-04,MAT_03,296,1609
2024-09-05,MAT_03,303,1306
2024-09-06,MAT_03,240,1066
2024-09-07,MAT_03,170,5288
2024-09-08,MAT_03,153,5135
2024-09-09,MAT_03,224,4911
2024-09-10,MAT_03,242,4669
2024-09-11,MAT_03,222,4447
2024-09-12,MAT_03,250,4197
2024-09-13,MAT_03,212,3985
2024-09-14,MAT_03,232,3753
2024-09-15,MAT_03,177,3576
2024-09-16,MAT_03,230,3346
2024-09-17,MAT_03,237,3109
2024-09-18,MAT_03,290,2819
2024-09-19,MAT_03,237,2582
2024-09-20,MAT_03,167,2415
2024-09-21,MAT_03,177,2238
2024-09-22,MAT_03,198,2040
2024-09-23,MAT_03,228,1812
2024-09-24,MAT_03,285,1527
2024-09-25,MAT_03,220,5699
2024-09-26,MAT_03,214,5485
2024-09-27,MAT_03,219,5266
2024-09-28,MAT_03,156,5110
2024-09-29,MAT_03,192,4918
2024-09-30,MAT_03,149,4769
2024-10-01,MAT_03,333,4436
2024-10-02,MAT_03,255,4181
2024-10-03,MAT_03,274,3907
2024-10-04,MAT_03,191,3716
2024-10-05,MAT_03,189,3527
2024-10-06,MAT_03,229,3298
2024-10-07,MAT_03,254,3044
2024-10-08,MAT_03,249,2795
2024-10-09,MAT_03,259,2536
2024-10-10,MAT_03,269,2267
2024-10-11,MAT_03,270,1997
2024-10-12,MAT_03,184,1813
2024-10-13,MAT_03,244,1569
2024-10-14,MAT_03,214,1355
2024-10-15,MAT_03,284,5463
2024-10-16,MAT_03,297,5166
2024-10-17,MAT_03,230,4936
2024-10-18,MAT_03,182,4754
2024-10-19,MAT_03,214,4540
2024-10-20,MAT_03,174,4366
2024-10-21,MAT_03,198,4168
2024-10-22,MAT_03,239,3929
2024-10-23,MAT_03,252,3677
2024-10-24,MAT_03,270,3407
2024-10-25,MAT_03,222,3185
2024-10-26,MAT_03,205,2980
2024-10-27,MAT_03,205,2775
2024-10-28,MAT_03,210,2565
2024-10-29,MAT_03,283,2282
2024-10-30,MAT_03,306,1976
2024-10-31,MAT_03,265,1711
2024-11-01,MAT_03,224,1487
2024-11-02,MAT_03,165,1322
2024-11-03,MAT_03,203,1119
2024-11-04,MAT_03,208,911
2024-11-05,MAT_03,266,645
2024-11-06,MAT_03,228,417
2024-11-07,MAT_03,205,212
2024-11-08,MAT_03,210,2
2024-11-09,MAT_03,177,0
2024-11-10,MAT_03,205,0
2024-11-11,MAT_03,233,0
2024-11-12,MAT_03,273,4119
2024-11-13,MAT_03,300,3819
2024-11-14,MAT_03,245,3574
2024-11-15,MAT_03,215,3359
2024-11-16,MAT_03,241,3118
2024-11-17,MAT_03,208,2910
2024-11-18,MAT_03,238,2672
2024-11-19,MAT_03,281,2391
2024-11-20,MAT_03,283,2108
2024-11-21,MAT_03,245,1863
2024-11-22,MAT_03,199,1664
2024-11-23,MAT_03,183,1481
2024-11-24,MAT_03,241,1240
2024-11-25,MAT_03,232,5400
2024-11-26,MAT_03,281,5119
2024-11-27,MAT_03,316,4803
2024-11-28,MAT_03,264,4539
2024-11-29,MAT_03,254,4285
2024-11-30,MAT_03,168,4117
2024-12-01,MAT_03,218,3899
2024-12-02,MAT_03,260,3639
2024-12-03,MAT_03,294,3345
2024-12-04,MAT_03,254,3091
2024-12-05,MAT_03,315,2776
2024-12-06,MAT_03,218,2558
2024-12-07,MAT_03,230,2328
2024-12-08,MAT_03,230,2098
2024-12-09,MAT_03,295,1803
2024-12-10,MAT_03,365,1438
2024-12-11,MAT_03,273,1165
2024-12-12,MAT_03,269,5288
2024-12-13,MAT_03,257,5031
2024-12-14,MAT_03,197,4834
2024-12-15,MAT_03,261,4573
2024-12-16,MAT_03,299,4274
2024-12-17,MAT_03,326,3948
2024-12-18,MAT_03,326,3622
2024-12-19,MAT_03,337,3285
2024-12-20,MAT_03,226,3059
2024-12-21,MAT_03,239,2820
2024-12-22,MAT_03,226,2594
2024-12-23,MAT_03,309,2285
2024-12-24,MAT_03,265,2020
2024-12-25,MAT_03,327,1693
2024-12-26,MAT_03,315,1378
2024-12-27,MAT_03,241,1137
2024-12-28,MAT_03,228,5301
2024-12-29,MAT_03,256,5045
2024-12-30,MAT_03,320,4725
2024-12-31,MAT_03,297,4428
2025-01-01,MAT_03,312,4116
2025-01-02,MAT_03,347,3769
2025-01-03,MAT_03,270,3499
2025-01-04,MAT_03,232,3267
2025-01-05,MAT_03,286,2981
2025-01-06,MAT_03,286,2695
2025-01-07,MAT_03,366,2329
2025-01-08,MAT_03,326,2003
2025-01-09,MAT_03,319,1684
2025-01-10,MAT_03,314,1370
2025-01-11,MAT_03,257,1113
2025-01-12,MAT_03,296,817
2025-01-13,MAT_03,307,4902
2025-01-14,MAT_03,403,4499
2025-01-15,MAT_03,400,4099
2025-01-16,MAT_03,293,3806
2025-01-17,MAT_03,310,3496
2025-01-18,MAT_03,248,3248
2025-01-19,MAT_03,288,2960
2025-01-20,MAT_03,320,2640
2025-01-21,MAT_03,322,2318
2025-01-22,MAT_03,394,1924
2025-01-23,MAT_03,346,1578
2025-01-24,MAT_03,295,1283
2025-01-25,MAT_03,268,1015
2025-01-26,MAT_03,294,721
2025-01-27,MAT_03,338,4775
2025-01-28,MAT_03,357,4418
2025-01-29,MAT_03,288,4130
2025-01-30,MAT_03,349,3781
2025-01-31,MAT_03,269,3512
2025-02-01,MAT_03,282,3230
2025-02-02,MAT_03,257,2973
2025-02-03,MAT_03,292,2681
2025-02-04,MAT_03,405,2276
2025-02-05,MAT_03,369,1907
2025-02-06,MAT_03,344,1563
2025-02-07,MAT_03,332,1231
2025-02-08,MAT_03,285,946
2025-02-09,MAT_03,367,579
2025-02-10,MAT_03,332,4639
2025-02-11,MAT_03,386,4253
2025-02-12,MAT_03,413,3840
2025-02-13,MAT_03,409,3431
2025-02-14,MAT_03,303,3128
2025-02-15,MAT_03,290,2838
2025-02-16,MAT_03,349,2489
2025-02-17,MAT_03,370,2119
2025-02-18,MAT_03,413,1706
2025-02-19,MAT_03,351,1355
2025-02-20,MAT_03,414,941
2025-02-21,MAT_03,713,228
2025-02-22,MAT_03,724,3896
2025-02-23,MAT_03,723,3173
2025-02-24,MAT_03,754,2419
2025-02-25,MAT_03,799,1620
2025-02-26,MAT_03,345,1275
2025-02-27,MAT_03,377,898
2025-02-28,MAT_03,291,607
2025-03-01,MAT_03,280,327
2025-03-02,MAT_03,316,4403
2025-03-03,MAT_03,280,4123
2025-03-04,MAT_03,415,3708
2025-03-05,MAT_03,330,3378
2025-03-06,MAT_03,375,3003
2025-03-07,MAT_03,341,2662
2025-03-08,MAT_03,333,2329
2025-03-09,MAT_03,325,2004
2025-03-10,MAT_03,420,1584
2025-03-11,MAT_03,402,1182
2025-03-12,MAT_03,435,747
2025-03-13,MAT_03,360,387
2025-03-14,MAT_03,347,4432
2025-03-15,MAT_03,365,4067
2025-03-16,MAT_03,322,3745
2025-03-17,MAT_03,369,3376
2025-03-18,MAT_03,427,2949
2025-03-19,MAT_03,385,2564
2025-03-20,MAT_03,320,2244
2025-03-21,MAT_03,353,1891
2025-03-22,MAT_03,351,1540
2025-03-23,MAT_03,291,1249
2025-03-24,MAT_03,385,864
2025-03-25,MAT_03,420,4836
2025-03-26,MAT_03,342,4494
2025-03-27,MAT_03,357,4137
2025-03-28,MAT_03,335,3802
2025-03-29,MAT_03,318,3484
2025-03-30,MAT_03,310,3174
2025-03-31,MAT_03,343,2831
2025-04-01,MAT_03,449,2382
2025-04-02,MAT_03,1136,1246
2025-04-03,MAT_03,1021,225
2025-04-04,MAT_03,968,0
2025-04-05,MAT_03,949,0
2025-04-06,MAT_03,932,0
2025-04-07,MAT_03,1007,3385
2025-04-08,MAT_03,1066,2319
2025-04-09,MAT_03,1089,1230
2025-04-10,MAT_03,367,863
2025-04-11,MAT_03,356,507
2025-04-12,MAT_03,293,214
2025-04-13,MAT_03,342,0
2025-04-14,MAT_03,406,3986
2025-04-15,MAT_03,408,3578
2025-04-16,MAT_03,396,3182
2025-04-17,MAT_03,344,2838
2025-04-18,MAT_03,390,2448
2025-04-19,MAT_03,286,2162
2025-04-20,MAT_03,353,1809
2025-04-21,MAT_03,381,1428
2025-04-22,MAT_03,389,1039
2025-04-23,MAT_03,396,643
2025-04-24,MAT_03,326,4709
2025-04-25,MAT_03,351,4358
2025-04-26,MAT_03,335,4023
2025-04-27,MAT_03,293,3730
2025-04-28,MAT_03,354,3376
2025-04-29,MAT_03,393,2983
2025-04-30,MAT_03,417,2566
2025-05-01,MAT_03,376,2190
2025-05-02,MAT_03,289,1901
2025-05-03,MAT_03,297,1604
2025-05-04,MAT_03,327,1277
2025-05-05,MAT_03,379,898
2025-05-06,MAT_03,370,4920
2025-05-07,MAT_03,459,4461
2025-05-08,MAT_03,315,4146
2025-05-09,MAT_03,316,3830
2025-05-10,MAT_03,305,3525
2025-05-11,MAT_03,309,3216
2025-05-12,MAT_03,313,2903
2025-05-13,MAT_03,395,2508
2025-05-14,MAT_03,401,2107
2025-05-15,MAT_03,367,1740
2025-05-16,MAT_03,336,1404
2025-05-17,MAT_03,289,1115
2025-05-18,MAT_03,262,853
2025-05-19,MAT_03,322,4923
2025-05-20,MAT_03,381,4542
2025-05-21,MAT_03,1060,3482
2025-05-22,MAT_03,983,2499
2025-05-23,MAT_03,917,1582
2025-05-24,MAT_03,759,823
2025-05-25,MAT_03,828,0
2025-05-26,MAT_03,353,0
2025-05-27,MAT_03,367,0
2025-05-28,MAT_03,340,4052
2025-05-29,MAT_03,324,3728
2025-05-30,MAT_03,337,3391
2025-05-31,MAT_03,329,3062
2025-06-01,MAT_03,330,2732
2025-06-02,MAT_03,335,2397
2025-06-03,MAT_03,326,2071
2025-06-04,MAT_03,369,1702
2025-06-05,MAT_03,390,1312
2025-06-06,MAT_03,323,989
2025-06-07,MAT_03,274,715
2025-06-08,MAT_03,306,4801
2025-06-09,MAT_03,283,4518
2025-06-10,MAT_03,333,4185
2025-06-11,MAT_03,329,3856
2025-06-12,MAT_03,350,3506
2025-06-13,MAT_03,318,3188
2025-06-14,MAT_03,267,2921
2025-06-15,MAT_03,253,2668
2025-06-16,MAT_03,312,2356
2025-06-17,MAT_03,331,2025
2025-06-18,MAT_03,329,1696
2025-06-19,MAT_03,337,1359
2025-06-20,MAT_03,266,1093
2025-06-21,MAT_03,217,876
2025-06-22,MAT_03,231,5037
2025-06-23,MAT_03,257,4780
2025-06-24,MAT_03,344,4436
2025-06-25,MAT_03,348,4088
2025-06-26,MAT_03,322,3766
2025-06-27,MAT_03,297,3469
2025-06-28,MAT_03,289,3180
2025-06-29,MAT_03,244,2936
2025-06-30,MAT_03,307,2629
2025-07-01,MAT_03,282,2347
2025-07-02,MAT_03,375,1972
2025-07-03,MAT_03,274,1698
2025-07-04,MAT_03,250,1448
2025-07-05,MAT_03,228,1220
2025-07-06,MAT_03,208,5404
2025-07-07,MAT_03,287,5117
2025-07-08,MAT_03,325,4792
2025-07-09,MAT_03,321,4471
2025-07-10,MAT_03,256,4215
2025-07-11,MAT_03,320,3895
2025-07-12,MAT_03,253,3642
2025-07-13,MAT_03,321,3321
2025-07-14,MAT_03,254,3067
2025-07-15,MAT_03,338,2729
2025-07-16,MAT_03,340,2389
2025-07-17,MAT_03,284,2105
2025-07-18,MAT_03,295,1810
2025-07-19,MAT_03,216,1594
2025-07-20,MAT_03,225,1369
2025-07-21,MAT_03,167,1202
2025-07-22,MAT_03,314,5280
2025-07-23,MAT_03,270,5010
2025-07-24,MAT_03,268,4742
2025-07-25,MAT_03,215,4527
2025-07-26,MAT_03,209,4318
2025-07-27,MAT_03,240,4078
2025-07-28,MAT_03,261,3817
2025-07-29,MAT_03,315,3502
2025-07-30,MAT_03,338,3164
2025-07-31,MAT_03,265,2899
2025-08-01,MAT_03,223,2676
2025-08-02,MAT_03,240,2436
2025-08-03,MAT_03,250,2186
2025-08-04,MAT_03,275,1911
2025-08-05,MAT_03,258,1653
2025-08-06,MAT_03,306,1347
2025-08-07,MAT_03,272,1075
2025-08-08,MAT_03,261,5206
2025-08-09,MAT_03,188,5018
2025-08-10,MAT_03,164,4854
2025-08-11,MAT_03,266,4588
2025-08-12,MAT_03,204,4384
2025-08-13,MAT_03,265,4119
2025-08-14,MAT_03,232,3887
2025-08-15,MAT_03,193,3694
2025-08-16,MAT_03,176,3518
2025-08-17,MAT_03,242,3276
2025-08-18,MAT_03,654,2622
2025-08-19,MAT_03,659,1963
2025-08-20,MAT_03,778,1185
2025-08-21,MAT_03,558,627
2025-08-22,MAT_03,451,176
2025-08-23,MAT_03,218,0
2025-08-24,MAT_03,217,4175
2025-08-25,MAT_03,220,3955
2025-08-26,MAT_03,234,3721
2025-08-27,MAT_03,318,3403
2025-08-28,MAT_03,200,3203
2025-08-29,MAT_03,194,3009
2025-08-30,MAT_03,194,2815
2025-08-31,MAT_03,248,2567
2025-09-01,MAT_03,240,2327
2025-09-02,MAT_03,277,2050
2025-09-03,MAT_03,254,1796
2025-09-04,MAT_03,263,1533
2025-09-05,MAT_03,211,1322
2025-09-06,MAT_03,137,5577
2025-09-07,MAT_03,215,5362
2025-09-08,MAT_03,254,5108
2025-09-09,MAT_03,283,4825
2025-09-10,MAT_03,268,4557
2025-09-11,MAT_03,215,4342
2025-09-12,MAT_03,137,4205
2025-09-13,MAT_03,185,4020
2025-09-14,MAT_03,220,3800
2025-09-15,MAT_03,251,3549
2025-09-16,MAT_03,280,3269
2025-09-17,MAT_03,262,3007
2025-09-18,MAT_03,272,2735
2025-09-19,MAT_03,229,2506
2025-09-20,MAT_03,166,2340
2025-09-21,MAT_03,206,2134
2025-09-22,MAT_03,205,1929
2025-09-23,MAT_03,270,1659
2025-09-24,MAT_03,225,1434
2025-09-25,MAT_03,203,5623
2025-09-26,MAT_03,232,5391
2025-09-27,MAT_03,204,5187
2025-09-28,MAT_03,204,4983
2025-09-29,MAT_03,222,4761
2025-09-30,MAT_03,184,4577
2025-10-01,MAT_03,260,4317
2025-10-02,MAT_03,252,4065
2025-10-03,MAT_03,185,3880
2025-10-04,MAT_03,156,3724
2025-10-05,MAT_03,228,3496
2025-10-06,MAT_03,218,3278
2025-10-07,MAT_03,268,3010
2025-10-08,MAT_03,286,2724
2025-10-09,MAT_03,210,2514
2025-10-10,MAT_03,207,2307
2025-10-11,MAT_03,217,2090
2025-10-12,MAT_03,240,1850
2025-10-13,MAT_03,222,1628
2025-10-14,MAT_03,249,1379
2025-10-15,MAT_03,273,5498
2025-10-16,MAT_03,248,5250
2025-10-17,MAT_03,244,5006
2025-10-18,MAT_03,151,4855
2025-10-19,MAT_03,181,4674
2025-10-20,MAT_03,191,4483
2025-10-21,MAT_03,229,4254
2025-10-22,MAT_03,278,3976
2025-10-23,MAT_03,268,3708
2025-10-24,MAT_03,187,3521
2025-10-25,MAT_03,206,3315
2025-10-26,MAT_03,225,3090
2025-10-27,MAT_03,284,2806
2025-10-28,MAT_03,264,2542
2025-10-29,MAT_03,252,2290
2025-10-30,MAT_03,218,2072
2025-10-31,MAT_03,178,1894
2025-11-01,MAT_03,224,1670
2025-11-02,MAT_03,152,1518
2025-11-03,MAT_03,267,5643
2025-11-04,MAT_03,241,5402
2025-11-05,MAT_03,255,5147
2025-11-06,MAT_03,248,4899
2025-11-07,MAT_03,194,4705
2025-11-08,MAT_03,219,4486
2025-11-09,MAT_03,254,4232
2025-11-10,MAT_03,217,4015
2025-11-11,MAT_03,259,3756
2025-11-12,MAT_03,276,3480
2025-11-13,MAT_03,274,3206
2025-11-14,MAT_03,216,2990
2025-11-15,MAT_03,239,2751
2025-11-16,MAT_03,241,2510
2025-11-17,MAT_03,208,2302
2025-11-18,MAT_03,293,2009
2025-11-19,MAT_03,332,1677
2025-11-20,MAT_03,250,1427
2025-11-21,MAT_03,219,1208
2025-11-22,MAT_03,189,5411
2025-11-23,MAT_03,199,5212
2025-11-24,MAT_03,200,5012
2025-11-25,MAT_03,246,4766
2025-11-26,MAT_03,296,4470
2025-11-27,MAT_03,316,4154
2025-11-28,MAT_03,216,3938
2025-11-29,MAT_03,193,3745
2025-11-30,MAT_03,271,3474
2025-12-01,MAT_03,224,3250
2025-12-02,MAT_03,243,3007
2025-12-03,MAT_03,277,2730
2025-12-04,MAT_03,260,2470
2025-12-05,MAT_03,191,2279
2025-12-06,MAT_03,216,2063
2025-12-07,MAT_03,257,1806
2025-12-08,MAT_03,227,1579
2025-12-09,MAT_03,303,1276
2025-12-10,MAT_03,321,5347
2025-12-11,MAT_03,285,5062
2025-12-12,MAT_03,256,4806
2025-12-13,MAT_03,233,4573
2025-12-14,MAT_03,214,4359
2025-12-15,MAT_03,317,4042
2025-12-16,MAT_03,345,3697
2025-12-17,MAT_03,353,3344
2025-12-18,MAT_03,325,3019
2025-12-19,MAT_03,213,2806
2025-12-20,MAT_03,263,2543
2025-12-21,MAT_03,265,2278
2025-12-22,MAT_03,237,2041
2025-12-23,MAT_03,311,1730
2025-12-24,MAT_03,335,1395
2025-12-25,MAT_03,353,1042
2025-12-26,MAT_03,289,5145
2025-12-27,MAT_03,220,4925
2025-12-28,MAT_03,304,4621
2025-12-29,MAT_03,292,4329
2025-12-30,MAT_03,318,4011
2024-01-01,MAT_04,248,2448
2024-01-02,MAT_04,246,2202
2024-01-03,MAT_04,294,1908
2024-01-04,MAT_04,290,1618
2024-01-05,MAT_04,235,1383
2024-01-06,MAT_04,236,1147
2024-01-07,MAT_04,211,936
2024-01-08,MAT_04,261,675
2024-01-09,MAT_04,304,4223
2024-01-10,MAT_04,309,3914
2024-01-11,MAT_04,243,3671
2024-01-12,MAT_04,241,3430
2024-01-13,MAT_04,275,3155
2024-01-14,MAT_04,228,2927
2024-01-15,MAT_04,273,2654
2024-01-16,MAT_04,301,2353
2024-01-17,MAT_04,352,2001
2024-01-18,MAT_04,325,1676
2024-01-19,MAT_04,280,1396
2024-01-20,MAT_04,215,1181
2024-01-21,MAT_04,258,923
2024-01-22,MAT_04,294,629
2024-01-23,MAT_04,293,336
2024-01-24,MAT_04,297,3891
2024-01-25,MAT_04,343,3548
2024-01-26,MAT_04,259,3289
2024-01-27,MAT_04,288,3001
2024-01-28,MAT_04,281,2720
2024-01-29,MAT_04,297,2423
2024-01-30,MAT_04,329,2094
2024-01-31,MAT_04,290,1804
2024-02-01,MAT_04,311,1493
2024-02-02,MAT_04,310,1183
2024-02-03,MAT_04,271,912
2024-02-04,MAT_04,266,646
2024-02-05,MAT_04,337,309
2024-02-06,MAT_04,319,3842
2024-02-07,MAT_04,317,3525
2024-02-08,MAT_04,317,3208
2024-02-09,MAT_04,300,2908
2024-02-10,MAT_04,216,2692
2024-02-11,MAT_04,276,2416
2024-02-12,MAT_04,320,2096
2024-02-13,MAT_04,323,1773
2024-02-14,MAT_04,367,1406
2024-02-15,MAT_04,335,1071
2024-02-16,MAT_04,341,730
2024-02-17,MAT_04,246,484
2024-02-18,MAT_04,295,4041
2024-02-19,MAT_04,279,3762
2024-02-20,MAT_04,294,3468
2024-02-21,MAT_04,291,3177
2024-02-22,MAT_04,337,2840
2024-02-23,MAT_04,296,2544
2024-02-24,MAT_04,258,2286
2024-02-25,MAT_04,233,2053
2024-02-26,MAT_04,292,1761
2024-02-27,MAT_04,340,1421
2024-02-28,MAT_04,369,1052
2024-02-29,MAT_04,328,724
2024-03-01,MAT_04,302,422
2024-03-02,MAT_04,265,4009
2024-03-03,MAT_04,328,3681
2024-03-04,MAT_04,287,3394
2024-03-05,MAT_04,326,3068
2024-03-06,MAT_04,339,2729
2024-03-07,MAT_04,346,2383
2024-03-08,MAT_04,272,2111
2024-03-09,MAT_04,282,1829
2024-03-10,MAT_04,290,1539
2024-03-11,MAT_04,299,1240
2024-03-12,MAT_04,356,884
2024-03-13,MAT_04,329,555
2024-03-14,MAT_04,306,249
2024-03-15,MAT_04,304,3797
2024-03-16,MAT_04,238,3559
2024-03-17,MAT_04,234,3325
2024-03-18,MAT_04,333,2992
2024-03-19,MAT_04,376,2616
2024-03-20,MAT_04,345,2271
2024-03-21,MAT_04,319,1952
2024-03-22,MAT_04,329,1623
2024-03-23,MAT_04,253,1370
2024-03-24,MAT_04,255,1115
2024-03-25,MAT_04,339,776
2024-03-26,MAT_04,351,425
2024-03-27,MAT_04,386,3891
2024-03-28,MAT_04,283,3608
2024-03-29,MAT_04,268,3340
2024-03-30,MAT_04,284,3056
2024-03-31,MAT_04,302,2754
2024-04-01,MAT_04,343,2411
2024-04-02,MAT_04,356,2055
2024-04-03,MAT_04,363,1692
2024-04-04,MAT_04,328,1364
2024-04-05,MAT_04,345,1019
2024-04-06,MAT_04,255,764
2024-04-07,MAT_04,300,464
2024-04-08,MAT_04,295,169
2024-04-09,MAT_04,364,0
2024-04-10,MAT_04,331,0
2024-04-11,MAT_04,356,0
2024-04-12,MAT_04,306,0
2024-04-13,MAT_04,327,0
2024-04-14,MAT_04,282,0
2024-04-15,MAT_04,330,0
2024-04-16,MAT_04,329,0
2024-04-17,MAT_04,349,0
2024-04-18,MAT_04,338,3514
2024-04-19,MAT_04,262,3252
2024-04-20,MAT_04,244,3008
2024-04-21,MAT_04,303,2705
2024-04-22,MAT_04,313,2392
2024-04-23,MAT_04,331,2061
2024-04-24,MAT_04,335,1726
2024-04-25,MAT_04,314,1412
2024-04-26,MAT_04,301,1111
2024-04-27,MAT_04,289,822
2024-04-28,MAT_04,230,592
2024-04-29,MAT_04,350,4094
2024-04-30,MAT_04,378,3716
2024-05-01,MAT_04,290,3426
2024-05-02,MAT_04,357,3069
2024-05-03,MAT_04,322,2747
2024-05-04,MAT_04,274,2473
2024-05-05,MAT_04,247,2226
2024-05-06,MAT_04,336,1890
2024-05-07,MAT_04,333,1557
2024-05-08,MAT_04,360,1197
2024-05-09,MAT_04,382,815
2024-05-10,MAT_04,297,518
2024-05-11,MAT_04,245,273
2024-05-12,MAT_04,267,3858
2024-05-13,MAT_04,285,3573
2024-05-14,MAT_04,346,3227
2024-05-15,MAT_04,320,2907
2024-05-16,MAT_04,307,2600
2024-05-17,MAT_04,252,2348
2024-05-18,MAT_04,260,2088
2024-05-19,MAT_04,275,1813
2024-05-20,MAT_04,231,1582
2024-05-21,MAT_04,336,1246
2024-05-22,MAT_04,334,912
2024-05-23,MAT_04,294,618
2024-05-24,MAT_04,332,286
2024-05-25,MAT_04,282,3856
2024-05-26,MAT_04,236,3620
2024-05-27,MAT_04,315,3305
2024-05-28,MAT_04,355,2950
2024-05-29,MAT_04,333,2617
2024-05-30,MAT_04,317,2300
2024-05-31,MAT_04,282,2018
2024-06-01,MAT_04,198,1820
2024-06-02,MAT_04,253,1567
2024-06-03,MAT_04,281,1286
2024-06-04,MAT_04,353,933
2024-06-05,MAT_04,331,602
2024-06-06,MAT_04,293,309
2024-06-07,MAT_04,264,3897
2024-06-08,MAT_04,271,3626
2024-06-09,MAT_04,246,3380
2024-06-10,MAT_04,262,3118
2024-06-11,MAT_04,302,2816
2024-06-12,MAT_04,340,2476
2024-06-13,MAT_04,306,2170
2024-06-14,MAT_04,260,1910
2024-06-15,MAT_04,242,1668
2024-06-16,MAT_04,229,1439
2024-06-17,MAT_04,268,1171
2024-06-18,MAT_04,285,886
2024-06-19,MAT_04,300,586
2024-06-20,MAT_04,321,265
2024-06-21,MAT_04,224,3893
2024-06-22,MAT_04,212,3681
2024-06-23,MAT_04,204,3477
2024-06-24,MAT_04,227,3250
2024-06-25,MAT_04,289,2961
2024-06-26,MAT_04,285,2676
2024-06-27,MAT_04,324,2352
2024-06-28,MAT_04,237,2115
2024-06-29,MAT_04,255,1860
2024-06-30,MAT_04,253,1607
2024-07-01,MAT_04,252,1355
2024-07-02,MAT_04,341,1014
2024-07-03,MAT_04,300,714
2024-07-04,MAT_04,310,404
2024-07-05,MAT_04,272,3984
2024-07-06,MAT_04,225,3759
2024-07-07,MAT_04,240,3519
2024-07-08,MAT_04,266,3253
2024-07-09,MAT_04,249,3004
2024-07-10,MAT_04,286,2718
2024-07-11,MAT_04,291,2427
2024-07-12,MAT_04,268,2159
2024-07-13,MAT_04,188,1971
2024-07-14,MAT_04,227,1744
2024-07-15,MAT_04,246,1498
2024-07-16,MAT_04,268,1230
2024-07-17,MAT_04,287,943
2024-07-18,MAT_04,261,682
2024-07-19,MAT_04,235,447
2024-07-20,MAT_04,236,4063
2024-07-21,MAT_04,226,3837
2024-07-22,MAT_04,243,3594
2024-07-23,MAT_04,312,3282
2024-07-24,MAT_04,299,2983
2024-07-25,MAT_04,246,2737
2024-07-26,MAT_04,183,2554
2024-07-27,MAT_04,167,2387
2024-07-28,MAT_04,222,2165
2024-07-29,MAT_04,211,1954
2024-07-30,MAT_04,231,1723
2024-07-31,MAT_04,244,1479
2024-08-01,MAT_04,224,1255
2024-08-02,MAT_04,229,1026
2024-08-03,MAT_04,181,845
2024-08-04,MAT_04,156,689
2024-08-05,MAT_04,222,4319
2024-08-06,MAT_04,256,4063
2024-08-07,MAT_04,244,3819
2024-08-08,MAT_04,265,3554
2024-08-09,MAT_04,190,3364
2024-08-10,MAT_04,207,3157
2024-08-11,MAT_04,201,2956
2024-08-12,MAT_04,239,2717
2024-08-13,MAT_04,216,2501
2024-08-14,MAT_04,253,2248
2024-08-15,MAT_04,228,2020
2024-08-16,MAT_04,158,1862
2024-08-17,MAT_04,202,1660
2024-08-18,MAT_04,159,1501
2024-08-19,MAT_04,194,1307
2024-08-20,MAT_04,213,1094
2024-08-21,MAT_04,263,831
2024-08-22,MAT_04,185,646
2024-08-23,MAT_04,206,4292
2024-08-24,MAT_04,195,4097
2024-08-25,MAT_04,189,3908
2024-08-26,MAT_04,223,3685
2024-08-27,MAT_04,253,3432
2024-08-28,MAT_04,216,3216
2024-08-29,MAT_04,256,2960
2024-08-30,MAT_04,173,2787
2024-08-31,MAT_04,162,2625
2024-09-01,MAT_04,162,2463
2024-09-02,MAT_04,213,2250
2024-09-03,MAT_04,546,1704
2024-09-04,MAT_04,603,1101
2024-09-05,MAT_04,465,636
2024-09-06,MAT_04,535,101
2024-09-07,MAT_04,449,3504
2024-09-08,MAT_04,404,3100
2024-09-09,MAT_04,468,2632
2024-09-10,MAT_04,243,2389
2024-09-11,MAT_04,216,2173
2024-09-12,MAT_04,216,1957
2024-09-13,MAT_04,209,1748
2024-09-14,MAT_04,137,1611
2024-09-15,MAT_04,174,1437
2024-09-16,MAT_04,203,1234
2024-09-17,MAT_04,222,1012
2024-09-18,MAT_04,219,793
2024-09-19,MAT_04,242,551
2024-09-20,MAT_04,162,4241
2024-09-21,MAT_04,109,4132
2024-09-22,MAT_04,180,3952
2024-09-23,MAT_04,162,3790
2024-09-24,MAT_04,241,3549
2024-09-25,MAT_04,265,3284
2024-09-26,MAT_04,226,3058
2024-09-27,MAT_04,204,2854
2024-09-28,MAT_04,207,2647
2024-09-29,MAT_04,187,2460
2024-09-30,MAT_04,201,2259
2024-10-01,MAT_04,265,1994
2024-10-02,MAT_04,275,1719
2024-10-03,MAT_04,255,1464
2024-10-04,MAT_04,163,1301
2024-10-05,MAT_04,120,1181
2024-10-06,MAT_04,149,1032
2024-10-07,MAT_04,211,821
2024-10-08,MAT_04,227,594
2024-10-09,MAT_04,225,4221
2024-10-10,MAT_04,225,3996
2024-10-11,MAT_04,139,3857
2024-10-12,MAT_04,160,3697
2024-10-13,MAT_04,193,3504
2024-10-14,MAT_04,208,3296
2024-10-15,MAT_04,242,3054
2024-10-16,MAT_04,273,2781
2024-10-17,MAT_04,210,2571
2024-10-18,MAT_04,162,2409
2024-10-19,MAT_04,189,2220
2024-10-20,MAT_04,196,2024
2024-10-21,MAT_04,211,1813
2024-10-22,MAT_04,223,1590
2024-10-23,MAT_04,235,1355
2024-10-24,MAT_04,182,1173
2024-10-25,MAT_04,210,963
2024-10-26,MAT_04,189,774
2024-10-27,MAT_04,135,639
2024-10-28,MAT_04,222,4269
2024-10-29,MAT_04,241,4028
2024-10-30,MAT_04,212,3816
2024-10-31,MAT_04,187,3629
2024-11-01,MAT_04,195,3434
2024-11-02,MAT_04,154,3280
2024-11-03,MAT_04,219,3061
2024-11-04,MAT_04,228,2833
2024-11-05,MAT_04,246,2587
2024-11-06,MAT_04,256,2331
2024-11-07,MAT_04,256,2075
2024-11-08,MAT_04,211,1864
2024-11-09,MAT_04,182,1682
2024-11-10,MAT_04,152,1530
2024-11-11,MAT_04,287,1243
2024-11-12,MAT_04,211,1032
2024-11-13,MAT_04,239,793
2024-11-14,MAT_04,185,608
2024-11-15,MAT_04,208,4252
2024-11-16,MAT_04,178,4074
2024-11-17,MAT_04,202,3872
2024-11-18,MAT_04,169,3703
2024-11-19,MAT_04,273,3430
2024-11-20,MAT_04,232,3198
2024-11-21,MAT_04,519,2679
2024-11-22,MAT_04,508,2171
2024-11-23,MAT_04,424,1747
2024-11-24,MAT_04,447,1300
2024-11-25,MAT_04,544,756
2024-11-26,MAT_04,593,163
2024-11-27,MAT_04,567,0
2024-11-28,MAT_04,532,3320
2024-11-29,MAT_04,212,3108
2024-11-30,MAT_04,164,2944
2024-12-01,MAT_04,221,2723
2024-12-02,MAT_04,233,2490
2024-12-03,MAT_04,259,2231
2024-12-04,MAT_04,296,1935
2024-12-05,MAT_04,243,1692
2024-12-06,MAT_04,209,1483
2024-12-07,MAT_04,181,1302
2024-12-08,MAT_04,211,1091
2024-12-09,MAT_04,241,850
2024-12-10,MAT_04,247,603
2024-12-11,MAT_04,268,4187
2024-12-12,MAT_04,236,3951
2024-12-13,MAT_04,202,3749
2024-12-14,MAT_04,156,3593
2024-12-15,MAT_04,203,3390
2024-12-16,MAT_04,197,3193
2024-12-17,MAT_04,260,2933
2024-12-18,MAT_04,264,2669
2024-12-19,MAT_04,287,2382
2024-12-20,MAT_04,202,2180
2024-12-21,MAT_04,189,1991
2024-12-22,MAT_04,207,1784
2024-12-23,MAT_04,233,1551
2024-12-24,MAT_04,314,1237
2024-12-25,MAT_04,258,979
2024-12-26,MAT_04,258,721
2024-12-27,MAT_04,244,477
2024-12-28,MAT_04,239,4090
2024-12-29,MAT_04,215,3875
2024-12-30,MAT_04,206,3669
2024-12-31,MAT_04,283,3386
2025-01-01,MAT_04,330,3056
2025-01-02,MAT_04,709,2347
2025-01-03,MAT_04,625,1722
2025-01-04,MAT_04,492,1230
2025-01-05,MAT_04,506,724
2025-01-06,MAT_04,661,63
2025-01-07,MAT_04,646,0
2025-01-08,MAT_04,809,3043
2025-01-09,MAT_04,655,2388
2025-01-10,MAT_04,250,2138
2025-01-11,MAT_04,183,1955
2025-01-12,MAT_04,230,1725
2025-01-13,MAT_04,241,1484
2025-01-14,MAT_04,243,1241
2025-01-15,MAT_04,325,916
2025-01-16,MAT_04,333,583
2025-01-17,MAT_04,288,295
2025-01-18,MAT_04,256,3891
2025-01-19,MAT_04,237,3654
2025-01-20,MAT_04,299,3355
2025-01-21,MAT_04,341,3014
2025-01-22,MAT_04,322,2692
2025-01-23,MAT_04,268,2424
2025-01-24,MAT_04,253,2171
2025-01-25,MAT_04,290,1881
2025-01-26,MAT_04,253,1628
2025-01-27,MAT_04,200,1428
2025-01-28,MAT_04,279,1149
2025-01-29,MAT_04,314,835
2025-01-30,MAT_04,332,503
2025-01-31,MAT_04,266,4089
2025-02-01,MAT_04,280,3809
2025-02-02,MAT_04,248,3561
2025-02-03,MAT_04,242,3319
2025-02-04,MAT_04,311,3008
2025-02-05,MAT_04,340,2668
2025-02-06,MAT_04,318,2350
2025-02-07,MAT_04,247,2103
2025-02-08,MAT_04,250,1853
2025-02-09,MAT_04,336,1517
2025-02-10,MAT_04,267,1250
2025-02-11,MAT_04,346,904
2025-02-12,MAT_04,284,620
2025-02-13,MAT_04,340,280
2025-02-14,MAT_04,262,3870
2025-02-15,MAT_04,275,3595
2025-02-16,MAT_04,240,3355
2025-02-17,MAT_04,311,3044
2025-02-18,MAT_04,312,2732
2025-02-19,MAT_04,325,2407
2025-02-20,MAT_04,334,2073
2025-02-21,MAT_04,279,1794
2025-02-22,MAT_04,280,1514
2025-02-23,MAT_04,273,1241
2025-02-24,MAT_04,311,930
2025-02-25,MAT_04,351,579
2025-02-26,MAT_04,339,240
2025-02-27,MAT_04,302,3790
2025-02-28,MAT_04,281,3509
2025-03-01,MAT_04,305,3204
2025-03-02,MAT_04,285,2919
2025-03-03,MAT_04,291,2628
2025-03-04,MAT_04,354,2274
2025-03-05,MAT_04,364,1910
2025-03-06,MAT_04,345,1565
2025-03-07,MAT_04,273,1292
2025-03-08,MAT_04,260,1032
2025-03-09,MAT_04,268,764
2025-03-10,MAT_04,307,457
2025-03-11,MAT_04,361,3948
2025-03-12,MAT_04,362,3586
2025-03-13,MAT_04,344,3242
2025-03-14,MAT_04,336,2906
2025-03-15,MAT_04,298,2608
2025-03-16,MAT_04,285,2323
2025-03-17,MAT_04,288,2035
2025-03-18,MAT_04,331,1704
2025-03-19,MAT_04,350,1354
2025-03-20,MAT_04,358,996
2025-03-21,MAT_04,302,694
2025-03-22,MAT_04,266,428
2025-03-23,MAT_04,271,4009
2025-03-24,MAT_04,319,3690
2025-03-25,MAT_04,373,3317
2025-03-26,MAT_04,399,2918
2025-03-27,MAT_04,332,2586
2025-03-28,MAT_04,303,2283
2025-03-29,MAT_04,252,2031
2025-03-30,MAT_04,341,1690
2025-03-31,MAT_04,285,1405
2025-04-01,MAT_04,381,1024
2025-04-02,MAT_04,349,675
2025-04-03,MAT_04,322,353
2025-04-04,MAT_04,276,3929
2025-04-05,MAT_04,345,3584
2025-04-06,MAT_04,296,3288
2025-04-07,MAT_04,321,2967
2025-04-08,MAT_04,373,2594
2025-04-09,MAT_04,341,2253
2025-04-10,MAT_04,337,1916
2025-04-11,MAT_04,305,1611
2025-04-12,MAT_04,269,1342
2025-04-13,MAT_04,320,1022
2025-04-14,MAT_04,314,708
2025-04-15,MAT_04,309,399
2025-04-16,MAT_04,349,3902
2025-04-17,MAT_04,342,3560
2025-04-18,MAT_04,279,3281
2025-04-19,MAT_04,260,3021
2025-04-20,MAT_04,274,2747
2025-04-21,MAT_04,349,2398
2025-04-22,MAT_04,335,2063
2025-04-23,MAT_04,391,1672
2025-04-24,MAT_04,317,1355
2025-04-25,MAT_04,307,1048
2025-04-26,MAT_04,266,782
2025-04-27,MAT_04,304,478
2025-04-28,MAT_04,286,4044
2025-04-29,MAT_04,363,3681
2025-04-30,MAT_04,354,3327
2025-05-01,MAT_04,313,3014
2025-05-02,MAT_04,291,2723
2025-05-03,MAT_04,313,2410
2025-05-04,MAT_04,284,2126
2025-05-05,MAT_04,292,1834
2025-05-06,MAT_04,309,1525
2025-05-07,MAT_04,360,1165
2025-05-08,MAT_04,330,835
2025-05-09,MAT_04,309,526
2025-05-10,MAT_04,232,294
2025-05-11,MAT_04,246,3900
2025-05-12,MAT_04,335,3565
2025-05-13,MAT_04,344,3221
2025-05-14,MAT_04,356,2865
2025-05-15,MAT_04,296,2569
2025-05-16,MAT_04,261,2308
2025-05-17,MAT_04,290,2018
2025-05-18,MAT_04,298,1720
2025-05-19,MAT_04,273,1447
2025-05-20,MAT_04,297,1150
2025-05-21,MAT_04,334,816
2025-05-22,MAT_04,294,522
2025-05-23,MAT_04,259,4115
2025-05-24,MAT_04,227,3888
2025-05-25,MAT_04,253,3635
2025-05-26,MAT_04,265,3370
2025-05-27,MAT_04,296,3074
2025-05-28,MAT_04,338,2736
2025-05-29,MAT_04,307,2429
2025-05-30,MAT_04,287,2142
2025-05-31,MAT_04,210,1932
2025-06-01,MAT_04,259,1673
2025-06-02,MAT_04,341,1332
2025-06-03,MAT_04,308,1024
2025-06-04,MAT_04,345,679
2025-06-05,MAT_04,323,356
2025-06-06,MAT_04,624,3584
2025-06-07,MAT_04,538,3046
2025-06-08,MAT_04,574,2472
2025-06-09,MAT_04,644,1828
2025-06-10,MAT_04,326,1502
2025-06-11,MAT_04,288,1214
2025-06-12,MAT_04,251,963
2025-06-13,MAT_04,220,743
2025-06-14,MAT_04,231,512
2025-06-15,MAT_04,260,4104
2025-06-16,MAT_04,245,3859
2025-06-17,MAT_04,326,3533
2025-06-18,MAT_04,296,3237
2025-06-19,MAT_04,275,2962
2025-06-20,MAT_04,231,2731
2025-06-21,MAT_04,182,2549
2025-06-22,MAT_04,243,2306
2025-06-23,MAT_04,310,1996
2025-06-24,MAT_04,294,1702
2025-06-25,MAT_04,254,1448
2025-06-26,MAT_04,300,1148
2025-06-27,MAT_04,203,945
2025-06-28,MAT_04,192,753
2025-06-29,MAT_04,223,4382
2025-06-30,MAT_04,262,4120
2025-07-01,MAT_04,262,3858
2025-07-02,MAT_04,287,3571
2025-07-03,MAT_04,290,3281
2025-07-04,MAT_04,259,3022
2025-07-05,MAT_04,248,2774
2025-07-06,MAT_04,271,2503
2025-07-07,MAT_04,272,2231
2025-07-08,MAT_04,274,1957
2025-07-09,MAT_04,308,1649
2025-07-10,MAT_04,276,1373
2025-07-11,MAT_04,243,1130
2025-07-12,MAT_04,212,918
2025-07-13,MAT_04,191,727
2025-07-14,MAT_04,217,4362
2025-07-15,MAT_04,270,4092
2025-07-16,MAT_04,282,3810
2025-07-17,MAT_04,239,3571
2025-07-18,MAT_04,233,3338
2025-07-19,MAT_04,254,3084
2025-07-20,MAT_04,162,2922
2025-07-21,MAT_04,251,2671
2025-07-22,MAT_04,263,2408
2025-07-23,MAT_04,283,2125
2025-07-24,MAT_04,238,1887
2025-07-25,MAT_04,211,1676
2025-07-26,MAT_04,196,1480
2025-07-27,MAT_04,192,1288
2025-07-28,MAT_04,189,1099
2025-07-29,MAT_04,252,847
2025-07-30,MAT_04,228,619
2025-07-31,MAT_04,259,4212
2025-08-01,MAT_04,160,4052
2025-08-02,MAT_04,213,3839
2025-08-03,MAT_04,204,3635
2025-08-04,MAT_04,233,3402
2025-08-05,MAT_04,195,3207
2025-08-06,MAT_04,249,2958
2025-08-07,MAT_04,265,2693
2025-08-08,MAT_04,188,2505
2025-08-09,MAT_04,152,2353
2025-08-10,MAT_04,170,2183
2025-08-11,MAT_04,214,1969
2025-08-12,MAT_04,223,1746
2025-08-13,MAT_04,283,1463
2025-08-14,MAT_04,228,1235
2025-08-15,MAT_04,181,1054
2025-08-16,MAT_04,141,913
2025-08-17,MAT_04,193,720
2025-08-18,MAT_04,222,4350
2025-08-19,MAT_04,219,4131
2025-08-20,MAT_04,189,3942
2025-08-21,MAT_04,235,3707
2025-08-22,MAT_04,186,3521
2025-08-23,MAT_04,177,3344
2025-08-24,MAT_04,226,3118
2025-08-25,MAT_04,204,2914
2025-08-26,MAT_04,221,2693
2025-08-27,MAT_04,212,2481
2025-08-28,MAT_04,212,2269
2025-08-29,MAT_04,190,2079
2025-08-30,MAT_04,166,1913
2025-08-31,MAT_04,216,1697
2025-09-01,MAT_04,214,1483
2025-09-02,MAT_04,227,1256
2025-09-03,MAT_04,219,1037
2025-09-04,MAT_04,223,814
2025-09-05,MAT_04,159,655
2025-09-06,MAT_04,165,4342
2025-09-07,MAT_04,180,4162
2025-09-08,MAT_04,192,3970
2025-09-09,MAT_04,211,3759
2025-09-10,MAT_04,178,3581
2025-09-11,MAT_04,242,3339
2025-09-12,MAT_04,190,3149
2025-09-13,MAT_04,169,2980
2025-09-14,MAT_04,125,2855
2025-09-15,MAT_04,230,2625
2025-09-16,MAT_04,213,2412
2025-09-17,MAT_04,225,2187
2025-09-18,MAT_04,183,2004
2025-09-19,MAT_04,131,1873
2025-09-20,MAT_04,186,1687
2025-09-21,MAT_04,196,1491
2025-09-22,MAT_04,189,1302
2025-09-23,MAT_04,206,1096
2025-09-24,MAT_04,221,875
2025-09-25,MAT_04,201,674
2025-09-26,MAT_04,145,4381
2025-09-27,MAT_04,148,4233
2025-09-28,MAT_04,166,4067
2025-09-29,MAT_04,219,3848
2025-09-30,MAT_04,223,3625
2025-10-01,MAT_04,190,3435
2025-10-02,MAT_04,218,3217
2025-10-03,MAT_04,169,3048
2025-10-04,MAT_04,190,2858
2025-10-05,MAT_04,199,2659
2025-10-06,MAT_04,230,2429
2025-10-07,MAT_04,209,2220
2025-10-08,MAT_04,282,1938
2025-10-09,MAT_04,219,1719
2025-10-10,MAT_04,218,1501
2025-10-11,MAT_04,143,1358
2025-10-12,MAT_04,156,1202
2025-10-13,MAT_04,201,1001
2025-10-14,MAT_04,228,773
2025-10-15,MAT_04,264,509
2025-10-16,MAT_04,206,4155
2025-10-17,MAT_04,208,3947
2025-10-18,MAT_04,177,3770
2025-10-19,MAT_04,160,3610
2025-10-20,MAT_04,213,3397
2025-10-21,MAT_04,214,3183
2025-10-22,MAT_04,295,2888
2025-10-23,MAT_04,146,2742
2025-10-24,MAT_04,198,2544
2025-10-25,MAT_04,115,2429
2025-10-26,MAT_04,163,2266
2025-10-27,MAT_04,197,2069
2025-10-28,MAT_04,268,1801
2025-10-29,MAT_04,220,1581
2025-10-30,MAT_04,251,1330
2025-10-31,MAT_04,154,1176
2025-11-01,MAT_04,199,977
2025-11-02,MAT_04,160,817
2025-11-03,MAT_04,205,612
2025-11-04,MAT_04,225,4239
2025-11-05,MAT_04,275,3964
2025-11-06,MAT_04,249,3715
2025-11-07,MAT_04,200,3515
2025-11-08,MAT_04,139,3376
2025-11-09,MAT_04,158,3218
2025-11-10,MAT_04,181,3037
2025-11-11,MAT_04,180,2857
2025-11-12,MAT_04,279,2578
2025-11-13,MAT_04,218,2360
2025-11-14,MAT_04,185,2175
2025-11-15,MAT_04,212,1963
2025-11-16,MAT_04,170,1793
2025-11-17,MAT_04,191,1602
2025-11-18,MAT_04,238,1364
2025-11-19,MAT_04,223,1141
2025-11-20,MAT_04,241,900
2025-11-21,MAT_04,190,710
2025-11-22,MAT_04,166,4396
2025-11-23,MAT_04,172,4224
2025-11-24,MAT_04,216,4008
2025-11-25,MAT_04,252,3756
2025-11-26,MAT_04,245,3511
2025-11-27,MAT_04,229,3282
2025-11-28,MAT_04,203,3079
2025-11-29,MAT_04,181,2898
2025-11-30,MAT_04,195,2703
2025-12-01,MAT_04,208,2495
2025-12-02,MAT_04,282,2213
2025-12-03,MAT_04,267,1946
2025-12-04,MAT_04,232,1714
2025-12-05,MAT_04,221,1493
2025-12-06,MAT_04,191,1302
2025-12-07,MAT_04,156,1146
2025-12-08,MAT_04,241,905
2025-12-09,MAT_04,237,668
2025-12-10,MAT_04,296,4224
2025-12-11,MAT_04,246,3978
2025-12-12,MAT_04,239,3739
2025-12-13,MAT_04,183,3556
2025-12-14,MAT_04,210,3346
2025-12-15,MAT_04,270,3076
2025-12-16,MAT_04,264,2812
2025-12-17,MAT_04,264,2548
2025-12-18,MAT_04,276,2272
2025-12-19,MAT_04,243,2029
2025-12-20,MAT_04,193,1836
2025-12-21,MAT_04,165,1671
2025-12-22,MAT_04,231,1440
2025-12-23,MAT_04,295,1145
2025-12-24,MAT_04,267,878
2025-12-25,MAT_04,267,611
2025-12-26,MAT_04,218,4245
2025-12-27,MAT_04,165,4080
2025-12-28,MAT_04,206,3874
2025-12-29,MAT_04,272,3602
2025-12-30,MAT_04,225,3377
2024-01-01,MAT_05,450,4157
2024-01-02,MAT_05,440,3717
2024-01-03,MAT_05,533,3184
2024-01-04,MAT_05,504,2680
2024-01-05,MAT_05,410,2270
2024-01-06,MAT_05,377,1893
2024-01-07,MAT_05,363,1530
2024-01-08,MAT_05,393,1137
2024-01-09,MAT_05,580,7138
2024-01-10,MAT_05,482,6656
2024-01-11,MAT_05,555,6101
2024-01-12,MAT_05,393,5708
2024-01-13,MAT_05,420,5288
2024-01-14,MAT_05,362,4926
2024-01-15,MAT_05,488,4438
2024-01-16,MAT_05,504,3934
2024-01-17,MAT_05,519,3415
2024-01-18,MAT_05,526,2889
2024-01-19,MAT_05,423,2466
2024-01-20,MAT_05,347,2119
2024-01-21,MAT_05,458,1661
2024-01-22,MAT_05,427,1234
2024-01-23,MAT_05,553,681
2024-01-24,MAT_05,588,6674
2024-01-25,MAT_05,495,6179
2024-01-26,MAT_05,508,5671
2024-01-27,MAT_05,443,5228
2024-01-28,MAT_05,406,4822
2024-01-29,MAT_05,551,4271
2024-01-30,MAT_05,493,3778
2024-01-31,MAT_05,541,3237
2024-02-01,MAT_05,514,2723
2024-02-02,MAT_05,494,2229
2024-02-03,MAT_05,483,1746
2024-02-04,MAT_05,494,1252
2024-02-05,MAT_05,511,741
2024-02-06,MAT_05,542,6780
2024-02-07,MAT_05,488,6292
2024-02-08,MAT_05,476,5816
2024-02-09,MAT_05,556,5260
2024-02-10,MAT_05,364,4896
2024-02-11,MAT_05,424,4472
2024-02-12,MAT_05,562,3910
2024-02-13,MAT_05,573,3337
2024-02-14,MAT_05,619,2718
2024-02-15,MAT_05,568,2150
2024-02-16,MAT_05,553,1597
2024-02-17,MAT_05,467,1130
2024-02-18,MAT_05,497,633
2024-02-19,MAT_05,489,6725
2024-02-20,MAT_05,599,6126
2024-02-21,MAT_05,570,5556
2024-02-22,MAT_05,533,5023
2024-02-23,MAT_05,536,4487
2024-02-24,MAT_05,502,3985
2024-02-25,MAT_05,550,3435
2024-02-26,MAT_05,600,2835
2024-02-27,MAT_05,622,2213
2024-02-28,MAT_05,520,1693
2024-02-29,MAT_05,641,1052
2024-03-01,MAT_05,545,507
2024-03-02,MAT_05,436,6652
2024-03-03,MAT_05,1379,5273
2024-03-04,MAT_05,1311,3962
2024-03-05,MAT_05,1646,2316
2024-03-06,MAT_05,1455,861
2024-03-07,MAT_05,1422,0
2024-03-08,MAT_05,1449,0
2024-03-09,MAT_05,1398,5183
2024-03-10,MAT_05,1347,3836
2024-03-11,MAT_05,529,3307
2024-03-12,MAT_05,500,2807
2024-03-13,MAT_05,597,2210
2024-03-14,MAT_05,595,1615
2024-03-15,MAT_05,501,1114
2024-03-16,MAT_05,479,635
2024-03-17,MAT_05,485,6731
2024-03-18,MAT_05,531,6200
2024-03-19,MAT_05,600,5600
2024-03-20,MAT_05,598,5002
2024-03-21,MAT_05,638,4364
2024-03-22,MAT_05,421,3943
2024-03-23,MAT_05,459,3484
2024-03-24,MAT_05,458,3026
2024-03-25,MAT_05,557,2469
2024-03-26,MAT_05,603,1866
2024-03-27,MAT_05,683,1183
2024-03-28,MAT_05,662,521
2024-03-29,MAT_05,486,6616
2024-03-30,MAT_05,484,6132
2024-03-31,MAT_05,506,5626
2024-04-01,MAT_05,513,5113
2024-04-02,MAT_05,627,4486
2024-04-03,MAT_05,602,3884
2024-04-04,MAT_05,530,3354
2024-04-05,MAT_05,507,2847
2024-04-06,MAT_05,440,2407
2024-04-07,MAT_05,542,1865
2024-04-08,MAT_05,631,1234
2024-04-09,MAT_05,610,624
2024-04-10,MAT_05,616,6589
2024-04-11,MAT_05,582,6007
2024-04-12,MAT_05,570,5437
2024-04-13,MAT_05,533,4904
2024-04-14,MAT_05,489,4415
2024-04-15,MAT_05,556,3859
2024-04-16,MAT_05,625,3234
2024-04-17,MAT_05,559,2675
2024-04-18,MAT_05,626,2049
2024-04-19,MAT_05,591,1458
2024-04-20,MAT_05,530,928
2024-04-21,MAT_05,436,492
2024-04-22,MAT_05,455,6618
2024-04-23,MAT_05,623,5995
2024-04-24,MAT_05,571,5424
2024-04-25,MAT_05,581,4843
2024-04-26,MAT_05,577,4266
2024-04-27,MAT_05,445,3821
2024-04-28,MAT_05,469,3352
2024-04-29,MAT_05,548,2804
2024-04-30,MAT_05,530,2274
2024-05-01,MAT_05,565,1709
2024-05-02,MAT_05,563,1146
2024-05-03,MAT_05,491,655
2024-05-04,MAT_05,494,6742
2024-05-05,MAT_05,600,6142
2024-05-06,MAT_05,534,5608
2024-05-07,MAT_05,543,5065
2024-05-08,MAT_05,654,4411
2024-05-09,MAT_05,485,3926
2024-05-10,MAT_05,435,3491
2024-05-11,MAT_05,433,3058
2024-05-12,MAT_05,459,2599
2024-05-13,MAT_05,494,2105
2024-05-14,MAT_05,570,1535
2024-05-15,MAT_05,595,940
2024-05-16,MAT_05,593,347
2024-05-17,MAT_05,492,6436
2024-05-18,MAT_05,426,6010
2024-05-19,MAT_05,506,5504
2024-05-20,MAT_05,476,5028
2024-05-21,MAT_05,490,4538
2024-05-22,MAT_05,626,3912
2024-05-23,MAT_05,586,3326
2024-05-24,MAT_05,443,2883
2024-05-25,MAT_05,423,2460
2024-05-26,MAT_05,412,2048
2024-05-27,MAT_05,516,1532
2024-05-28,MAT_05,628,904
2024-05-29,MAT_05,594,310
2024-05-30,MAT_05,571,6320
2024-05-31,MAT_05,503,5817
2024-06-01,MAT_05,430,5387
2024-06-02,MAT_05,488,4899
2024-06-03,MAT_05,523,4376
2024-06-04,MAT_05,603,3773
2024-06-05,MAT_05,531,3242
2024-06-06,MAT_05,438,2804
2024-06-07,MAT_05,501,2303
2024-06-08,MAT_05,433,1870
2024-06-09,MAT_05,416,1454
2024-06-10,MAT_05,468,986
2024-06-11,MAT_05,640,6927
2024-06-12,MAT_05,511,6416
2024-06-13,MAT_05,1183,5233
2024-06-14,MAT_05,1138,4095
2024-06-15,MAT_05,1165,2930
2024-06-16,MAT_05,1315,1615
2024-06-17,MAT_05,1310,305
2024-06-18,MAT_05,1217,0
2024-06-19,MAT_05,1623,4958
2024-06-20,MAT_05,1292,3666
2024-06-21,MAT_05,1041,2625
2024-06-22,MAT_05,914,1711
2024-06-23,MAT_05,440,1271
2024-06-24,MAT_05,463,808
2024-06-25,MAT_05,518,6871
2024-06-26,MAT_05,570,6301
2024-06-27,MAT_05,441,5860
2024-06-28,MAT_05,477,5383
2024-06-29,MAT_05,357,5026
2024-06-30,MAT_05,485,4541
2024-07-01,MAT_05,466,4075
2024-07-02,MAT_05,449,3626
2024-07-03,MAT_05,411,3215
2024-07-04,MAT_05,498,2717
2024-07-05,MAT_05,387,2330
2024-07-06,MAT_05,359,1971
2024-07-07,MAT_05,411,1560
2024-07-08,MAT_05,471,1089
2024-07-09,MAT_05,530,7140
2024-07-10,MAT_05,435,6705
2024-07-11,MAT_05,512,6193
2024-07-12,MAT_05,365,5828
2024-07-13,MAT_05,254,5574
2024-07-14,MAT_05,312,5262
2024-07-15,MAT_05,423,4839
2024-07-16,MAT_05,420,4419
2024-07-17,MAT_05,470,3949
2024-07-18,MAT_05,451,3498
2024-07-19,MAT_05,370,3128
2024-07-20,MAT_05,319,2809
2024-07-21,MAT_05,296,2513
2024-07-22,MAT_05,402,2111
2024-07-23,MAT_05,360,1751
2024-07-24,MAT_05,431,1320
2024-07-25,MAT_05,383,937
2024-07-26,MAT_05,355,7163
2024-07-27,MAT_05,319,6844
2024-07-28,MAT_05,381,6463
2024-07-29,MAT_05,458,6005
2024-07-30,MAT_05,389,5616
2024-07-31,MAT_05,537,5079
2024-08-01,MAT_05,378,4701
2024-08-02,MAT_05,361,4340
2024-08-03,MAT_05,339,4001
2024-08-04,MAT_05,435,3566
2024-08-05,MAT_05,354,3212
2024-08-06,MAT_05,348,2864
2024-08-07,MAT_05,504,2360
2024-08-08,MAT_05,365,1995
2024-08-09,MAT_05,327,1668
2024-08-10,MAT_05,257,1411
2024-08-11,MAT_05,301,1110
2024-08-12,MAT_05,330,7361
2024-08-13,MAT_05,447,6914
2024-08-14,MAT_05,432,6482
2024-08-15,MAT_05,361,6121
2024-08-16,MAT_05,376,5745
2024-08-17,MAT_05,307,5438
2024-08-18,MAT_05,226,5212
2024-08-19,MAT_05,398,4814
2024-08-20,MAT_05,416,4398
2024-08-21,MAT_05,480,3918
2024-08-22,MAT_05,388,3530
2024-08-23,MAT_05,289,3241
2024-08-24,MAT_05,278,2963
2024-08-25,MAT_05,334,2629
2024-08-26,MAT_05,315,2314
2024-08-27,MAT_05,380,1934
2024-08-28,MAT_05,401,1533
2024-08-29,MAT_05,324,1209
2024-08-30,MAT_05,283,7507
2024-08-31,MAT_05,287,7220
2024-09-01,MAT_05,344,6876
2024-09-02,MAT_05,356,6520
2024-09-03,MAT_05,391,6129
2024-09-04,MAT_05,368,5761
2024-09-05,MAT_05,416,5345
2024-09-06,MAT_05,329,5016
2024-09-07,MAT_05,243,4773
2024-09-08,MAT_05,325,4448
2024-09-09,MAT_05,361,4087
2024-09-10,MAT_05,352,3735
2024-09-11,MAT_05,395,3340
2024-09-12,MAT_05,342,2998
2024-09-13,MAT_05,421,2577
2024-09-14,MAT_05,293,2284
2024-09-15,MAT_05,290,1994
2024-09-16,MAT_05,353,1641
2024-09-17,MAT_05,444,1197
2024-09-18,MAT_05,392,805
2024-09-19,MAT_05,334,7052
2024-09-20,MAT_05,339,6713
2024-09-21,MAT_05,259,6454
2024-09-22,MAT_05,232,6222
2024-09-23,MAT_05,275,5947
2024-09-24,MAT_05,448,5499
2024-09-25,MAT_05,400,5099
2024-09-26,MAT_05,332,4767
2024-09-27,MAT_05,290,4477
2024-09-28,MAT_05,300,4177
2024-09-29,MAT_05,265,3912
2024-09-30,MAT_05,265,3647
2024-10-01,MAT_05,395,3252
2024-10-02,MAT_05,446,2806
2024-10-03,MAT_05,408,2398
2024-10-04,MAT_05,276,2122
2024-10-05,MAT_05,321,1801
2024-10-06,MAT_05,287,1514
2024-10-07,MAT_05,384,1130
2024-10-08,MAT_05,407,7304
2024-10-09,MAT_05,328,6976
2024-10-10,MAT_05,436,6540
2024-10-11,MAT_05,304,6236
2024-10-12,MAT_05,292,5944
2024-10-13,MAT_05,221,5723
2024-10-14,MAT_05,354,5369
2024-10-15,MAT_05,432,4937
2024-10-16,MAT_05,482,4455
2024-10-17,MAT_05,423,4032
2024-10-18,MAT_05,330,3702
2024-10-19,MAT_05,202,3500
2024-10-20,MAT_05,289,3211
2024-10-21,MAT_05,310,2901
2024-10-22,MAT_05,398,2503
2024-10-23,MAT_05,348,2155
2024-10-24,MAT_05,357,1798
2024-10-25,MAT_05,287,1511
2024-10-26,MAT_05,251,1260
2024-10-27,MAT_05,265,7576
2024-10-28,MAT_05,335,7241
2024-10-29,MAT_05,406,6835
2024-10-30,MAT_05,297,6538
2024-10-31,MAT_05,268,6270
2024-11-01,MAT_05,301,5969
2024-11-02,MAT_05,273,5696
2024-11-03,MAT_05,303,5393
2024-11-04,MAT_05,316,5077
2024-11-05,MAT_05,400,4677
2024-11-06,MAT_05,419,4258
2024-11-07,MAT_05,347,3911
2024-11-08,MAT_05,368,3543
2024-11-09,MAT_05,297,3246
2024-11-10,MAT_05,327,2919
2024-11-11,MAT_05,359,2560
2024-11-12,MAT_05,501,2059
2024-11-13,MAT_05,448,1611
2024-11-14,MAT_05,366,1245
2024-11-15,MAT_05,368,877
2024-11-16,MAT_05,226,7232
2024-11-17,MAT_05,317,6915
2024-11-18,MAT_05,379,6536
2024-11-19,MAT_05,423,6113
2024-11-20,MAT_05,417,5696
2024-11-21,MAT_05,353,5343
2024-11-22,MAT_05,307,5036
2024-11-23,MAT_05,312,4724
2024-11-24,MAT_05,273,4451
2024-11-25,MAT_05,453,3998
2024-11-26,MAT_05,312,3686
2024-11-27,MAT_05,428,3258
2024-11-28,MAT_05,413,2845
2024-11-29,MAT_05,375,2470
2024-11-30,MAT_05,279,2191
2024-12-01,MAT_05,383,1808
2024-12-02,MAT_05,325,1483
2024-12-03,MAT_05,414,1069
2024-12-04,MAT_05,481,7169
2024-12-05,MAT_05,465,6704
2024-12-06,MAT_05,303,6401
2024-12-07,MAT_05,447,5954
2024-12-08,MAT_05,306,5648
2024-12-09,MAT_05,341,5307
2024-12-10,MAT_05,473,4834
2024-12-11,MAT_05,451,4383
2024-12-12,MAT_05,410,3973
2024-12-13,MAT_05,403,3570
2024-12-14,MAT_05,276,3294
2024-12-15,MAT_05,283,3011
2024-12-16,MAT_05,385,2626
2024-12-17,MAT_05,511,2115
2024-12-18,MAT_05,454,1661
2024-12-19,MAT_05,515,1146
2024-12-20,MAT_05,442,704
2024-12-21,MAT_05,368,6917
2024-12-22,MAT_05,385,6532
2024-12-23,MAT_05,436,6096
2024-12-24,MAT_05,484,5612
2024-12-25,MAT_05,476,5136
2024-12-26,MAT_05,447,4689
2024-12-27,MAT_05,356,4333
2024-12-28,MAT_05,272,4061
2024-12-29,MAT_05,432,3629
2024-12-30,MAT_05,444,3185
2024-12-31,MAT_05,490,2695
2025-01-01,MAT_05,522,2173
2025-01-02,MAT_05,435,1738
2025-01-03,MAT_05,372,1366
2025-01-04,MAT_05,370,996
2025-01-05,MAT_05,457,7120
2025-01-06,MAT_05,399,6721
2025-01-07,MAT_05,388,6333
2025-01-08,MAT_05,495,5838
2025-01-09,MAT_05,534,5304
2025-01-10,MAT_05,353,4951
2025-01-11,MAT_05,343,4608
2025-01-12,MAT_05,421,4187
2025-01-13,MAT_05,576,3611
2025-01-14,MAT_05,457,3154
2025-01-15,MAT_05,470,2684
2025-01-16,MAT_05,512,2172
2025-01-17,MAT_05,495,1677
2025-01-18,MAT_05,381,1296
2025-01-19,MAT_05,351,945
2025-01-20,MAT_05,495,7031
2025-01-21,MAT_05,556,6475
2025-01-22,MAT_05,621,5854
2025-01-23,MAT_05,538,5316
2025-01-24,MAT_05,491,4825
2025-01-25,MAT_05,409,4416
2025-01-26,MAT_05,542,3874
2025-01-27,MAT_05,470,3404
2025-01-28,MAT_05,514,2890
2025-01-29,MAT_05,635,2255
2025-01-30,MAT_05,457,1798
2025-01-31,MAT_05,385,1413
2025-02-01,MAT_05,437,976
2025-02-02,MAT_05,446,7111
2025-02-03,MAT_05,489,6622
2025-02-04,MAT_05,596,6026
2025-02-05,MAT_05,527,5499
2025-02-06,MAT_05,535,4964
2025-02-07,MAT_05,461,4503
2025-02-08,MAT_05,404,4099
2025-02-09,MAT_05,454,3645
2025-02-10,MAT_05,547,3098
2025-02-11,MAT_05,656,2442
2025-02-12,MAT_05,602,1840
2025-02-13,MAT_05,432,1408
2025-02-14,MAT_05,485,923
2025-02-15,MAT_05,455,7049
2025-02-16,MAT_05,508,6541
2025-02-17,MAT_05,527,6014
2025-02-18,MAT_05,627,5387
2025-02-19,MAT_05,603,4784
2025-02-20,MAT_05,620,4164
2025-02-21,MAT_05,477,3687
2025-02-22,MAT_05,468,3219
2025-02-23,MAT_05,511,2708
2025-02-24,MAT_05,503,2205
2025-02-25,MAT_05,546,1659
2025-02-26,MAT_05,566,1093
2025-02-27,MAT_05,527,566
2025-02-28,MAT_05,526,6621
2025-03-01,MAT_05,388,6233
2025-03-02,MAT_05,414,5819
2025-03-03,MAT_05,617,5202
2025-03-04,MAT_05,555,4647
2025-03-05,MAT_05,609,4038
2025-03-06,MAT_05,501,3537
2025-03-07,MAT_05,514,3023
2025-03-08,MAT_05,443,2580
2025-03-09,MAT_05,420,2160
2025-03-10,MAT_05,599,1561
2025-03-11,MAT_05,644,917
2025-03-12,MAT_05,601,316
2025-03-13,MAT_05,615,6282
2025-03-14,MAT_05,598,5684
2025-03-15,MAT_05,513,5171
2025-03-16,MAT_05,514,4657
2025-03-17,MAT_05,553,4104
2025-03-18,MAT_05,625,3479
2025-03-19,MAT_05,594,2885
2025-03-20,MAT_05,562,2323
2025-03-21,MAT_05,538,1785
2025-03-22,MAT_05,462,1323
2025-03-23,MAT_05,480,843
2025-03-24,MAT_05,547,6877
2025-03-25,MAT_05,649,6228
2025-03-26,MAT_05,562,5666
2025-03-27,MAT_05,610,5056
2025-03-28,MAT_05,554,4502
2025-03-29,MAT_05,519,3983
2025-03-30,MAT_05,461,3522
2025-03-31,MAT_05,474,3048
2025-04-01,MAT_05,624,2424
2025-04-02,MAT_05,621,1803
2025-04-03,MAT_05,621,1182
2025-04-04,MAT_05,489,693
2025-04-05,MAT_05,517,6757
2025-04-06,MAT_05,543,6214
2025-04-07,MAT_05,544,5670
2025-04-08,MAT_05,617,5053
2025-04-09,MAT_05,628,4425
2025-04-10,MAT_05,540,3885
2025-04-11,MAT_05,542,3343
2025-04-12,MAT_05,554,2789
2025-04-13,MAT_05,496,2293
2025-04-14,MAT_05,482,1811
2025-04-15,MAT_05,567,1244
2025-04-16,MAT_05,531,713
2025-04-17,MAT_05,630,6664
2025-04-18,MAT_05,549,6115
2025-04-19,MAT_05,457,5658
2025-04-20,MAT_05,429,5229
2025-04-21,MAT_05,506,4723
2025-04-22,MAT_05,565,4158
2025-04-23,MAT_05,610,3548
2025-04-24,MAT_05,572,2976
2025-04-25,MAT_05,570,2406
2025-04-26,MAT_05,444,1962
2025-04-27,MAT_05,420,1542
2025-04-28,MAT_05,486,1056
2025-04-29,MAT_05,587,7050
2025-04-30,MAT_05,567,6483
2025-05-01,MAT_05,550,5933
2025-05-02,MAT_05,485,5448
2025-05-03,MAT_05,512,4936
2025-05-04,MAT_05,454,4482
2025-05-05,MAT_05,514,3968
2025-05-06,MAT_05,612,3356
2025-05-07,MAT_05,568,2788
2025-05-08,MAT_05,574,2214
2025-05-09,MAT_05,512,1702
2025-05-10,MAT_05,467,1235
2025-05-11,MAT_05,422,813
2025-05-12,MAT_05,576,6818
2025-05-13,MAT_05,670,6148
2025-05-14,MAT_05,585,5563
2025-05-15,MAT_05,501,5062
2025-05-16,MAT_05,490,4572
2025-05-17,MAT_05,495,4077
2025-05-18,MAT_05,436,3641
2025-05-19,MAT_05,508,3133
2025-05-20,MAT_05,578,2555
2025-05-21,MAT_05,628,1927
2025-05-22,MAT_05,572,1355
2025-05-23,MAT_05,515,840
2025-05-24,MAT_05,423,6998
2025-05-25,MAT_05,471,6527
2025-05-26,MAT_05,472,6055
2025-05-27,MAT_05,590,5465
2025-05-28,MAT_05,615,4850
2025-05-29,MAT_05,551,4299
2025-05-30,MAT_05,452,3847
2025-05-31,MAT_05,422,3425
2025-06-01,MAT_05,522,2903
2025-06-02,MAT_05,477,2426
2025-06-03,MAT_05,1140,1286
2025-06-04,MAT_05,1101,185
2025-06-05,MAT_05,971,0
2025-06-06,MAT_05,771,5810
2025-06-07,MAT_05,831,4979
2025-06-08,MAT_05,434,4545
2025-06-09,MAT_05,559,3986
2025-06-10,MAT_05,492,3494
2025-06-11,MAT_05,641,2853
2025-06-12,MAT_05,520,2333
2025-06-13,MAT_05,461,1872
2025-06-14,MAT_05,381,1491
2025-06-15,MAT_05,432,1059
2025-06-16,MAT_05,488,7152
2025-06-17,MAT_05,558,6594
2025-06-18,MAT_05,485,6109
2025-06-19,MAT_05,552,5557
2025-06-20,MAT_05,448,5109
2025-06-21,MAT_05,421,4688
2025-06-22,MAT_05,395,4293
2025-06-23,MAT_05,414,3879
2025-06-24,MAT_05,507,3372
2025-06-25,MAT_05,523,2849
2025-06-26,MAT_05,417,2432
2025-06-27,MAT_05,453,1979
2025-06-28,MAT_05,425,1554
2025-06-29,MAT_05,360,1194
2025-06-30,MAT_05,397,797
2025-07-01,MAT_05,478,6900
2025-07-02,MAT_05,503,6397
2025-07-03,MAT_05,453,5944
2025-07-04,MAT_05,403,5541
2025-07-05,MAT_05,378,5163
2025-07-06,MAT_05,319,4844
2025-07-07,MAT_05,373,4471
2025-07-08,MAT_05,358,4113
2025-07-09,MAT_05,530,3583
2025-07-10,MAT_05,452,3131
2025-07-11,MAT_05,438,2693
2025-07-12,MAT_05,305,2388
2025-07-13,MAT_05,367,2021
2025-07-14,MAT_05,425,1596
2025-07-15,MAT_05,440,1156
2025-07-16,MAT_05,408,748
2025-07-17,MAT_05,515,6814
2025-07-18,MAT_05,441,6373
2025-07-19,MAT_05,325,6048
2025-07-20,MAT_05,375,5673
2025-07-21,MAT_05,381,5292
2025-07-22,MAT_05,409,4883
2025-07-23,MAT_05,543,4340
2025-07-24,MAT_05,353,3987
2025-07-25,MAT_05,354,3633
2025-07-26,MAT_05,333,3300
2025-07-27,MAT_05,413,2887
2025-07-28,MAT_05,430,2457
2025-07-29,MAT_05,367,2090
2025-07-30,MAT_05,451,1639
2025-07-31,MAT_05,415,1224
2025-08-01,MAT_05,345,879
2025-08-02,MAT_05,345,534
2025-08-03,MAT_05,267,267
2025-08-04,MAT_05,361,0
2025-08-05,MAT_05,450,0
2025-08-06,MAT_05,470,0
2025-08-07,MAT_05,409,0
2025-08-08,MAT_05,332,6249
2025-08-09,MAT_05,302,5947
2025-08-10,MAT_05,351,5596
2025-08-11,MAT_05,370,5226
2025-08-12,MAT_05,373,4853
2025-08-13,MAT_05,375,4478
2025-08-14,MAT_05,327,4151
2025-08-15,MAT_05,398,3753
2025-08-16,MAT_05,333,3420
2025-08-17,MAT_05,304,3116
2025-08-18,MAT_05,339,2777
2025-08-19,MAT_05,384,2393
2025-08-20,MAT_05,468,1925
2025-08-21,MAT_05,467,1458
2025-08-22,MAT_05,299,1159
2025-08-23,MAT_05,338,7402
2025-08-24,MAT_05,301,7101
2025-08-25,MAT_05,341,6760
2025-08-26,MAT_05,467,6293
2025-08-27,MAT_05,412,5881
2025-08-28,MAT_05,389,5492
2025-08-29,MAT_05,328,5164
2025-08-30,MAT_05,210,4954
2025-08-31,MAT_05,305,4649
2025-09-01,MAT_05,318,4331
2025-09-02,MAT_05,331,4000
2025-09-03,MAT_05,383,3617
2025-09-04,MAT_05,346,3271
2025-09-05,MAT_05,356,2915
2025-09-06,MAT_05,228,2687
2025-09-07,MAT_05,252,2435
2025-09-08,MAT_05,348,2087
2025-09-09,MAT_05,330,1757
2025-09-10,MAT_05,371,1386
2025-09-11,MAT_05,291,1095
2025-09-12,MAT_05,347,7329
2025-09-13,MAT_05,257,7072
2025-09-14,MAT_05,281,6791
2025-09-15,MAT_05,373,6418
2025-09-16,MAT_05,352,6066
2025-09-17,MAT_05,383,5683
2025-09-18,MAT_05,314,5369
2025-09-19,MAT_05,256,5113
2025-09-20,MAT_05,226,4887
2025-09-21,MAT_05,258,4629
2025-09-22,MAT_05,313,4316
2025-09-23,MAT_05,394,3922
2025-09-24,MAT_05,355,3567
2025-09-25,MAT_05,372,3195
2025-09-26,MAT_05,322,2873
2025-09-27,MAT_05,245,2628
2025-09-28,MAT_05,242,2386
2025-09-29,MAT_05,333,2053
2025-09-30,MAT_05,372,1681
2025-10-01,MAT_05,403,1278
2025-10-02,MAT_05,426,852
2025-10-03,MAT_05,304,7129
2025-10-04,MAT_05,237,6892
2025-10-05,MAT_05,239,6653
2025-10-06,MAT_05,292,6361
2025-10-07,MAT_05,317,6044
2025-10-08,MAT_05,435,5609
2025-10-09,MAT_05,261,5348
2025-10-10,MAT_05,323,5025
2025-10-11,MAT_05,229,4796
2025-10-12,MAT_05,257,4539
2025-10-13,MAT_05,292,4247
2025-10-14,MAT_05,447,3800
2025-10-15,MAT_05,397,3403
2025-10-16,MAT_05,396,3007
2025-10-17,MAT_05,362,2645
2025-10-18,MAT_05,277,2368
2025-10-19,MAT_05,231,2137
2025-10-20,MAT_05,325,1812
2025-10-21,MAT_05,355,1457
2025-10-22,MAT_05,378,1079
2025-10-23,MAT_05,361,7299
2025-10-24,MAT_05,303,6996
2025-10-25,MAT_05,292,6704
2025-10-26,MAT_05,312,6392
2025-10-27,MAT_05,334,6058
2025-10-28,MAT_05,410,5648
2025-10-29,MAT_05,382,5266
2025-10-30,MAT_05,429,4837
2025-10-31,MAT_05,290,4547
2025-11-01,MAT_05,333,4214
2025-11-02,MAT_05,229,3985
2025-11-03,MAT_05,330,3655
2025-11-04,MAT_05,384,3271
2025-11-05,MAT_05,425,2846
2025-11-06,MAT_05,416,2430
2025-11-07,MAT_05,267,2163
2025-11-08,MAT_05,239,1924
2025-11-09,MAT_05,240,1684
2025-11-10,MAT_05,412,1272
2025-11-11,MAT_05,420,7433
2025-11-12,MAT_05,373,7060
2025-11-13,MAT_05,367,6693
2025-11-14,MAT_05,383,6310
2025-11-15,MAT_05,284,6026
2025-11-16,MAT_05,296,5730
2025-11-17,MAT_05,329,5401
2025-11-18,MAT_05,371,5030
2025-11-19,MAT_05,482,4548
2025-11-20,MAT_05,470,4078
2025-11-21,MAT_05,297,3781
2025-11-22,MAT_05,368,3413
2025-11-23,MAT_05,299,3114
2025-11-24,MAT_05,397,2717
2025-11-25,MAT_05,488,2229
2025-11-26,MAT_05,434,1795
2025-11-27,MAT_05,392,1403
2025-11-28,MAT_05,386,1017
2025-11-29,MAT_05,268,7330
2025-11-30,MAT_05,382,6948
2025-12-01,MAT_05,391,6557
2025-12-02,MAT_05,412,6145
2025-12-03,MAT_05,426,5719
2025-12-04,MAT_05,357,5362
2025-12-05,MAT_05,924,4438
2025-12-06,MAT_05,865,3573
2025-12-07,MAT_05,809,2764
2025-12-08,MAT_05,1075,1689
2025-12-09,MAT_05,1282,407
2025-12-10,MAT_05,1239,0
2025-12-11,MAT_05,459,6122
2025-12-12,MAT_05,340,5782
2025-12-13,MAT_05,385,5397
2025-12-14,MAT_05,361,5036
2025-12-15,MAT_05,477,4559
2025-12-16,MAT_05,568,3991
2025-12-17,MAT_05,456,3535
2025-12-18,MAT_05,424,3111
2025-12-19,MAT_05,377,2734
2025-12-20,MAT_05,380,2354
2025-12-21,MAT_05,427,1927
2025-12-22,MAT_05,393,1534
2025-12-23,MAT_05,492,1042
2025-12-24,MAT_05,484,7139
2025-12-25,MAT_05,483,6656
2025-12-26,MAT_05,467,6189
2025-12-27,MAT_05,356,5833
2025-12-28,MAT_05,308,5525
2025-12-29,MAT_05,468,5057
2025-12-30,MAT_05,452,4605
2024-01-01,MAT_06,668,20670
2024-01-02,MAT_06,813,19857
2024-01-03,MAT_06,802,19055
2024-01-04,MAT_06,723,18332
2024-01-05,MAT_06,606,17726
2024-01-06,MAT_06,396,17330
2024-01-07,MAT_06,663,16667
2024-01-08,MAT_06,681,15986
2024-01-09,MAT_06,883,15103
2024-01-10,MAT_06,830,14273
2024-01-11,MAT_06,714,13559
2024-01-12,MAT_06,737,12822
2024-01-13,MAT_06,691,12131
2024-01-14,MAT_06,621,11510
2024-01-15,MAT_06,799,10711
2024-01-16,MAT_06,762,9949
2024-01-17,MAT_06,833,9116
2024-01-18,MAT_06,809,8307
2024-01-19,MAT_06,738,7569
2024-01-20,MAT_06,675,6894
2024-01-21,MAT_06,633,6261
2024-01-22,MAT_06,811,5450
2024-01-23,MAT_06,811,4639
2024-01-24,MAT_06,803,3836
2024-01-25,MAT_06,752,3084
2024-01-26,MAT_06,835,12410
2024-01-27,MAT_06,601,11809
2024-01-28,MAT_06,761,11048
2024-01-29,MAT_06,679,10369
2024-01-30,MAT_06,871,9498
2024-01-31,MAT_06,880,8618
2024-02-01,MAT_06,917,7701
2024-02-02,MAT_06,678,7023
2024-02-03,MAT_06,606,6417
2024-02-04,MAT_06,684,5733
2024-02-05,MAT_06,886,4847
2024-02-06,MAT_06,795,4052
2024-02-07,MAT_06,702,3350
2024-02-08,MAT_06,829,2521
2024-02-09,MAT_06,803,11879
2024-02-10,MAT_06,617,11262
2024-02-11,MAT_06,765,10497
2024-02-12,MAT_06,719,9778
2024-02-13,MAT_06,861,8917
2024-02-14,MAT_06,1728,7189
2024-02-15,MAT_06,1390,5799
2024-02-16,MAT_06,1402,4397
2024-02-17,MAT_06,1434,2963
2024-02-18,MAT_06,1381,1582
2024-02-19,MAT_06,755,827
2024-02-20,MAT_06,988,0
2024-02-21,MAT_06,951,0
2024-02-22,MAT_06,728,9433
2024-02-23,MAT_06,826,8607
2024-02-24,MAT_06,675,7932
2024-02-25,MAT_06,749,7183
2024-02-26,MAT_06,885,6298
2024-02-27,MAT_06,860,5438
2024-02-28,MAT_06,807,4631
2024-02-29,MAT_06,967,3664
2024-03-01,MAT_06,858,2806
2024-03-02,MAT_06,719,2087
2024-03-03,MAT_06,804,11444
2024-03-04,MAT_06,802,10642
2024-03-05,MAT_06,914,9728
2024-03-06,MAT_06,919,8809
2024-03-07,MAT_06,853,7956
2024-03-08,MAT_06,812,7144
2024-03-09,MAT_06,652,6492
2024-03-10,MAT_06,738,5754
2024-03-11,MAT_06,857,4897
2024-03-12,MAT_06,1040,3857
2024-03-13,MAT_06,857,3000
2024-03-14,MAT_06,918,2082
2024-03-15,MAT_06,838,1244
2024-03-16,MAT_06,614,630
2024-03-17,MAT_06,789,0
2024-03-18,MAT_06,901,0
2024-03-19,MAT_06,962,0
2024-03-20,MAT_06,936,0
2024-03-21,MAT_06,910,9251
2024-03-22,MAT_06,812,8439
2024-03-23,MAT_06,631,7808
2024-03-24,MAT_06,779,7029
2024-03-25,MAT_06,821,6208
2024-03-26,MAT_06,877,5331
2024-03-27,MAT_06,1113,4218
2024-03-28,MAT_06,975,3243
2024-03-29,MAT_06,724,2519
2024-03-30,MAT_06,771,1748
2024-03-31,MAT_06,866,11043
2024-04-01,MAT_06,745,10298
2024-04-02,MAT_06,931,9367
2024-04-03,MAT_06,954,8413
2024-04-04,MAT_06,804,7609
2024-04-05,MAT_06,828,6781
2024-04-06,MAT_06,823,5958
2024-04-07,MAT_06,869,5089
2024-04-08,MAT_06,829,4260
2024-04-09,MAT_06,1094,3166
2024-04-10,MAT_06,804,2362
2024-04-11,MAT_06,913,1449
2024-04-12,MAT_06,704,10906
2024-04-13,MAT_06,750,10156
2024-04-14,MAT_06,728,9428
2024-04-15,MAT_06,876,8552
2024-04-16,MAT_06,912,7640
2024-04-17,MAT_06,884,6756
2024-04-18,MAT_06,832,5924
2024-04-19,MAT_06,926,4998
2024-04-20,MAT_06,769,4229
2024-04-21,MAT_06,642,3587
2024-04-22,MAT_06,873,2714
2024-04-23,MAT_06,901,1813
2024-04-24,MAT_06,933,11041
2024-04-25,MAT_06,932,10109
2024-04-26,MAT_06,868,9241
2024-04-27,MAT_06,673,8568
2024-04-28,MAT_06,748,7820
2024-04-29,MAT_06,791,7029
2024-04-30,MAT_06,946,6083
2024-05-01,MAT_06,908,5175
2024-05-02,MAT_06,870,4305
2024-05-03,MAT_06,760,3545
2024-05-04,MAT_06,714,2831
2024-05-05,MAT_06,855,1976
2024-05-06,MAT_06,979,11158
2024-05-07,MAT_06,921,10237
2024-05-08,MAT_06,906,9331
2024-05-09,MAT_06,748,8583
2024-05-10,MAT_06,715,7868
2024-05-11,MAT_06,701,7167
2024-05-12,MAT_06,679,6488
2024-05-13,MAT_06,764,5724
2024-05-14,MAT_06,989,4735
2024-05-15,MAT_06,902,3833
2024-05-16,MAT_06,851,2982
2024-05-17,MAT_06,707,2275
2024-05-18,MAT_06,775,11661
2024-05-19,MAT_06,699,10962
2024-05-20,MAT_06,755,10207
2024-05-21,MAT_06,761,9446
2024-05-22,MAT_06,881,8565
2024-05-23,MAT_06,791,7774
2024-05-24,MAT_06,852,6922
2024-05-25,MAT_06,805,6117
2024-05-26,MAT_06,614,5503
2024-05-27,MAT_06,699,4804
2024-05-28,MAT_06,833,3971
2024-05-29,MAT_06,814,3157
2024-05-30,MAT_06,826,2331
2024-05-31,MAT_06,699,11793
2024-06-01,MAT_06,682,11111
2024-06-02,MAT_06,749,10362
2024-06-03,MAT_06,685,9677
2024-06-04,MAT_06,901,8776
2024-06-05,MAT_06,802,7974
2024-06-06,MAT_06,939,7035
2024-06-07,MAT_06,812,6223
2024-06-08,MAT_06,637,5586
2024-06-09,MAT_06,597,4989
2024-06-10,MAT_06,660,4329
2024-06-11,MAT_06,875,3454
2024-06-12,MAT_06,830,2624
2024-06-13,MAT_06,837,11948
2024-06-14,MAT_06,833,11115
2024-06-15,MAT_06,574,10541
2024-06-16,MAT_06,559,9982
2024-06-17,MAT_06,732,9250
2024-06-18,MAT_06,873,8377
2024-06-19,MAT_06,749,7628
2024-06-20,MAT_06,757,6871
2024-06-21,MAT_06,757,6114
2024-06-22,MAT_06,495,5619
2024-06-23,MAT_06,639,4980
2024-06-24,MAT_06,663,4317
2024-06-25,MAT_06,784,3533
2024-06-26,MAT_06,841,2692
2024-06-27,MAT_06,750,12103
2024-06-28,MAT_06,575,11528
2024-06-29,MAT_06,552,10976
2024-06-30,MAT_06,699,10277
2024-07-01,MAT_06,701,9576
2024-07-02,MAT_06,812,8764
2024-07-03,MAT_06,789,7975
2024-07-04,MAT_06,769,7206
2024-07-05,MAT_06,596,6610
2024-07-06,MAT_06,513,6097
2024-07-07,MAT_06,634,5463
2024-07-08,MAT_06,735,4728
2024-07-09,MAT_06,673,4055
2024-07-10,MAT_06,713,3342
2024-07-11,MAT_06,683,12820
2024-07-12,MAT_06,713,12107
2024-07-13,MAT_06,583,11524
2024-07-14,MAT_06,472,11052
2024-07-15,MAT_06,632,10420
2024-07-16,MAT_06,698,9722
2024-07-17,MAT_06,652,9070
2024-07-18,MAT_06,667,8403
2024-07-19,MAT_06,563,7840
2024-07-20,MAT_06,501,7339
2024-07-21,MAT_06,515,6824
2024-07-22,MAT_06,719,6105
2024-07-23,MAT_06,671,5434
2024-07-24,MAT_06,716,4718
2024-07-25,MAT_06,651,4067
2024-07-26,MAT_06,530,13698
2024-07-27,MAT_06,512,13186
2024-07-28,MAT_06,528,12658
2024-07-29,MAT_06,606,12052
2024-07-30,MAT_06,619,11433
2024-07-31,MAT_06,680,10753
2024-08-01,MAT_06,688,10065
2024-08-02,MAT_06,534,9531
2024-08-03,MAT_06,499,9032
2024-08-04,MAT_06,517,8515
2024-08-05,MAT_06,611,7904
2024-08-06,MAT_06,697,7207
2024-08-07,MAT_06,665,6542
2024-08-08,MAT_06,558,5984
2024-08-09,MAT_06,447,5537
2024-08-10,MAT_06,541,4996
2024-08-11,MAT_06,541,4455
2024-08-12,MAT_06,610,14006
2024-08-13,MAT_06,699,13307
2024-08-14,MAT_06,650,12657
2024-08-15,MAT_06,562,12095
2024-08-16,MAT_06,447,11648
2024-08-17,MAT_06,383,11265
2024-08-18,MAT_06,557,10708
2024-08-19,MAT_06,518,10190
2024-08-20,MAT_06,701,9489
2024-08-21,MAT_06,634,8855
2024-08-22,MAT_06,544,8311
2024-08-23,MAT_06,426,7885
2024-08-24,MAT_06,404,7481
2024-08-25,MAT_06,557,6924
2024-08-26,MAT_06,466,6458
2024-08-27,MAT_06,760,5698
2024-08-28,MAT_06,578,5120
2024-08-29,MAT_06,629,4491
2024-08-30,MAT_06,479,14173
2024-08-31,MAT_06,410,13763
2024-09-01,MAT_06,364,13399
2024-09-02,MAT_06,522,12877
2024-09-03,MAT_06,528,12349
2024-09-04,MAT_06,511,11838
2024-09-05,MAT_06,577,11261
2024-09-06,MAT_06,436,10825
2024-09-07,MAT_06,537,10288
2024-09-08,MAT_06,509,9779
2024-09-09,MAT_06,635,9144
2024-09-10,MAT_06,552,8592
2024-09-11,MAT_06,626,7966
2024-09-12,MAT_06,383,7583
2024-09-13,MAT_06,453,7130
2024-09-14,MAT_06,423,6707
2024-09-15,MAT_06,445,6262
2024-09-16,MAT_06,511,5751
2024-09-17,MAT_06,597,5154
2024-09-18,MAT_06,427,14888
2024-09-19,MAT_06,573,14315
2024-09-20,MAT_06,500,13815
2024-09-21,MAT_06,502,13313
2024-09-22,MAT_06,455,12858
2024-09-23,MAT_06,501,12357
2024-09-24,MAT_06,663,11694
2024-09-25,MAT_06,448,11246
2024-09-26,MAT_06,518,10728
2024-09-27,MAT_06,1021,9707
2024-09-28,MAT_06,1007,8700
2024-09-29,MAT_06,693,8007
2024-09-30,MAT_06,1479,6528
2024-10-01,MAT_06,1413,5115
2024-10-02,MAT_06,1557,3558
2024-10-03,MAT_06,1405,2153
2024-10-04,MAT_06,550,1603
2024-10-05,MAT_06,283,1320
2024-10-06,MAT_06,437,883
2024-10-07,MAT_06,587,10457
2024-10-08,MAT_06,582,9875
2024-10-09,MAT_06,544,9331
2024-10-10,MAT_06,513,8818
2024-10-11,MAT_06,440,8378
2024-10-12,MAT_06,363,8015
2024-10-13,MAT_06,422,7593
2024-10-14,MAT_06,615,6978
2024-10-15,MAT_06,552,6426
2024-10-16,MAT_06,580,5846
2024-10-17,MAT_06,590,5256
2024-10-18,MAT_06,460,4796
2024-10-19,MAT_06,327,14630
2024-10-20,MAT_06,434,14196
2024-10-21,MAT_06,512,13684
2024-10-22,MAT_06,665,13019
2024-10-23,MAT_06,554,12465
2024-10-24,MAT_06,632,11833
2024-10-25,MAT_06,472,11361
2024-10-26,MAT_06,350,11011
2024-10-27,MAT_06,357,10654
2024-10-28,MAT_06,657,9997
2024-10-29,MAT_06,596,9401
2024-10-30,MAT_06,692,8709
2024-10-31,MAT_06,459,8250
2024-11-01,MAT_06,667,7583
2024-11-02,MAT_06,495,7088
2024-11-03,MAT_06,438,6650
2024-11-04,MAT_06,516,6134
2024-11-05,MAT_06,667,5467
2024-11-06,MAT_06,685,4782
2024-11-07,MAT_06,598,4184
2024-11-08,MAT_06,500,13845
2024-11-09,MAT_06,484,13361
2024-11-10,MAT_06,350,13011
2024-11-11,MAT_06,524,12487
2024-11-12,MAT_06,519,11968
2024-11-13,MAT_06,693,11275
2024-11-14,MAT_06,553,10722
2024-11-15,MAT_06,406,10316
2024-11-16,MAT_06,406,9910
2024-11-17,MAT_06,492,9418
2024-11-18,MAT_06,549,8869
2024-11-19,MAT_06,565,8304
2024-11-20,MAT_06,551,7753
2024-11-21,MAT_06,619,7134
2024-11-22,MAT_06,489,6645
2024-11-23,MAT_06,458,6187
2024-11-24,MAT_06,486,5701
2024-11-25,MAT_06,608,5093
2024-11-26,MAT_06,718,4375
2024-11-27,MAT_06,693,13843
2024-11-28,MAT_06,609,13234
2024-11-29,MAT_06,546,12688
2024-11-30,MAT_06,469,12219
2024-12-01,MAT_06,403,11816
2024-12-02,MAT_06,670,11146
2024-12-03,MAT_06,740,10406
2024-12-04,MAT_06,835,9571
2024-12-05,MAT_06,803,8768
2024-12-06,MAT_06,483,8285
2024-12-07,MAT_06,488,7797
2024-12-08,MAT_06,703,7094
2024-12-09,MAT_06,612,6482
2024-12-10,MAT_06,713,5769
2024-12-11,MAT_06,616,5153
2024-12-12,MAT_06,677,4476
2024-12-13,MAT_06,713,3763
2024-12-14,MAT_06,617,13307
2024-12-15,MAT_06,511,12796
2024-12-16,MAT_06,607,12189
2024-12-17,MAT_06,640,11549
2024-12-18,MAT_06,681,10868
2024-12-19,MAT_06,557,10311
2024-12-20,MAT_06,596,9715
2024-12-21,MAT_06,652,9063
2024-12-22,MAT_06,596,8467
2024-12-23,MAT_06,747,7720
2024-12-24,MAT_06,809,6911
2024-12-25,MAT_06,722,6189
2024-12-26,MAT_06,655,5534
2024-12-27,MAT_06,573,4961
2024-12-28,MAT_06,453,4508
2024-12-29,MAT_06,594,3914
2024-12-30,MAT_06,478,13597
2024-12-31,MAT_06,797,12800
2025-01-01,MAT_06,784,12016
2025-01-02,MAT_06,759,11257
2025-01-03,MAT_06,714,10543
2025-01-04,MAT_06,603,9940
2025-01-05,MAT_06,723,9217
2025-01-06,MAT_06,737,8480
2025-01-07,MAT_06,726,7754
2025-01-08,MAT_06,784,6970
2025-01-09,MAT_06,594,6376
2025-01-10,MAT_06,601,5775
2025-01-11,MAT_06,584,5191
2025-01-12,MAT_06,670,4521
2025-01-13,MAT_06,664,3857
2025-01-14,MAT_06,713,3144
2025-01-15,MAT_06,692,12613
2025-01-16,MAT_06,727,11886
2025-01-17,MAT_06,814,11072
2025-01-18,MAT_06,648,10424
2025-01-19,MAT_06,716,9708
2025-01-20,MAT_06,674,9034
2025-01-21,MAT_06,710,8324
2025-01-22,MAT_06,756,7568
2025-01-23,MAT_06,780,6788
2025-01-24,MAT_06,566,6222
2025-01-25,MAT_06,581,5641
2025-01-26,MAT_06,632,5009
2025-01-27,MAT_06,664,4345
2025-01-28,MAT_06,691,3654
2025-01-29,MAT_06,877,12938
2025-01-30,MAT_06,808,12130
2025-01-31,MAT_06,772,11358
2025-02-01,MAT_06,592,10766
2025-02-02,MAT_06,741,10025
2025-02-03,MAT_06,875,9150
2025-02-04,MAT_06,871,8279
2025-02-05,MAT_06,833,7446
2025-02-06,MAT_06,832,6614
2025-02-07,MAT_06,692,5922
2025-02-08,MAT_06,628,5294
2025-02-09,MAT_06,752,4542
2025-02-10,MAT_06,778,3764
2025-02-11,MAT_06,950,2814
2025-02-12,MAT_06,861,1953
2025-02-13,MAT_06,815,11299
2025-02-14,MAT_06,713,10586
2025-02-15,MAT_06,623,9963
2025-02-16,MAT_06,776,9187
2025-02-17,MAT_06,950,8237
2025-02-18,MAT_06,857,7380
2025-02-19,MAT_06,859,6521
2025-02-20,MAT_06,801,5720
2025-02-21,MAT_06,719,5001
2025-02-22,MAT_06,824,4177
2025-02-23,MAT_06,685,3492
2025-02-24,MAT_06,775,2717
2025-02-25,MAT_06,812,1905
2025-02-26,MAT_06,937,11129
2025-02-27,MAT_06,859,10270
2025-02-28,MAT_06,700,9570
2025-03-01,MAT_06,663,8907
2025-03-02,MAT_06,849,8058
2025-03-03,MAT_06,2010,6048
2025-03-04,MAT_06,2217,3831
2025-03-05,MAT_06,2269,1562
2025-03-06,MAT_06,2350,0
2025-03-07,MAT_06,1738,0
2025-03-08,MAT_06,1714,0
2025-03-09,MAT_06,742,0
2025-03-10,MAT_06,718,9443
2025-03-11,MAT_06,853,8590
2025-03-12,MAT_06,1007,7583
2025-03-13,MAT_06,933,6650
2025-03-14,MAT_06,858,5792
2025-03-15,MAT_06,700,5092
2025-03-16,MAT_06,729,4363
2025-03-17,MAT_06,720,3643
2025-03-18,MAT_06,984,2659
2025-03-19,MAT_06,1016,1643
2025-03-20,MAT_06,960,10844
2025-03-21,MAT_06,908,9936
2025-03-22,MAT_06,774,9162
2025-03-23,MAT_06,871,8291
2025-03-24,MAT_06,831,7460
2025-03-25,MAT_06,805,6655
2025-03-26,MAT_06,1003,5652
2025-03-27,MAT_06,768,4884
2025-03-28,MAT_06,814,4070
2025-03-29,MAT_06,812,3258
2025-03-30,MAT_06,789,2469
2025-03-31,MAT_06,1001,1468
2025-04-01,MAT_06,793,10836
2025-04-02,MAT_06,940,9896
2025-04-03,MAT_06,892,9004
2025-04-04,MAT_06,711,8293
2025-04-05,MAT_06,669,7624
2025-04-06,MAT_06,709,6915
2025-04-07,MAT_06,771,6144
2025-04-08,MAT_06,918,5226
2025-04-09,MAT_06,903,4323
2025-04-10,MAT_06,910,3413
2025-04-11,MAT_06,844,2569
2025-04-12,MAT_06,784,11946
2025-04-13,MAT_06,736,11210
2025-04-14,MAT_06,862,10348
2025-04-15,MAT_06,992,9356
2025-04-16,MAT_06,971,8385
2025-04-17,MAT_06,1011,7374
2025-04-18,MAT_06,862,6512
2025-04-19,MAT_06,856,5656
2025-04-20,MAT_06,590,5066
2025-04-21,MAT_06,844,4222
2025-04-22,MAT_06,894,3328
2025-04-23,MAT_06,926,2402
2025-04-24,MAT_06,823,1579
2025-04-25,MAT_06,816,10924
2025-04-26,MAT_06,610,10314
2025-04-27,MAT_06,778,9536
2025-04-28,MAT_06,777,8759
2025-04-29,MAT_06,873,7886
2025-04-30,MAT_06,955,6931
2025-05-01,MAT_06,874,6057
2025-05-02,MAT_06,851,5206
2025-05-03,MAT_06,657,4549
2025-05-04,MAT_06,736,3813
2025-05-05,MAT_06,1616,2197
2025-05-06,MAT_06,1693,504
2025-05-07,MAT_06,1734,8931
2025-05-08,MAT_06,1715,7216
2025-05-09,MAT_06,1361,5855
2025-05-10,MAT_06,1231,4624
2025-05-11,MAT_06,768,3856
2025-05-12,MAT_06,797,3059
2025-05-13,MAT_06,960,2099
2025-05-14,MAT_06,927,1172
2025-05-15,MAT_06,803,369
2025-05-16,MAT_06,778,9752
2025-05-17,MAT_06,637,9115
2025-05-18,MAT_06,779,8336
2025-05-19,MAT_06,698,7638
2025-05-20,MAT_06,953,6685
2025-05-21,MAT_06,909,5776
2025-05-22,MAT_06,819,4957
2025-05-23,MAT_06,791,4166
2025-05-24,MAT_06,717,3449
2025-05-25,MAT_06,790,2659
2025-05-26,MAT_06,866,11954
2025-05-27,MAT_06,878,11076
2025-05-28,MAT_06,812,10264
2025-05-29,MAT_06,1902,8362
2025-05-30,MAT_06,1758,6604
2025-05-31,MAT_06,1809,4795
2025-06-01,MAT_06,1596,3199
2025-06-02,MAT_06,1798,1401
2025-06-03,MAT_06,2354,0
2025-06-04,MAT_06,2072,0
2025-06-05,MAT_06,1843,0
2025-06-06,MAT_06,758,0
2025-06-07,MAT_06,644,9517
2025-06-08,MAT_06,570,8947
2025-06-09,MAT_06,812,8135
2025-06-10,MAT_06,767,7368
2025-06-11,MAT_06,838,6530
2025-06-12,MAT_06,773,5757
2025-06-13,MAT_06,702,5055
2025-06-14,MAT_06,480,4575
2025-06-15,MAT_06,623,3952
2025-06-16,MAT_06,798,3154
2025-06-17,MAT_06,884,12431
2025-06-18,MAT_06,748,11683
2025-06-19,MAT_06,820,10863
2025-06-20,MAT_06,615,10248
2025-06-21,MAT_06,583,9665
2025-06-22,MAT_06,604,9061
2025-06-23,MAT_06,709,8352
2025-06-24,MAT_06,846,7506
2025-06-25,MAT_06,813,6693
2025-06-26,MAT_06,729,5964
2025-06-27,MAT_06,712,5252
2025-06-28,MAT_06,534,4718
2025-06-29,MAT_06,600,4118
2025-06-30,MAT_06,749,3369
2025-07-01,MAT_06,794,12736
2025-07-02,MAT_06,743,11993
2025-07-03,MAT_06,615,11378
2025-07-04,MAT_06,647,10731
2025-07-05,MAT_06,461,10270
2025-07-06,MAT_06,570,9700
2025-07-07,MAT_06,741,8959
2025-07-08,MAT_06,778,8181
2025-07-09,MAT_06,618,7563
2025-07-10,MAT_06,710,6853
2025-07-11,MAT_06,584,6269
2025-07-12,MAT_06,462,5807
2025-07-13,MAT_06,587,5220
2025-07-14,MAT_06,608,4612
2025-07-15,MAT_06,685,3927
2025-07-16,MAT_06,743,13345
2025-07-17,MAT_06,634,12711
2025-07-18,MAT_06,592,12119
2025-07-19,MAT_06,488,11631
2025-07-20,MAT_06,508,11123
2025-07-21,MAT_06,689,10434
2025-07-22,MAT_06,772,9662
2025-07-23,MAT_06,599,9063
2025-07-24,MAT_06,708,8355
2025-07-25,MAT_06,661,7694
2025-07-26,MAT_06,614,7080
2025-07-27,MAT_06,561,6519
2025-07-28,MAT_06,531,5988
2025-07-29,MAT_06,722,5266
2025-07-30,MAT_06,638,4628
2025-07-31,MAT_06,616,4012
2025-08-01,MAT_06,574,13599
2025-08-02,MAT_06,436,13163
2025-08-03,MAT_06,430,12733
2025-08-04,MAT_06,617,12116
2025-08-05,MAT_06,789,11327
2025-08-06,MAT_06,763,10564
2025-08-07,MAT_06,670,9894
2025-08-08,MAT_06,598,9296
2025-08-09,MAT_06,517,8779
2025-08-10,MAT_06,522,8257
2025-08-11,MAT_06,630,7627
2025-08-12,MAT_06,553,7074
2025-08-13,MAT_06,677,6397
2025-08-14,MAT_06,601,5796
2025-08-15,MAT_06,521,5275
2025-08-16,MAT_06,428,4847
2025-08-17,MAT_06,512,4335
2025-08-18,MAT_06,498,13998
2025-08-19,MAT_06,595,13403
2025-08-20,MAT_06,605,12798
2025-08-21,MAT_06,651,12147
2025-08-22,MAT_06,501,11646
2025-08-23,MAT_06,414,11232
2025-08-24,MAT_06,438,10794
2025-08-25,MAT_06,541,10253
2025-08-26,MAT_06,728,9525
2025-08-27,MAT_06,553,8972
2025-08-28,MAT_06,626,8346
2025-08-29,MAT_06,522,7824
2025-08-30,MAT_06,374,7450
2025-08-31,MAT_06,551,6899
2025-09-01,MAT_06,566,6333
2025-09-02,MAT_06,573,5760
2025-09-03,MAT_06,500,5260
2025-09-04,MAT_06,585,4675
2025-09-05,MAT_06,477,14359
2025-09-06,MAT_06,354,14005
2025-09-07,MAT_06,372,13633
2025-09-08,MAT_06,580,13053
2025-09-09,MAT_06,467,12586
2025-09-10,MAT_06,639,11947
2025-09-11,MAT_06,549,11398
2025-09-12,MAT_06,506,10892
2025-09-13,MAT_06,397,10495
2025-09-14,MAT_06,455,10040
2025-09-15,MAT_06,464,9576
2025-09-16,MAT_06,590,8986
2025-09-17,MAT_06,645,8341
2025-09-18,MAT_06,566,7775
2025-09-19,MAT_06,493,7282
2025-09-20,MAT_06,349,6933
2025-09-21,MAT_06,391,6542
2025-09-22,MAT_06,471,6071
2025-09-23,MAT_06,570,5501
2025-09-24,MAT_06,700,4801
2025-09-25,MAT_06,529,14433
2025-09-26,MAT_06,387,14046
2025-09-27,MAT_06,446,13600
2025-09-28,MAT_06,520,13080
2025-09-29,MAT_06,423,12657
2025-09-30,MAT_06,721,11936
2025-10-01,MAT_06,635,11301
2025-10-02,MAT_06,622,10679
2025-10-03,MAT_06,563,10116
2025-10-04,MAT_06,475,9641
2025-10-05,MAT_06,422,9219
2025-10-06,MAT_06,591,8628
2025-10-07,MAT_06,606,8022
2025-10-08,MAT_06,682,7340
2025-10-09,MAT_06,635,6705
2025-10-10,MAT_06,392,6313
2025-10-11,MAT_06,465,5848
2025-10-12,MAT_06,419,5429
2025-10-13,MAT_06,521,4908
2025-10-14,MAT_06,600,4308
2025-10-15,MAT_06,618,13851
2025-10-16,MAT_06,661,13190
2025-10-17,MAT_06,378,12812
2025-10-18,MAT_06,300,12512
2025-10-19,MAT_06,306,12206
2025-10-20,MAT_06,590,11616
2025-10-21,MAT_06,545,11071
2025-10-22,MAT_06,627,10444
2025-10-23,MAT_06,557,9887
2025-10-24,MAT_06,417,9470
2025-10-25,MAT_06,481,8989
2025-10-26,MAT_06,436,8553
2025-10-27,MAT_06,509,8044
2025-10-28,MAT_06,622,7422
2025-10-29,MAT_06,676,6746
2025-10-30,MAT_06,508,6238
2025-10-31,MAT_06,546,5692
2025-11-01,MAT_06,531,5161
2025-11-02,MAT_06,357,4804
2025-11-03,MAT_06,554,14411
2025-11-04,MAT_06,595,13816
2025-11-05,MAT_06,685,13131
2025-11-06,MAT_06,502,12629
2025-11-07,MAT_06,608,12021
2025-11-08,MAT_06,335,11686
2025-11-09,MAT_06,449,11237
2025-11-10,MAT_06,577,10660
2025-11-11,MAT_06,582,10078
2025-11-12,MAT_06,593,9485
2025-11-13,MAT_06,612,8873
2025-11-14,MAT_06,516,8357
2025-11-15,MAT_06,458,7899
2025-11-16,MAT_06,538,7361
2025-11-17,MAT_06,534,6827
2025-11-18,MAT_06,664,6163
2025-11-19,MAT_06,630,5533
2025-11-20,MAT_06,554,4979
2025-11-21,MAT_06,506,4473
2025-11-22,MAT_06,439,14195
2025-11-23,MAT_06,464,13731
2025-11-24,MAT_06,656,13075
2025-11-25,MAT_06,641,12434
2025-11-26,MAT_06,636,11798
2025-11-27,MAT_06,630,11168
2025-11-28,MAT_06,549,10619
2025-11-29,MAT_06,409,10210
2025-11-30,MAT_06,492,9718
2025-12-01,MAT_06,571,9147
2025-12-02,MAT_06,664,8483
2025-12-03,MAT_06,747,7736
2025-12-04,MAT_06,655,7081
2025-12-05,MAT_06,643,6438
2025-12-06,MAT_06,507,5931
2025-12-07,MAT_06,650,5281
2025-12-08,MAT_06,581,4700
2025-12-09,MAT_06,642,4058
2025-12-10,MAT_06,754,3304
2025-12-11,MAT_06,757,12708
2025-12-12,MAT_06,485,12223
2025-12-13,MAT_06,513,11710
2025-12-14,MAT_06,508,11202
2025-12-15,MAT_06,641,10561
2025-12-16,MAT_06,714,9847
2025-12-17,MAT_06,827,9020
2025-12-18,MAT_06,677,8343
2025-12-19,MAT_06,692,7651
2025-12-20,MAT_06,525,7126
2025-12-21,MAT_06,632,6494
2025-12-22,MAT_06,667,5827
2025-12-23,MAT_06,851,4976
2025-12-24,MAT_06,656,4320
2025-12-25,MAT_06,625,3695
2025-12-26,MAT_06,743,13113
2025-12-27,MAT_06,517,12596
2025-12-28,MAT_06,544,12052
2025-12-29,MAT_06,612,11440
2025-12-30,MAT_06,832,10608
2024-01-01,MAT_07,574,13198
2024-01-02,MAT_07,737,12461
2024-01-03,MAT_07,740,11721
2024-01-04,MAT_07,775,10946
2024-01-05,MAT_07,587,10359
2024-01-06,MAT_07,601,9758
2024-01-07,MAT_07,519,9239
2024-01-08,MAT_07,825,8414
2024-01-09,MAT_07,740,7674
2024-01-10,MAT_07,778,6896
2024-01-11,MAT_07,835,6061
2024-01-12,MAT_07,606,5455
2024-01-13,MAT_07,703,4752
2024-01-14,MAT_07,588,4164
2024-01-15,MAT_07,739,3425
2024-01-16,MAT_07,737,2688
2024-01-17,MAT_07,707,1981
2024-01-18,MAT_07,773,11045
2024-01-19,MAT_07,705,10340
2024-01-20,MAT_07,526,9814
2024-01-21,MAT_07,614,9200
2024-01-22,MAT_07,793,8407
2024-01-23,MAT_07,833,7574
2024-01-24,MAT_07,789,6785
2024-01-25,MAT_07,725,6060
2024-01-26,MAT_07,809,5251
2024-01-27,MAT_07,536,4715
2024-01-28,MAT_07,649,4066
2024-01-29,MAT_07,636,3430
2024-01-30,MAT_07,897,2533
2024-01-31,MAT_07,832,1701
2024-02-01,MAT_07,794,10744
2024-02-02,MAT_07,881,9863
2024-02-03,MAT_07,609,9254
2024-02-04,MAT_07,784,8470
2024-02-05,MAT_07,723,7747
2024-02-06,MAT_07,813,6934
2024-02-07,MAT_07,1022,5912
2024-02-08,MAT_07,788,5124
2024-02-09,MAT_07,625,4499
2024-02-10,MAT_07,683,3816
2024-02-11,MAT_07,674,3142
2024-02-12,MAT_07,788,2354
2024-02-13,MAT_07,835,1519
2024-02-14,MAT_07,1010,10346
2024-02-15,MAT_07,850,9496
2024-02-16,MAT_07,659,8837
2024-02-17,MAT_07,687,8150
2024-02-18,MAT_07,647,7503
2024-02-19,MAT_07,762,6741
2024-02-20,MAT_07,797,5944
2024-02-21,MAT_07,1016,4928
2024-02-22,MAT_07,781,4147
2024-02-23,MAT_07,788,3359
2024-02-24,MAT_07,670,2689
2024-02-25,MAT_07,636,2053
2024-02-26,MAT_07,803,1250
2024-02-27,MAT_07,895,10192
2024-02-28,MAT_07,926,9266
2024-02-29,MAT_07,666,8600
2024-03-01,MAT_07,673,7927
2024-03-02,MAT_07,765,7162
2024-03-03,MAT_07,662,6500
2024-03-04,MAT_07,814,5686
2024-03-05,MAT_07,796,4890
2024-03-06,MAT_07,947,3943
2024-03-07,MAT_07,908,3035
2024-03-08,MAT_07,811,2224
2024-03-09,MAT_07,779,1445
2024-03-10,MAT_07,834,10448
2024-03-11,MAT_07,732,9716
2024-03-12,MAT_07,835,8881
2024-03-13,MAT_07,966,7915
2024-03-14,MAT_07,929,6986
2024-03-15,MAT_07,726,6260
2024-03-16,MAT_07,669,5591
2024-03-17,MAT_07,694,4897
2024-03-18,MAT_07,710,4187
2024-03-19,MAT_07,809,3378
2024-03-20,MAT_07,830,2548
2024-03-21,MAT_07,840,1708
2024-03-22,MAT_07,792,10753
2024-03-23,MAT_07,750,10003
2024-03-24,MAT_07,708,9295
2024-03-25,MAT_07,787,8508
2024-03-26,MAT_07,904,7604
2024-03-27,MAT_07,817,6787
2024-03-28,MAT_07,925,5862
2024-03-29,MAT_07,861,5001
2024-03-30,MAT_07,683,4318
2024-03-31,MAT_07,717,3601
2024-04-01,MAT_07,901,2700
2024-04-02,MAT_07,889,1811
2024-04-03,MAT_07,954,10694
2024-04-04,MAT_07,856,9838
2024-04-05,MAT_07,879,8959
2024-04-06,MAT_07,755,8204
2024-04-07,MAT_07,778,7426
2024-04-08,MAT_07,856,6570
2024-04-09,MAT_07,859,5711
2024-04-10,MAT_07,883,4828
2024-04-11,MAT_07,911,3917
2024-04-12,MAT_07,783,3134
2024-04-13,MAT_07,643,2491
2024-04-14,MAT_07,862,1629
2024-04-15,MAT_07,879,10587
2024-04-16,MAT_07,894,9693
2024-04-17,MAT_07,892,8801
2024-04-18,MAT_07,869,7932
2024-04-19,MAT_07,803,7129
2024-04-20,MAT_07,582,6547
2024-04-21,MAT_07,872,5675
2024-04-22,MAT_07,758,4917
2024-04-23,MAT_07,885,4032
2024-04-24,MAT_07,906,3126
2024-04-25,MAT_07,980,2146
2024-04-26,MAT_07,757,1389
2024-04-27,MAT_07,812,10414
2024-04-28,MAT_07,752,9662
2024-04-29,MAT_07,738,8924
2024-04-30,MAT_07,886,8038
2024-05-01,MAT_07,887,7151
2024-05-02,MAT_07,769,6382
2024-05-03,MAT_07,777,5605
2024-05-04,MAT_07,700,4905
2024-05-05,MAT_07,752,4153
2024-05-06,MAT_07,804,3349
2024-05-07,MAT_07,824,2525
2024-05-08,MAT_07,934,1591
2024-05-09,MAT_07,788,10640
2024-05-10,MAT_07,539,10101
2024-05-11,MAT_07,695,9406
2024-05-12,MAT_07,668,8738
2024-05-13,MAT_07,804,7934
2024-05-14,MAT_07,985,6949
2024-05-15,MAT_07,1004,5945
2024-05-16,MAT_07,805,5140
2024-05-17,MAT_07,675,4465
2024-05-18,MAT_07,712,3753
2024-05-19,MAT_07,666,3087
2024-05-20,MAT_07,791,2296
2024-05-21,MAT_07,797,1499
2024-05-22,MAT_07,873,10463
2024-05-23,MAT_07,748,9715
2024-05-24,MAT_07,792,8923
2024-05-25,MAT_07,620,8303
2024-05-26,MAT_07,719,7584
2024-05-27,MAT_07,667,6917
2024-05-28,MAT_07,876,6041
2024-05-29,MAT_07,778,5263
2024-05-30,MAT_07,803,4460
2024-05-31,MAT_07,765,3695
2024-06-01,MAT_07,629,3066
2024-06-02,MAT_07,591,2475
2024-06-03,MAT_07,766,1709
2024-06-04,MAT_07,752,10794
2024-06-05,MAT_07,797,9997
2024-06-06,MAT_07,786,9211
2024-06-07,MAT_07,769,8442
2024-06-08,MAT_07,626,7816
2024-06-09,MAT_07,642,7174
2024-06-10,MAT_07,764,6410
2024-06-11,MAT_07,793,5617
2024-06-12,MAT_07,847,4770
2024-06-13,MAT_07,821,3949
2024-06-14,MAT_07,640,3309
2024-06-15,MAT_07,391,2918
2024-06-16,MAT_07,569,2349
2024-06-17,MAT_07,776,11410
2024-06-18,MAT_07,768,10642
2024-06-19,MAT_07,765,9877
2024-06-20,MAT_07,807,9070
2024-06-21,MAT_07,636,8434
2024-06-22,MAT_07,449,7985
2024-06-23,MAT_07,504,7481
2024-06-24,MAT_07,704,6777
2024-06-25,MAT_07,747,6030
2024-06-26,MAT_07,863,5167
2024-06-27,MAT_07,663,4504
2024-06-28,MAT_07,603,3901
2024-06-29,MAT_07,509,3392
2024-06-30,MAT_07,549,2843
2024-07-01,MAT_07,533,2310
2024-07-02,MAT_07,706,11441
2024-07-03,MAT_07,744,10697
2024-07-04,MAT_07,683,10014
2024-07-05,MAT_07,744,9270
2024-07-06,MAT_07,667,8603
2024-07-07,MAT_07,514,8089
2024-07-08,MAT_07,503,7586
2024-07-09,MAT_07,705,6881
2024-07-10,MAT_07,753,6128
2024-07-11,MAT_07,615,5513
2024-07-12,MAT_07,530,4983
2024-07-13,MAT_07,631,4352
2024-07-14,MAT_07,527,3825
2024-07-15,MAT_07,661,3164
2024-07-16,MAT_07,631,2533
2024-07-17,MAT_07,705,11665
2024-07-18,MAT_07,631,11034
2024-07-19,MAT_07,520,10514
2024-07-20,MAT_07,584,9930
2024-07-21,MAT_07,434,9496
2024-07-22,MAT_07,619,8877
2024-07-23,MAT_07,650,8227
2024-07-24,MAT_07,717,7510
2024-07-25,MAT_07,612,6898
2024-07-26,MAT_07,603,6295
2024-07-27,MAT_07,429,5866
2024-07-28,MAT_07,583,5283
2024-07-29,MAT_07,579,4704
2024-07-30,MAT_07,568,4136
2024-07-31,MAT_07,717,3419
2024-08-01,MAT_07,603,2816
2024-08-02,MAT_07,417,12236
2024-08-03,MAT_07,495,11741
2024-08-04,MAT_07,556,11185
2024-08-05,MAT_07,648,10537
2024-08-06,MAT_07,614,9923
2024-08-07,MAT_07,665,9258
2024-08-08,MAT_07,603,8655
2024-08-09,MAT_07,610,8045
2024-08-10,MAT_07,404,7641
2024-08-11,MAT_07,443,7198
2024-08-12,MAT_07,494,6704
2024-08-13,MAT_07,528,6176
2024-08-14,MAT_07,656,5520
2024-08-15,MAT_07,690,4830
2024-08-16,MAT_07,484,4346
2024-08-17,MAT_07,384,3962
2024-08-18,MAT_07,472,3490
2024-08-19,MAT_07,573,2917
2024-08-20,MAT_07,599,12155
2024-08-21,MAT_07,719,11436
2024-08-22,MAT_07,518,10918
2024-08-23,MAT_07,466,10452
2024-08-24,MAT_07,449,10003
2024-08-25,MAT_07,472,9531
2024-08-26,MAT_07,525,9006
2024-08-27,MAT_07,513,8493
2024-08-28,MAT_07,768,7725
2024-08-29,MAT_07,544,7181
2024-08-30,MAT_07,480,6701
2024-08-31,MAT_07,459,6242
2024-09-01,MAT_07,394,5848
2024-09-02,MAT_07,515,5333
2024-09-03,MAT_07,543,4790
2024-09-04,MAT_07,632,4158
2024-09-05,MAT_07,532,3626
2024-09-06,MAT_07,481,3145
2024-09-07,MAT_07,341,12641
2024-09-08,MAT_07,373,12268
2024-09-09,MAT_07,414,11854
2024-09-10,MAT_07,533,11321
2024-09-11,MAT_07,428,10893
2024-09-12,MAT_07,523,10370
2024-09-13,MAT_07,422,9948
2024-09-14,MAT_07,413,9535
2024-09-15,MAT_07,424,9111
2024-09-16,MAT_07,580,8531
2024-09-17,MAT_07,743,7788
2024-09-18,MAT_07,666,7122
2024-09-19,MAT_07,508,6614
2024-09-20,MAT_07,420,6194
2024-09-21,MAT_07,455,5739
2024-09-22,MAT_07,306,5433
2024-09-23,MAT_07,473,4960
2024-09-24,MAT_07,554,4406
2024-09-25,MAT_07,627,3779
2024-09-26,MAT_07,575,3204
2024-09-27,MAT_07,401,2803
2024-09-28,MAT_07,369,2434
2024-09-29,MAT_07,444,1990
2024-09-30,MAT_07,439,1551
2024-10-01,MAT_07,648,10740
2024-10-02,MAT_07,628,10112
2024-10-03,MAT_07,546,9566
2024-10-04,MAT_07,475,9091
2024-10-05,MAT_07,366,8725
2024-10-06,MAT_07,375,8350
2024-10-07,MAT_07,465,7885
2024-10-08,MAT_07,603,7282
2024-10-09,MAT_07,603,6679
2024-10-10,MAT_07,509,6170
2024-10-11,MAT_07,501,5669
2024-10-12,MAT_07,388,5281
2024-10-13,MAT_07,373,4908
2024-10-14,MAT_07,513,4395
2024-10-15,MAT_07,507,3888
2024-10-16,MAT_07,483,3405
2024-10-17,MAT_07,541,12701
2024-10-18,MAT_07,413,12288
2024-10-19,MAT_07,387,11901
2024-10-20,MAT_07,360,11541
2024-10-21,MAT_07,581,10960
2024-10-22,MAT_07,536,10424
2024-10-23,MAT_07,571,9853
2024-10-24,MAT_07,572,9281
2024-10-25,MAT_07,373,8908
2024-10-26,MAT_07,316,8592
2024-10-27,MAT_07,456,8136
2024-10-28,MAT_07,480,7656
2024-10-29,MAT_07,529,7127
2024-10-30,MAT_07,648,6479
2024-10-31,MAT_07,503,5976
2024-11-01,MAT_07,454,5522
2024-11-02,MAT_07,362,5160
2024-11-03,MAT_07,461,4699
2024-11-04,MAT_07,607,4092
2024-11-05,MAT_07,476,3616
2024-11-06,MAT_07,626,2990
2024-11-07,MAT_07,623,12204
2024-11-08,MAT_07,456,11748
2024-11-09,MAT_07,358,11390
2024-11-10,MAT_07,480,10910
2024-11-11,MAT_07,597,10313
2024-11-12,MAT_07,669,9644
2024-11-13,MAT_07,655,8989
2024-11-14,MAT_07,586,8403
2024-11-15,MAT_07,438,7965
2024-11-16,MAT_07,502,7463
2024-11-17,MAT_07,519,6944
2024-11-18,MAT_07,471,6473
2024-11-19,MAT_07,648,5825
2024-11-20,MAT_07,688,5137
2024-11-21,MAT_07,652,4485
2024-11-22,MAT_07,506,3979
2024-11-23,MAT_07,404,3575
2024-11-24,MAT_07,448,3127
2024-11-25,MAT_07,495,12469
2024-11-26,MAT_07,636,11833
2024-11-27,MAT_07,645,11188
2024-11-28,MAT_07,751,10437
2024-11-29,MAT_07,586,9851
2024-11-30,MAT_07,540,9311
2024-12-01,MAT_07,529,8782
2024-12-02,MAT_07,553,8229
2024-12-03,MAT_07,639,7590
2024-12-04,MAT_07,666,6924
2024-12-05,MAT_07,640,6284
2024-12-06,MAT_07,570,5714
2024-12-07,MAT_07,494,5220
2024-12-08,MAT_07,497,4723
2024-12-09,MAT_07,556,4167
2024-12-10,MAT_07,583,3584
2024-12-11,MAT_07,781,2803
2024-12-12,MAT_07,790,11850
2024-12-13,MAT_07,642,11208
2024-12-14,MAT_07,430,10778
2024-12-15,MAT_07,586,10192
2024-12-16,MAT_07,681,9511
2024-12-17,MAT_07,667,8844
2024-12-18,MAT_07,747,8097
2024-12-19,MAT_07,635,7462
2024-12-20,MAT_07,683,6779
2024-12-21,MAT_07,556,6223
2024-12-22,MAT_07,493,5730
2024-12-23,MAT_07,677,5053
2024-12-24,MAT_07,782,4271
2024-12-25,MAT_07,748,3523
2024-12-26,MAT_07,1393,2130
2024-12-27,MAT_07,1163,967
2024-12-28,MAT_07,929,9875
2024-12-29,MAT_07,1097,8778
2024-12-30,MAT_07,1338,7440
2024-12-31,MAT_07,724,6716
2025-01-01,MAT_07,807,5909
2025-01-02,MAT_07,678,5231
2025-01-03,MAT_07,600,4631
2025-01-04,MAT_07,626,4005
2025-01-05,MAT_07,608,3397
2025-01-06,MAT_07,646,2751
2025-01-07,MAT_07,820,1931
2025-01-08,MAT_07,729,11039
2025-01-09,MAT_07,676,10363
2025-01-10,MAT_07,456,9907
2025-01-11,MAT_07,554,9353
2025-01-12,MAT_07,698,8655
2025-01-13,MAT_07,556,8099
2025-01-14,MAT_07,709,7390
2025-01-15,MAT_07,822,6568
2025-01-16,MAT_07,596,5972
2025-01-17,MAT_07,627,5345
2025-01-18,MAT_07,685,4660
2025-01-19,MAT_07,766,3894
2025-01-20,MAT_07,730,3164
2025-01-21,MAT_07,730,2434
2025-01-22,MAT_07,749,1685
2025-01-23,MAT_07,771,10751
2025-01-24,MAT_07,697,10054
2025-01-25,MAT_07,750,9304
2025-01-26,MAT_07,714,8590
2025-01-27,MAT_07,735,7855
2025-01-28,MAT_07,787,7068
2025-01-29,MAT_07,1028,6040
2025-01-30,MAT_07,821,5219
2025-01-31,MAT_07,653,4566
2025-02-01,MAT_07,631,3935
2025-02-02,MAT_07,610,3325
2025-02-03,MAT_07,589,2736
2025-02-04,MAT_07,846,1890
2025-02-05,MAT_07,964,10763
2025-02-06,MAT_07,689,10074
2025-02-07,MAT_07,717,9357
2025-02-08,MAT_07,616,8741
2025-02-09,MAT_07,717,8024
2025-02-10,MAT_07,751,7273
2025-02-11,MAT_07,752,6521
2025-02-12,MAT_07,798,5723
2025-02-13,MAT_07,757,4966
2025-02-14,MAT_07,816,4150
2025-02-15,MAT_07,761,3389
2025-02-16,MAT_07,677,2712
2025-02-17,MAT_07,857,1855
2025-02-18,MAT_07,844,10848
2025-02-19,MAT_07,855,9993
2025-02-20,MAT_07,828,9165
2025-02-21,MAT_07,760,8405
2025-02-22,MAT_07,653,7752
2025-02-23,MAT_07,712,7040
2025-02-24,MAT_07,841,6199
2025-02-25,MAT_07,876,5323
2025-02-26,MAT_07,891,4432
2025-02-27,MAT_07,869,3563
2025-02-28,MAT_07,796,2767
2025-03-01,MAT_07,697,2070
2025-03-02,MAT_07,690,1380
2025-03-03,MAT_07,812,10405
2025-03-04,MAT_07,773,9632
2025-03-05,MAT_07,884,8748
2025-03-06,MAT_07,684,8064
2025-03-07,MAT_07,652,7412
2025-03-08,MAT_07,590,6822
2025-03-09,MAT_07,799,6023
2025-03-10,MAT_07,809,5214
2025-03-11,MAT_07,803,4411
2025-03-12,MAT_07,938,3473
2025-03-13,MAT_07,918,2555
2025-03-14,MAT_07,802,1753
2025-03-15,MAT_07,704,1049
2025-03-16,MAT_07,752,10134
2025-03-17,MAT_07,873,9261
2025-03-18,MAT_07,861,8400
2025-03-19,MAT_07,913,7487
2025-03-20,MAT_07,842,6645
2025-03-21,MAT_07,668,5977
2025-03-22,MAT_07,781,5196
2025-03-23,MAT_07,876,4320
2025-03-24,MAT_07,761,3559
2025-03-25,MAT_07,959,2600
2025-03-26,MAT_07,860,1740
2025-03-27,MAT_07,871,869
2025-03-28,MAT_07,876,9830
2025-03-29,MAT_07,689,9141
2025-03-30,MAT_07,742,8399
2025-03-31,MAT_07,702,7697
2025-04-01,MAT_07,853,6844
2025-04-02,MAT_07,791,6053
2025-04-03,MAT_07,891,5162
2025-04-04,MAT_07,831,4331
2025-04-05,MAT_07,709,3622
2025-04-06,MAT_07,761,2861
2025-04-07,MAT_07,798,2063
2025-04-08,MAT_07,944,1119
2025-04-09,MAT_07,923,10033
2025-04-10,MAT_07,730,9303
2025-04-11,MAT_07,836,8467
2025-04-12,MAT_07,696,7771
2025-04-13,MAT_07,656,7115
2025-04-14,MAT_07,787,6328
2025-04-15,MAT_07,767,5561
2025-04-16,MAT_07,828,4733
2025-04-17,MAT_07,866,3867
2025-04-18,MAT_07,785,3082
2025-04-19,MAT_07,736,2346
2025-04-20,MAT_07,735,1611
2025-04-21,MAT_07,765,10683
2025-04-22,MAT_07,883,9800
2025-04-23,MAT_07,876,8924
2025-04-24,MAT_07,743,8181
2025-04-25,MAT_07,713,7468
2025-04-26,MAT_07,768,6700
2025-04-27,MAT_07,831,5869
2025-04-28,MAT_07,845,5024
2025-04-29,MAT_07,980,4044
2025-04-30,MAT_07,902,3142
2025-05-01,MAT_07,956,2186
2025-05-02,MAT_07,889,1297
2025-05-03,MAT_07,586,10548
2025-05-04,MAT_07,732,9816
2025-05-05,MAT_07,799,9017
2025-05-06,MAT_07,840,8177
2025-05-07,MAT_07,918,7259
2025-05-08,MAT_07,833,6426
2025-05-09,MAT_07,695,5731
2025-05-10,MAT_07,687,5044
2025-05-11,MAT_07,785,4259
2025-05-12,MAT_07,793,3466
2025-05-13,MAT_07,897,2569
2025-05-14,MAT_07,855,1714
2025-05-15,MAT_07,848,10703
2025-05-16,MAT_07,652,10051
2025-05-17,MAT_07,643,9408
2025-05-18,MAT_07,686,8722
2025-05-19,MAT_07,684,8038
2025-05-20,MAT_07,788,7250
2025-05-21,MAT_07,880,6370
2025-05-22,MAT_07,812,5558
2025-05-23,MAT_07,769,4789
2025-05-24,MAT_07,621,4168
2025-05-25,MAT_07,681,3487
2025-05-26,MAT_07,708,2779
2025-05-27,MAT_07,873,1906
2025-05-28,MAT_07,922,10821
2025-05-29,MAT_07,820,10001
2025-05-30,MAT_07,770,9231
2025-05-31,MAT_07,647,8584
2025-06-01,MAT_07,714,7870
2025-06-02,MAT_07,741,7129
2025-06-03,MAT_07,743,6386
2025-06-04,MAT_07,843,5543
2025-06-05,MAT_07,705,4838
2025-06-06,MAT_07,836,4002
2025-06-07,MAT_07,605,3397
2025-06-08,MAT_07,686,2711
2025-06-09,MAT_07,717,1994
2025-06-10,MAT_07,711,11120
2025-06-11,MAT_07,684,10436
2025-06-12,MAT_07,802,9634
2025-06-13,MAT_07,766,8868
2025-06-14,MAT_07,560,8308
2025-06-15,MAT_07,516,7792
2025-06-16,MAT_07,678,7114
2025-06-17,MAT_07,712,6402
2025-06-18,MAT_07,747,5655
2025-06-19,MAT_07,774,4881
2025-06-20,MAT_07,642,4239
2025-06-21,MAT_07,535,3704
2025-06-22,MAT_07,644,3060
2025-06-23,MAT_07,723,2337
2025-06-24,MAT_07,732,11442
2025-06-25,MAT_07,779,10663
2025-06-26,MAT_07,748,9915
2025-06-27,MAT_07,654,9261
2025-06-28,MAT_07,572,8689
2025-06-29,MAT_07,680,8009
2025-06-30,MAT_07,698,7311
2025-07-01,MAT_07,705,6606
2025-07-02,MAT_07,721,5885
2025-07-03,MAT_07,658,5227
2025-07-04,MAT_07,648,4579
2025-07-05,MAT_07,509,4070
2025-07-06,MAT_07,538,3532
2025-07-07,MAT_07,710,2822
2025-07-08,MAT_07,727,11932
2025-07-09,MAT_07,809,11123
2025-07-10,MAT_07,727,10396
2025-07-11,MAT_07,509,9887
2025-07-12,MAT_07,524,9363
2025-07-13,MAT_07,612,8751
2025-07-14,MAT_07,541,8210
2025-07-15,MAT_07,723,7487
2025-07-16,MAT_07,709,6778
2025-07-17,MAT_07,540,6238
2025-07-18,MAT_07,575,5663
2025-07-19,MAT_07,456,5207
2025-07-20,MAT_07,451,4756
2025-07-21,MAT_07,602,4154
2025-07-22,MAT_07,549,3605
2025-07-23,MAT_07,648,2957
2025-07-24,MAT_07,804,11990
2025-07-25,MAT_07,591,11399
2025-07-26,MAT_07,435,10964
2025-07-27,MAT_07,601,10363
2025-07-28,MAT_07,519,9844
2025-07-29,MAT_07,622,9222
2025-07-30,MAT_07,599,8623
2025-07-31,MAT_07,636,7987
2025-08-01,MAT_07,621,7366
2025-08-02,MAT_07,410,6956
2025-08-03,MAT_07,357,6599
2025-08-04,MAT_07,638,5961
2025-08-05,MAT_07,743,5218
2025-08-06,MAT_07,527,4691
2025-08-07,MAT_07,632,4059
2025-08-08,MAT_07,1520,2539
2025-08-09,MAT_07,1170,1369
2025-08-10,MAT_07,1104,265
2025-08-11,MAT_07,1767,8335
2025-08-12,MAT_07,1829,6506
2025-08-13,MAT_07,1892,4614
2025-08-14,MAT_07,1568,3046
2025-08-15,MAT_07,447,2599
2025-08-16,MAT_07,283,2316
2025-08-17,MAT_07,446,1870
2025-08-18,MAT_07,631,1239
2025-08-19,MAT_07,553,10523
2025-08-20,MAT_07,528,9995
2025-08-21,MAT_07,602,9393
2025-08-22,MAT_07,527,8866
2025-08-23,MAT_07,393,8473
2025-08-24,MAT_07,426,8047
2025-08-25,MAT_07,541,7506
2025-08-26,MAT_07,589,6917
2025-08-27,MAT_07,682,6235
2025-08-28,MAT_07,721,5514
2025-08-29,MAT_07,362,5152
2025-08-30,MAT_07,500,4652
2025-08-31,MAT_07,444,4208
2025-09-01,MAT_07,604,3604
2025-09-02,MAT_07,636,2968
2025-09-03,MAT_07,610,12195
2025-09-04,MAT_07,601,11594
2025-09-05,MAT_07,439,11155
2025-09-06,MAT_07,360,10795
2025-09-07,MAT_07,482,10313
2025-09-08,MAT_07,449,9864
2025-09-09,MAT_07,622,9242
2025-09-10,MAT_07,600,8642
2025-09-11,MAT_07,391,8251
2025-09-12,MAT_07,420,7831
2025-09-13,MAT_07,426,7405
2025-09-14,MAT_07,395,7010
2025-09-15,MAT_07,331,6679
2025-09-16,MAT_07,661,6018
2025-09-17,MAT_07,603,5415
2025-09-18,MAT_07,568,4847
2025-09-19,MAT_07,421,4426
2025-09-20,MAT_07,434,3992
2025-09-21,MAT_07,538,3454
2025-09-22,MAT_07,446,3008
2025-09-23,MAT_07,680,12165
2025-09-24,MAT_07,615,11550
2025-09-25,MAT_07,478,11072
2025-09-26,MAT_07,595,10477
2025-09-27,MAT_07,422,10055
2025-09-28,MAT_07,460,9595
2025-09-29,MAT_07,474,9121
2025-09-30,MAT_07,517,8604
2025-10-01,MAT_07,599,8005
2025-10-02,MAT_07,638,7367
2025-10-03,MAT_07,429,6938
2025-10-04,MAT_07,394,6544
2025-10-05,MAT_07,511,6033
2025-10-06,MAT_07,473,5560
2025-10-07,MAT_07,603,4957
2025-10-08,MAT_07,647,4310
2025-10-09,MAT_07,523,3787
2025-10-10,MAT_07,472,3315
2025-10-11,MAT_07,442,2873
2025-10-12,MAT_07,392,12318
2025-10-13,MAT_07,549,11769
2025-10-14,MAT_07,537,11232
2025-10-15,MAT_07,548,10684
2025-10-16,MAT_07,440,10244
2025-10-17,MAT_07,423,9821
2025-10-18,MAT_07,350,9471
2025-10-19,MAT_07,397,9074
2025-10-20,MAT_07,541,8533
2025-10-21,MAT_07,465,8068
2025-10-22,MAT_07,469,7599
2025-10-23,MAT_07,497,7102
2025-10-24,MAT_07,492,6610
2025-10-25,MAT_07,429,6181
2025-10-26,MAT_07,380,5801
2025-10-27,MAT_07,585,5216
2025-10-28,MAT_07,543,4673
2025-10-29,MAT_07,637,4036
2025-10-30,MAT_07,531,3505
2025-10-31,MAT_07,414,3091
2025-11-01,MAT_07,379,12549
2025-11-02,MAT_07,488,12061
2025-11-03,MAT_07,542,11519
2025-11-04,MAT_07,660,10859
2025-11-05,MAT_07,641,10218
2025-11-06,MAT_07,1271,8947
2025-11-07,MAT_07,1715,7232
2025-11-08,MAT_07,1257,5975
2025-11-09,MAT_07,1340,4635
2025-11-10,MAT_07,1396,3239
2025-11-11,MAT_07,1884,1355
2025-11-12,MAT_07,1541,0
2025-11-13,MAT_07,618,0
2025-11-14,MAT_07,358,0
2025-11-15,MAT_07,488,9349
2025-11-16,MAT_07,393,8956
2025-11-17,MAT_07,561,8395
2025-11-18,MAT_07,711,7684
2025-11-19,MAT_07,697,6987
2025-11-20,MAT_07,672,6315
2025-11-21,MAT_07,582,5733
2025-11-22,MAT_07,424,5309
2025-11-23,MAT_07,518,4791
2025-11-24,MAT_07,445,4346
2025-11-25,MAT_07,592,3754
2025-11-26,MAT_07,750,3004
2025-11-27,MAT_07,583,12258
2025-11-28,MAT_07,402,11856
2025-11-29,MAT_07,606,11250
2025-11-30,MAT_07,532,10718
2025-12-01,MAT_07,625,10093
2025-12-02,MAT_07,590,9503
2025-12-03,MAT_07,694,8809
2025-12-04,MAT_07,642,8167
2025-12-05,MAT_07,488,7679
2025-12-06,MAT_07,480,7199
2025-12-07,MAT_07,415,6784
2025-12-08,MAT_07,570,6214
2025-12-09,MAT_07,736,5478
2025-12-10,MAT_07,645,4833
2025-12-11,MAT_07,768,4065
2025-12-12,MAT_07,1005,3060
2025-12-13,MAT_07,1062,1998
2025-12-14,MAT_07,1053,945
2025-12-15,MAT_07,1292,9490
2025-12-16,MAT_07,1682,7808
2025-12-17,MAT_07,1396,6412
2025-12-18,MAT_07,1363,5049
2025-12-19,MAT_07,1341,3708
2025-12-20,MAT_07,535,3173
2025-12-21,MAT_07,562,2611
2025-12-22,MAT_07,567,2044
2025-12-23,MAT_07,706,1338
2025-12-24,MAT_07,806,10369
2025-12-25,MAT_07,576,9793
2025-12-26,MAT_07,553,9240
2025-12-27,MAT_07,430,8810
2025-12-28,MAT_07,606,8204
2025-12-29,MAT_07,731,7473
2025-12-30,MAT_07,718,6755
2024-01-01,MAT_08,254,7652
2024-01-02,MAT_08,289,7363
2024-01-03,MAT_08,318,7045
2024-01-04,MAT_08,296,6749
2024-01-05,MAT_08,295,6454
2024-01-06,MAT_08,228,6226
2024-01-07,MAT_08,269,5957
2024-01-08,MAT_08,282,5675
2024-01-09,MAT_08,304,5371
2024-01-10,MAT_08,325,5046
2024-01-11,MAT_08,322,4724
2024-01-12,MAT_08,303,4421
2024-01-13,MAT_08,248,4173
2024-01-14,MAT_08,231,3942
2024-01-15,MAT_08,327,3615
2024-01-16,MAT_08,308,3307
2024-01-17,MAT_08,350,2957
2024-01-18,MAT_08,320,2637
2024-01-19,MAT_08,281,2356
2024-01-20,MAT_08,250,2106
2024-01-21,MAT_08,291,1815
2024-01-22,MAT_08,206,1609
2024-01-23,MAT_08,374,1235
2024-01-24,MAT_08,325,5145
2024-01-25,MAT_08,341,4804
2024-01-26,MAT_08,303,4501
2024-01-27,MAT_08,308,4193
2024-01-28,MAT_08,286,3907
2024-01-29,MAT_08,292,3615
2024-01-30,MAT_08,304,3311
2024-01-31,MAT_08,349,2962
2024-02-01,MAT_08,281,2681
2024-02-02,MAT_08,283,2398
2024-02-03,MAT_08,271,2127
2024-02-04,MAT_08,269,1858
2024-02-05,MAT_08,324,1534
2024-02-06,MAT_08,350,1184
2024-02-07,MAT_08,356,5063
2024-02-08,MAT_08,275,4788
2024-02-09,MAT_08,271,4517
2024-02-10,MAT_08,304,4213
2024-02-11,MAT_08,318,3895
2024-02-12,MAT_08,277,3618
2024-02-13,MAT_08,340,3278
2024-02-14,MAT_08,402,2876
2024-02-15,MAT_08,330,2546
2024-02-16,MAT_08,311,2235
2024-02-17,MAT_08,333,1902
2024-02-18,MAT_08,291,1611
2024-02-19,MAT_08,321,1290
2024-02-20,MAT_08,365,925
2024-02-21,MAT_08,430,4730
2024-02-22,MAT_08,368,4362
2024-02-23,MAT_08,320,4042
2024-02-24,MAT_08,283,3759
2024-02-25,MAT_08,322,3437
2024-02-26,MAT_08,359,3078
2024-02-27,MAT_08,344,2734
2024-02-28,MAT_08,402,2332
2024-02-29,MAT_08,356,1976
2024-03-01,MAT_08,325,1651
2024-03-02,MAT_08,277,1374
2024-03-03,MAT_08,300,1074
2024-03-04,MAT_08,316,758
2024-03-05,MAT_08,348,4645
2024-03-06,MAT_08,398,4247
2024-03-07,MAT_08,355,3892
2024-03-08,MAT_08,292,3600
2024-03-09,MAT_08,368,3232
2024-03-10,MAT_08,283,2949
2024-03-11,MAT_08,379,2570
2024-03-12,MAT_08,340,2230
2024-03-13,MAT_08,403,1827
2024-03-14,MAT_08,361,1466
2024-03-15,MAT_08,314,1152
2024-03-16,MAT_08,314,838
2024-03-17,MAT_08,319,4754
2024-03-18,MAT_08,328,4426
2024-03-19,MAT_08,360,4066
2024-03-20,MAT_08,348,3718
2024-03-21,MAT_08,379,3339
2024-03-22,MAT_08,298,3041
2024-03-23,MAT_08,311,2730
2024-03-24,MAT_08,336,2394
2024-03-25,MAT_08,358,2036
2024-03-26,MAT_08,365,1671
2024-03-27,MAT_08,420,1251
2024-03-28,MAT_08,360,891
2024-03-29,MAT_08,297,4829
2024-03-30,MAT_08,304,4525
2024-03-31,MAT_08,336,4189
2024-04-01,MAT_08,334,3855
2024-04-02,MAT_08,411,3444
2024-04-03,MAT_08,372,3072
2024-04-04,MAT_08,353,2719
2024-04-05,MAT_08,305,2414
2024-04-06,MAT_08,331,2083
2024-04-07,MAT_08,318,1765
2024-04-08,MAT_08,325,1440
2024-04-09,MAT_08,374,1066
2024-04-10,MAT_08,307,759
2024-04-11,MAT_08,392,4602
2024-04-12,MAT_08,329,4273
2024-04-13,MAT_08,242,4031
2024-04-14,MAT_08,277,3754
2024-04-15,MAT_08,339,3415
2024-04-16,MAT_08,347,3068
2024-04-17,MAT_08,414,2654
2024-04-18,MAT_08,380,2274
2024-04-19,MAT_08,341,1933
2024-04-20,MAT_08,234,1699
2024-04-21,MAT_08,301,1398
2024-04-22,MAT_08,329,1069
2024-04-23,MAT_08,354,715
2024-04-24,MAT_08,377,4573
2024-04-25,MAT_08,334,4239
2024-04-26,MAT_08,334,3905
2024-04-27,MAT_08,326,3579
2024-04-28,MAT_08,332,3247
2024-04-29,MAT_08,341,2906
2024-04-30,MAT_08,434,2472
2024-05-01,MAT_08,417,2055
2024-05-02,MAT_08,359,1696
2024-05-03,MAT_08,311,1385
2024-05-04,MAT_08,339,1046
2024-05-05,MAT_08,337,709
2024-05-06,MAT_08,301,4643
2024-05-07,MAT_08,404,4239
2024-05-08,MAT_08,376,3863
2024-05-09,MAT_08,333,3530
2024-05-10,MAT_08,264,3266
2024-05-11,MAT_08,288,2978
2024-05-12,MAT_08,303,2675
2024-05-13,MAT_08,380,2295
2024-05-14,MAT_08,395,1900
2024-05-15,MAT_08,359,1541
2024-05-16,MAT_08,362,1179
2024-05-17,MAT_08,337,842
2024-05-18,MAT_08,292,4785
2024-05-19,MAT_08,281,4504
2024-05-20,MAT_08,314,4190
2024-05-21,MAT_08,373,3817
2024-05-22,MAT_08,381,3436
2024-05-23,MAT_08,337,3099
2024-05-24,MAT_08,233,2866
2024-05-25,MAT_08,247,2619
2024-05-26,MAT_08,308,2311
2024-05-27,MAT_08,263,2048
2024-05-28,MAT_08,388,1660
2024-05-29,MAT_08,391,1269
2024-05-30,MAT_08,339,930
2024-05-31,MAT_08,317,613
2024-06-01,MAT_08,291,322
2024-06-02,MAT_08,280,42
2024-06-03,MAT_08,277,0
2024-06-04,MAT_08,375,0
2024-06-05,MAT_08,394,3841
2024-06-06,MAT_08,297,3544
2024-06-07,MAT_08,253,3291
2024-06-08,MAT_08,265,3026
2024-06-09,MAT_08,258,2768
2024-06-10,MAT_08,312,2456
2024-06-11,MAT_08,374,2082
2024-06-12,MAT_08,283,1799
2024-06-13,MAT_08,367,1432
2024-06-14,MAT_08,273,1159
2024-06-15,MAT_08,275,5119
2024-06-16,MAT_08,285,4834
2024-06-17,MAT_08,321,4513
2024-06-18,MAT_08,333,4180
2024-06-19,MAT_08,347,3833
2024-06-20,MAT_08,323,3510
2024-06-21,MAT_08,259,3251
2024-06-22,MAT_08,203,3048
2024-06-23,MAT_08,225,2823
2024-06-24,MAT_08,288,2535
2024-06-25,MAT_08,301,2234
2024-06-26,MAT_08,308,1926
2024-06-27,MAT_08,357,1569
2024-06-28,MAT_08,292,1277
2024-06-29,MAT_08,237,5275
2024-06-30,MAT_08,270,5005
2024-07-01,MAT_08,271,4734
2024-07-02,MAT_08,318,4416
2024-07-03,MAT_08,334,4082
2024-07-04,MAT_08,286,3796
2024-07-05,MAT_08,240,3556
2024-07-06,MAT_08,270,3286
2024-07-07,MAT_08,260,3026
2024-07-08,MAT_08,211,2815
2024-07-09,MAT_08,288,2527
2024-07-10,MAT_08,291,2236
2024-07-11,MAT_08,272,1964
2024-07-12,MAT_08,276,1688
2024-07-13,MAT_08,228,1460
2024-07-14,MAT_08,195,5500
2024-07-15,MAT_08,255,5245
2024-07-16,MAT_08,313,4932
2024-07-17,MAT_08,299,4633
2024-07-18,MAT_08,263,4370
2024-07-19,MAT_08,252,4118
2024-07-20,MAT_08,265,3853
2024-07-21,MAT_08,239,3614
2024-07-22,MAT_08,295,3319
2024-07-23,MAT_08,274,3045
2024-07-24,MAT_08,297,2748
2024-07-25,MAT_08,272,2476
2024-07-26,MAT_08,238,2238
2024-07-27,MAT_08,223,2015
2024-07-28,MAT_08,192,1823
2024-07-29,MAT_08,268,1555
2024-07-30,MAT_08,236,5554
2024-07-31,MAT_08,252,5302
2024-08-01,MAT_08,326,4976
2024-08-02,MAT_08,213,4763
2024-08-03,MAT_08,224,4539
2024-08-04,MAT_08,259,4280
2024-08-05,MAT_08,178,4102
2024-08-06,MAT_08,307,3795
2024-08-07,MAT_08,300,3495
2024-08-08,MAT_08,305,3190
2024-08-09,MAT_08,187,3003
2024-08-10,MAT_08,238,2765
2024-08-11,MAT_08,183,2582
2024-08-12,MAT_08,266,2316
2024-08-13,MAT_08,267,2049
2024-08-14,MAT_08,297,1752
2024-08-15,MAT_08,253,1499
2024-08-16,MAT_08,162,5572
2024-08-17,MAT_08,102,5470
2024-08-18,MAT_08,204,5266
2024-08-19,MAT_08,223,5043
2024-08-20,MAT_08,274,4769
2024-08-21,MAT_08,263,4506
2024-08-22,MAT_08,303,4203
2024-08-23,MAT_08,215,3988
2024-08-24,MAT_08,172,3816
2024-08-25,MAT_08,202,3614
2024-08-26,MAT_08,213,3401
2024-08-27,MAT_08,260,3141
2024-08-28,MAT_08,230,2911
2024-08-29,MAT_08,241,2670
2024-08-30,MAT_08,190,2480
2024-08-31,MAT_08,148,2332
2024-09-01,MAT_08,243,2089
2024-09-02,MAT_08,190,1899
2024-09-03,MAT_08,253,1646
2024-09-04,MAT_08,238,5643
2024-09-05,MAT_08,245,5398
2024-09-06,MAT_08,164,5234
2024-09-07,MAT_08,200,5034
2024-09-08,MAT_08,241,4793
2024-09-09,MAT_08,193,4600
2024-09-10,MAT_08,284,4316
2024-09-11,MAT_08,246,4070
2024-09-12,MAT_08,276,3794
2024-09-13,MAT_08,258,3536
2024-09-14,MAT_08,167,3369
2024-09-15,MAT_08,138,3231
2024-09-16,MAT_08,241,2990
2024-09-17,MAT_08,253,2737
2024-09-18,MAT_08,269,2468
2024-09-19,MAT_08,222,2246
2024-09-20,MAT_08,170,2076
2024-09-21,MAT_08,204,1872
2024-09-22,MAT_08,188,5919
2024-09-23,MAT_08,172,5747
2024-09-24,MAT_08,265,5482
2024-09-25,MAT_08,267,5215
2024-09-26,MAT_08,221,4994
2024-09-27,MAT_08,239,4755
2024-09-28,MAT_08,153,4602
2024-09-29,MAT_08,174,4428
2024-09-30,MAT_08,233,4195
2024-10-01,MAT_08,247,3948
2024-10-02,MAT_08,214,3734
2024-10-03,MAT_08,235,3499
2024-10-04,MAT_08,182,3317
2024-10-05,MAT_08,195,3122
2024-10-06,MAT_08,183,2939
2024-10-07,MAT_08,215,2724
2024-10-08,MAT_08,216,2508
2024-10-09,MAT_08,247,2261
2024-10-10,MAT_08,258,2003
2024-10-11,MAT_08,173,1830
2024-10-12,MAT_08,171,5894
2024-10-13,MAT_08,154,5740
2024-10-14,MAT_08,180,5560
2024-10-15,MAT_08,245,5315
2024-10-16,MAT_08,260,5055
2024-10-17,MAT_08,289,4766
2024-10-18,MAT_08,184,4582
2024-10-19,MAT_08,173,4409
2024-10-20,MAT_08,147,4262
2024-10-21,MAT_08,233,4029
2024-10-22,MAT_08,261,3768
2024-10-23,MAT_08,300,3468
2024-10-24,MAT_08,267,3201
2024-10-25,MAT_08,209,2992
2024-10-26,MAT_08,164,2828
2024-10-27,MAT_08,192,2636
2024-10-28,MAT_08,216,2420
2024-10-29,MAT_08,280,2140
2024-10-30,MAT_08,285,1855
2024-10-31,MAT_08,231,1624
2024-11-01,MAT_08,162,5697
2024-11-02,MAT_08,219,5478
2024-11-03,MAT_08,206,5272
2024-11-04,MAT_08,215,5057
2024-11-05,MAT_08,273,4784
2024-11-06,MAT_08,268,4516
2024-11-07,MAT_08,281,4235
2024-11-08,MAT_08,154,4081
2024-11-09,MAT_08,175,3906
2024-11-10,MAT_08,240,3666
2024-11-11,MAT_08,245,3421
2024-11-12,MAT_08,313,3108
2024-11-13,MAT_08,237,2871
2024-11-14,MAT_08,280,2591
2024-11-15,MAT_08,242,2349
2024-11-16,MAT_08,144,2205
2024-11-17,MAT_08,192,2013
2024-11-18,MAT_08,232,1781
2024-11-19,MAT_08,223,1558
2024-11-20,MAT_08,270,5523
2024-11-21,MAT_08,281,5242
2024-11-22,MAT_08,209,5033
2024-11-23,MAT_08,205,4828
2024-11-24,MAT_08,214,4614
2024-11-25,MAT_08,241,4373
2024-11-26,MAT_08,256,4117
2024-11-27,MAT_08,303,3814
2024-11-28,MAT_08,218,3596
2024-11-29,MAT_08,227,3369
2024-11-30,MAT_08,244,3125
2024-12-01,MAT_08,202,2923
2024-12-02,MAT_08,228,2695
2024-12-03,MAT_08,303,2392
2024-12-04,MAT_08,297,2095
2024-12-05,MAT_08,291,1804
2024-12-06,MAT_08,236,1568
2024-12-07,MAT_08,145,5658
2024-12-08,MAT_08,255,5403
2024-12-09,MAT_08,315,5088
2024-12-10,MAT_08,327,4761
2024-12-11,MAT_08,200,4561
2024-12-12,MAT_08,291,4270
2024-12-13,MAT_08,229,4041
2024-12-14,MAT_08,190,3851
2024-12-15,MAT_08,234,3617
2024-12-16,MAT_08,260,3357
2024-12-17,MAT_08,313,3044
2024-12-18,MAT_08,310,2734
2024-12-19,MAT_08,255,2479
2024-12-20,MAT_08,234,2245
2024-12-21,MAT_08,208,2037
2024-12-22,MAT_08,190,1847
2024-12-23,MAT_08,234,1613
2024-12-24,MAT_08,301,5547
2024-12-25,MAT_08,357,5190
2024-12-26,MAT_08,280,4910
2024-12-27,MAT_08,238,4672
2024-12-28,MAT_08,204,4468
2024-12-29,MAT_08,248,4220
2024-12-30,MAT_08,314,3906
2024-12-31,MAT_08,372,3534
2025-01-01,MAT_08,333,3201
2025-01-02,MAT_08,307,2894
2025-01-03,MAT_08,252,2642
2025-01-04,MAT_08,235,2407
2025-01-05,MAT_08,273,2134
2025-01-06,MAT_08,281,1853
2025-01-07,MAT_08,319,1534
2025-01-08,MAT_08,333,1201
2025-01-09,MAT_08,295,5141
2025-01-10,MAT_08,274,4867
2025-01-11,MAT_08,197,4670
2025-01-12,MAT_08,279,4391
2025-01-13,MAT_08,364,4027
2025-01-14,MAT_08,317,3710
2025-01-15,MAT_08,352,3358
2025-01-16,MAT_08,344,3014
2025-01-17,MAT_08,320,2694
2025-01-18,MAT_08,255,2439
2025-01-19,MAT_08,221,2218
2025-01-20,MAT_08,314,1904
2025-01-21,MAT_08,344,1560
2025-01-22,MAT_08,340,1220
2025-01-23,MAT_08,746,4709
2025-01-24,MAT_08,682,4027
2025-01-25,MAT_08,646,3381
2025-01-26,MAT_08,665,2716
2025-01-27,MAT_08,708,2008
2025-01-28,MAT_08,826,1182
2025-01-29,MAT_08,349,833
2025-01-30,MAT_08,354,479
2025-01-31,MAT_08,282,197
2025-02-01,MAT_08,280,0
2025-02-02,MAT_08,241,3994
2025-02-03,MAT_08,311,3683
2025-02-04,MAT_08,371,3312
2025-02-05,MAT_08,335,2977
2025-02-06,MAT_08,334,2643
2025-02-07,MAT_08,239,2404
2025-02-08,MAT_08,246,2158
2025-02-09,MAT_08,263,1895
2025-02-10,MAT_08,331,1564
2025-02-11,MAT_08,372,1192
2025-02-12,MAT_08,370,5057
2025-02-13,MAT_08,338,4719
2025-02-14,MAT_08,303,4416
2025-02-15,MAT_08,312,4104
2025-02-16,MAT_08,306,3798
2025-02-17,MAT_08,325,3473
2025-02-18,MAT_08,405,3068
2025-02-19,MAT_08,432,2636
2025-02-20,MAT_08,320,2316
2025-02-21,MAT_08,334,1982
2025-02-22,MAT_08,384,1598
2025-02-23,MAT_08,314,1284
2025-02-24,MAT_08,343,941
2025-02-25,MAT_08,372,569
2025-02-26,MAT_08,396,4408
2025-02-27,MAT_08,381,4027
2025-02-28,MAT_08,289,3738
2025-03-01,MAT_08,301,3437
2025-03-02,MAT_08,246,3191
2025-03-03,MAT_08,338,2853
2025-03-04,MAT_08,352,2501
2025-03-05,MAT_08,396,2105
2025-03-06,MAT_08,317,1788
2025-03-07,MAT_08,314,1474
2025-03-08,MAT_08,333,1141
2025-03-09,MAT_08,295,846
2025-03-10,MAT_08,294,4787
2025-03-11,MAT_08,389,4398
2025-03-12,MAT_08,373,4025
2025-03-13,MAT_08,362,3663
2025-03-14,MAT_08,310,3353
2025-03-15,MAT_08,364,2989
2025-03-16,MAT_08,273,2716
2025-03-17,MAT_08,431,2285
2025-03-18,MAT_08,373,1912
2025-03-19,MAT_08,398,1514
2025-03-20,MAT_08,354,1160
2025-03-21,MAT_08,316,844
2025-03-22,MAT_08,288,4791
2025-03-23,MAT_08,336,4455
2025-03-24,MAT_08,312,4143
2025-03-25,MAT_08,396,3747
2025-03-26,MAT_08,332,3415
2025-03-27,MAT_08,379,3036
2025-03-28,MAT_08,358,2678
2025-03-29,MAT_08,276,2402
2025-03-30,MAT_08,339,2063
2025-03-31,MAT_08,354,1709
2025-04-01,MAT_08,431,1278
2025-04-02,MAT_08,370,908
2025-04-03,MAT_08,451,457
2025-04-04,MAT_08,267,4425
2025-04-05,MAT_08,302,4123
2025-04-06,MAT_08,272,3851
2025-04-07,MAT_08,405,3446
2025-04-08,MAT_08,378,3068
2025-04-09,MAT_08,389,2679
2025-04-10,MAT_08,383,2296
2025-04-11,MAT_08,333,1963
2025-04-12,MAT_08,294,1669
2025-04-13,MAT_08,283,1386
2025-04-14,MAT_08,356,1030
2025-04-15,MAT_08,395,635
2025-04-16,MAT_08,412,4458
2025-04-17,MAT_08,423,4035
2025-04-18,MAT_08,270,3765
2025-04-19,MAT_08,306,3459
2025-04-20,MAT_08,350,3109
2025-04-21,MAT_08,345,2764
2025-04-22,MAT_08,316,2448
2025-04-23,MAT_08,353,2095
2025-04-24,MAT_08,375,1720
2025-04-25,MAT_08,337,1383
2025-04-26,MAT_08,324,1059
2025-04-27,MAT_08,291,768
2025-04-28,MAT_08,353,4650
2025-04-29,MAT_08,351,4299
2025-04-30,MAT_08,393,3906
2025-05-01,MAT_08,364,3542
2025-05-02,MAT_08,302,3240
2025-05-03,MAT_08,345,2895
2025-05-04,MAT_08,261,2634
2025-05-05,MAT_08,337,2297
2025-05-06,MAT_08,350,1947
2025-05-07,MAT_08,433,1514
2025-05-08,MAT_08,375,1139
2025-05-09,MAT_08,302,837
2025-05-10,MAT_08,289,4783
2025-05-11,MAT_08,356,4427
2025-05-12,MAT_08,310,4117
2025-05-13,MAT_08,319,3798
2025-05-14,MAT_08,384,3414
2025-05-15,MAT_08,361,3053
2025-05-16,MAT_08,333,2720
2025-05-17,MAT_08,310,2410
2025-05-18,MAT_08,348,2062
2025-05-19,MAT_08,282,1780
2025-05-20,MAT_08,329,1451
2025-05-21,MAT_08,389,1062
2025-05-22,MAT_08,315,747
2025-05-23,MAT_08,267,4715
2025-05-24,MAT_08,337,4378
2025-05-25,MAT_08,246,4132
2025-05-26,MAT_08,314,3818
2025-05-27,MAT_08,354,3464
2025-05-28,MAT_08,400,3064
2025-05-29,MAT_08,286,2778
2025-05-30,MAT_08,313,2465
2025-05-31,MAT_08,252,2213
2025-06-01,MAT_08,302,1911
2025-06-02,MAT_08,291,1620
2025-06-03,MAT_08,393,1227
2025-06-04,MAT_08,330,897
2025-06-05,MAT_08,262,4870
2025-06-06,MAT_08,272,4598
2025-06-07,MAT_08,263,4335
2025-06-08,MAT_08,308,4027
2025-06-09,MAT_08,273,3754
2025-06-10,MAT_08,306,3448
2025-06-11,MAT_08,375,3073
2025-06-12,MAT_08,285,2788
2025-06-13,MAT_08,281,2507
2025-06-14,MAT_08,258,2249
2025-06-15,MAT_08,275,1974
2025-06-16,MAT_08,280,1694
2025-06-17,MAT_08,307,1387
2025-06-18,MAT_08,349,1038
2025-06-19,MAT_08,290,4983
2025-06-20,MAT_08,239,4744
2025-06-21,MAT_08,288,4456
2025-06-22,MAT_08,275,4181
2025-06-23,MAT_08,343,3838
2025-06-24,MAT_08,347,3491
2025-06-25,MAT_08,296,3195
2025-06-26,MAT_08,310,2885
2025-06-27,MAT_08,241,2644
2025-06-28,MAT_08,199,2445
2025-06-29,MAT_08,240,2205
2025-06-30,MAT_08,312,1893
2025-07-01,MAT_08,324,1569
2025-07-02,MAT_08,284,1285
2025-07-03,MAT_08,285,5235
2025-07-04,MAT_08,257,4978
2025-07-05,MAT_08,189,4789
2025-07-06,MAT_08,264,4525
2025-07-07,MAT_08,269,4256
2025-07-08,MAT_08,268,3988
2025-07-09,MAT_08,274,3714
2025-07-10,MAT_08,322,3392
2025-07-11,MAT_08,242,3150
2025-07-12,MAT_08,262,2888
2025-07-13,MAT_08,280,2608
2025-07-14,MAT_08,296,2312
2025-07-15,MAT_08,284,2028
2025-07-16,MAT_08,236,1792
2025-07-17,MAT_08,291,1501
2025-07-18,MAT_08,303,1198
2025-07-19,MAT_08,219,5214
2025-07-20,MAT_08,171,5043
2025-07-21,MAT_08,240,4803
2025-07-22,MAT_08,286,4517
2025-07-23,MAT_08,267,4250
2025-07-24,MAT_08,202,4048
2025-07-25,MAT_08,233,3815
2025-07-26,MAT_08,190,3625
2025-07-27,MAT_08,269,3356
2025-07-28,MAT_08,254,3102
2025-07-29,MAT_08,297,2805
2025-07-30,MAT_08,287,2518
2025-07-31,MAT_08,269,2249
2025-08-01,MAT_08,182,2067
2025-08-02,MAT_08,175,1892
2025-08-03,MAT_08,243,1649
2025-08-04,MAT_08,250,5634
2025-08-05,MAT_08,265,5369
2025-08-06,MAT_08,297,5072
2025-08-07,MAT_08,274,4798
2025-08-08,MAT_08,278,4520
2025-08-09,MAT_08,202,4318
2025-08-10,MAT_08,175,4143
2025-08-11,MAT_08,234,3909
2025-08-12,MAT_08,286,3623
2025-08-13,MAT_08,305,3318
2025-08-14,MAT_08,207,3111
2025-08-15,MAT_08,222,2889
2025-08-16,MAT_08,166,2723
2025-08-17,MAT_08,183,2540
2025-08-18,MAT_08,255,2285
2025-08-19,MAT_08,284,2001
2025-08-20,MAT_08,251,1750
2025-08-21,MAT_08,242,5743
2025-08-22,MAT_08,194,5549
2025-08-23,MAT_08,267,5282
2025-08-24,MAT_08,201,5081
2025-08-25,MAT_08,202,4879
2025-08-26,MAT_08,295,4584
2025-08-27,MAT_08,304,4280
2025-08-28,MAT_08,292,3988
2025-08-29,MAT_08,263,3725
2025-08-30,MAT_08,201,3524
2025-08-31,MAT_08,178,3346
2025-09-01,MAT_08,215,3131
2025-09-02,MAT_08,245,2886
2025-09-03,MAT_08,250,2636
2025-09-04,MAT_08,272,2364
2025-09-05,MAT_08,200,2164
2025-09-06,MAT_08,204,1960
2025-09-07,MAT_08,204,1756
2025-09-08,MAT_08,186,5805
2025-09-09,MAT_08,201,5604
2025-09-10,MAT_08,223,5381
2025-09-11,MAT_08,222,5159
2025-09-12,MAT_08,201,4958
2025-09-13,MAT_08,155,4803
2025-09-14,MAT_08,201,4602
2025-09-15,MAT_08,199,4403
2025-09-16,MAT_08,254,4149
2025-09-17,MAT_08,258,3891
2025-09-18,MAT_08,281,3610
2025-09-19,MAT_08,167,3443
2025-09-20,MAT_08,234,3209
2025-09-21,MAT_08,163,3046
2025-09-22,MAT_08,175,2871
2025-09-23,MAT_08,239,2632
2025-09-24,MAT_08,345,2287
2025-09-25,MAT_08,256,2031
2025-09-26,MAT_08,211,1820
2025-09-27,MAT_08,193,1627
2025-09-28,MAT_08,157,5705
2025-09-29,MAT_08,221,5484
2025-09-30,MAT_08,245,5239
2025-10-01,MAT_08,304,4935
2025-10-02,MAT_08,227,4708
2025-10-03,MAT_08,183,4525
2025-10-04,MAT_08,138,4387
2025-10-05,MAT_08,183,4204
2025-10-06,MAT_08,220,3984
2025-10-07,MAT_08,211,3773
2025-10-08,MAT_08,266,3507
2025-10-09,MAT_08,237,3270
2025-10-10,MAT_08,223,3047
2025-10-11,MAT_08,206,2841
2025-10-12,MAT_08,183,2658
2025-10-13,MAT_08,184,2474
2025-10-14,MAT_08,223,2251
2025-10-15,MAT_08,305,1946
2025-10-16,MAT_08,237,1709
2025-10-17,MAT_08,245,5699
2025-10-18,MAT_08,188,5511
2025-10-19,MAT_08,576,4935
2025-10-20,MAT_08,686,4249
2025-10-21,MAT_08,608,3641
2025-10-22,MAT_08,755,2886
2025-10-23,MAT_08,567,2319
2025-10-24,MAT_08,541,1778
2025-10-25,MAT_08,551,1227
2025-10-26,MAT_08,443,784
2025-10-27,MAT_08,235,549
2025-10-28,MAT_08,210,339
2025-10-29,MAT_08,294,45
2025-10-30,MAT_08,220,4060
2025-10-31,MAT_08,174,3886
2025-11-01,MAT_08,140,3746
2025-11-02,MAT_08,173,3573
2025-11-03,MAT_08,169,3404
2025-11-04,MAT_08,241,3163
2025-11-05,MAT_08,297,2866
2025-11-06,MAT_08,238,2628
2025-11-07,MAT_08,174,2454
2025-11-08,MAT_08,192,2262
2025-11-09,MAT_08,198,2064
2025-11-10,MAT_08,283,1781
2025-11-11,MAT_08,284,1497
2025-11-12,MAT_08,280,5452
2025-11-13,MAT_08,274,5178
2025-11-14,MAT_08,209,4969
2025-11-15,MAT_08,189,4780
2025-11-16,MAT_08,247,4533
2025-11-17,MAT_08,188,4345
2025-11-18,MAT_08,295,4050
2025-11-19,MAT_08,274,3776
2025-11-20,MAT_08,247,3529
2025-11-21,MAT_08,204,3325
2025-11-22,MAT_08,201,3124
2025-11-23,MAT_08,205,2919
2025-11-24,MAT_08,229,2690
2025-11-25,MAT_08,255,2435
2025-11-26,MAT_08,230,2205
2025-11-27,MAT_08,241,1964
2025-11-28,MAT_08,212,1752
2025-11-29,MAT_08,208,5779
2025-11-30,MAT_08,269,5510
2025-12-01,MAT_08,230,5280
2025-12-02,MAT_08,253,5027
2025-12-03,MAT_08,271,4756
2025-12-04,MAT_08,273,4483
2025-12-05,MAT_08,250,4233
2025-12-06,MAT_08,232,4001
2025-12-07,MAT_08,475,3526
2025-12-08,MAT_08,549,2977
2025-12-09,MAT_08,547,2430
2025-12-10,MAT_08,693,1737
2025-12-11,MAT_08,267,1470
2025-12-12,MAT_08,244,1226
2025-12-13,MAT_08,256,970
2025-12-14,MAT_08,245,725
2025-12-15,MAT_08,200,525
2025-12-16,MAT_08,298,4462
2025-12-17,MAT_08,331,4131
2025-12-18,MAT_08,247,3884
2025-12-19,MAT_08,271,3613
2025-12-20,MAT_08,239,3374
2025-12-21,MAT_08,271,3103
2025-12-22,MAT_08,252,2851
2025-12-23,MAT_08,334,2517
2025-12-24,MAT_08,320,2197
2025-12-25,MAT_08,343,1854
2025-12-26,MAT_08,337,1517
2025-12-27,MAT_08,280,1237
2025-12-28,MAT_08,259,5213
2025-12-29,MAT_08,345,4868
2025-12-30,MAT_08,331,4537
2024-01-01,MAT_09,791,23568
2024-01-02,MAT_09,972,22596
2024-01-03,MAT_09,1071,21525
2024-01-04,MAT_09,1010,20515
2024-01-05,MAT_09,730,19785
2024-01-06,MAT_09,666,19119
2024-01-07,MAT_09,761,18358
2024-01-08,MAT_09,943,17415
2024-01-09,MAT_09,1059,16356
2024-01-10,MAT_09,1043,15313
2024-01-11,MAT_09,891,14422
2024-01-12,MAT_09,1005,13417
2024-01-13,MAT_09,694,12723
2024-01-14,MAT_09,929,11794
2024-01-15,MAT_09,986,10808
2024-01-16,MAT_09,1139,9669
2024-01-17,MAT_09,1018,8651
2024-01-18,MAT_09,977,7674
2024-01-19,MAT_09,884,6790
2024-01-20,MAT_09,771,6019
2024-01-21,MAT_09,861,5158
2024-01-22,MAT_09,1084,4074
2024-01-23,MAT_09,940,3134
2024-01-24,MAT_09,1024,15159
2024-01-25,MAT_09,947,14212
2024-01-26,MAT_09,896,13316
2024-01-27,MAT_09,825,12491
2024-01-28,MAT_09,933,11558
2024-01-29,MAT_09,974,10584
2024-01-30,MAT_09,1102,9482
2024-01-31,MAT_09,1139,8343
2024-02-01,MAT_09,2428,5915
2024-02-02,MAT_09,2267,3648
2024-02-03,MAT_09,1947,1701
2024-02-04,MAT_09,2365,0
2024-02-05,MAT_09,2785,0
2024-02-06,MAT_09,1160,0
2024-02-07,MAT_09,1146,11903
2024-02-08,MAT_09,1113,10790
2024-02-09,MAT_09,853,9937
2024-02-10,MAT_09,897,9040
2024-02-11,MAT_09,845,8195
2024-02-12,MAT_09,1058,7137
2024-02-13,MAT_09,1055,6082
2024-02-14,MAT_09,1117,4965
2024-02-15,MAT_09,916,4049
2024-02-16,MAT_09,866,3183
2024-02-17,MAT_09,931,15301
2024-02-18,MAT_09,852,14449
2024-02-19,MAT_09,1125,13324
2024-02-20,MAT_09,1054,12270
2024-02-21,MAT_09,1204,11066
2024-02-22,MAT_09,1030,10036
2024-02-23,MAT_09,1019,9017
2024-02-24,MAT_09,784,8233
2024-02-25,MAT_09,905,7328
2024-02-26,MAT_09,975,6353
2024-02-27,MAT_09,1230,5123
2024-02-28,MAT_09,1220,3903
2024-02-29,MAT_09,1004,2899
2024-03-01,MAT_09,982,14966
2024-03-02,MAT_09,864,14102
2024-03-03,MAT_09,1041,13061
2024-03-04,MAT_09,1173,11888
2024-03-05,MAT_09,1041,10847
2024-03-06,MAT_09,1265,9582
2024-03-07,MAT_09,1052,8530
2024-03-08,MAT_09,990,7540
2024-03-09,MAT_09,946,6594
2024-03-10,MAT_09,1128,5466
2024-03-11,MAT_09,986,4480
2024-03-12,MAT_09,1249,3231
2024-03-13,MAT_09,1101,2130
2024-03-14,MAT_09,1025,14154
2024-03-15,MAT_09,1024,13130
2024-03-16,MAT_09,954,12176
2024-03-17,MAT_09,732,11444
2024-03-18,MAT_09,1182,10262
2024-03-19,MAT_09,998,9264
2024-03-20,MAT_09,1197,8067
2024-03-21,MAT_09,1255,6812
2024-03-22,MAT_09,1220,5592
2024-03-23,MAT_09,926,4666
2024-03-24,MAT_09,859,3807
2024-03-25,MAT_09,1198,2609
2024-03-26,MAT_09,1263,14395
2024-03-27,MAT_09,1171,13224
2024-03-28,MAT_09,1090,12134
2024-03-29,MAT_09,968,11166
2024-03-30,MAT_09,930,10236
2024-03-31,MAT_09,1013,9223
2024-04-01,MAT_09,1038,8185
2024-04-02,MAT_09,1151,7034
2024-04-03,MAT_09,1270,5764
2024-04-04,MAT_09,1015,4749
2024-04-05,MAT_09,998,3751
2024-04-06,MAT_09,814,2937
2024-04-07,MAT_09,994,14992
2024-04-08,MAT_09,917,14075
2024-04-09,MAT_09,1265,12810
2024-04-10,MAT_09,1098,11712
2024-04-11,MAT_09,987,10725
2024-04-12,MAT_09,995,9730
2024-04-13,MAT_09,1105,8625
2024-04-14,MAT_09,1042,7583
2024-04-15,MAT_09,914,6669
2024-04-16,MAT_09,1066,5603
2024-04-17,MAT_09,1172,4431
2024-04-18,MAT_09,1330,3101
2024-04-19,MAT_09,939,2162
2024-04-20,MAT_09,868,14343
2024-04-21,MAT_09,1106,13237
2024-04-22,MAT_09,1091,12146
2024-04-23,MAT_09,1266,10880
2024-04-24,MAT_09,1135,9745
2024-04-25,MAT_09,1117,8628
2024-04-26,MAT_09,1126,7502
2024-04-27,MAT_09,927,6575
2024-04-28,MAT_09,1060,5515
2024-04-29,MAT_09,1097,4418
2024-04-30,MAT_09,1073,3345
2024-05-01,MAT_09,1185,2160
2024-05-02,MAT_09,1200,14009
2024-05-03,MAT_09,1057,12952
2024-05-04,MAT_09,923,12029
2024-05-05,MAT_09,785,11244
2024-05-06,MAT_09,893,10351
2024-05-07,MAT_09,1012,9339
2024-05-08,MAT_09,1128,8211
2024-05-09,MAT_09,1067,7144
2024-05-10,MAT_09,856,6288
2024-05-11,MAT_09,1000,5288
2024-05-12,MAT_09,824,4464
2024-05-13,MAT_09,914,3550
2024-05-14,MAT_09,1141,15458
2024-05-15,MAT_09,1241,14217
2024-05-16,MAT_09,1261,12956
2024-05-17,MAT_09,1017,11939
2024-05-18,MAT_09,1031,10908
2024-05-19,MAT_09,811,10097
2024-05-20,MAT_09,1203,8894
2024-05-21,MAT_09,953,7941
2024-05-22,MAT_09,1093,6848
2024-05-23,MAT_09,1112,5736
2024-05-24,MAT_09,808,4928
2024-05-25,MAT_09,793,4135
2024-05-26,MAT_09,801,3334
2024-05-27,MAT_09,968,15415
2024-05-28,MAT_09,1217,14198
2024-05-29,MAT_09,1117,13081
2024-05-30,MAT_09,1002,12079
2024-05-31,MAT_09,675,11404
2024-06-01,MAT_09,892,10512
2024-06-02,MAT_09,942,9570
2024-06-03,MAT_09,825,8745
2024-06-04,MAT_09,1065,7680
2024-06-05,MAT_09,1110,6570
2024-06-06,MAT_09,1103,5467
2024-06-07,MAT_09,839,4628
2024-06-08,MAT_09,1796,2832
2024-06-09,MAT_09,1935,897
2024-06-10,MAT_09,2531,11415
2024-06-11,MAT_09,2717,8698
2024-06-12,MAT_09,2547,6151
2024-06-13,MAT_09,2586,3565
2024-06-14,MAT_09,1604,1961
2024-06-15,MAT_09,2083,0
2024-06-16,MAT_09,728,0
2024-06-17,MAT_09,1077,0
2024-06-18,MAT_09,929,0
2024-06-19,MAT_09,969,12080
2024-06-20,MAT_09,1018,11062
2024-06-21,MAT_09,910,10152
2024-06-22,MAT_09,739,9413
2024-06-23,MAT_09,832,8581
2024-06-24,MAT_09,941,7640
2024-06-25,MAT_09,1030,6610
2024-06-26,MAT_09,983,5627
2024-06-27,MAT_09,987,4640
2024-06-28,MAT_09,949,3691
2024-06-29,MAT_09,645,16095
2024-06-30,MAT_09,700,15395
2024-07-01,MAT_09,874,14521
2024-07-02,MAT_09,878,13643
2024-07-03,MAT_09,835,12808
2024-07-04,MAT_09,1012,11796
2024-07-05,MAT_09,606,11190
2024-07-06,MAT_09,691,10499
2024-07-07,MAT_09,813,9686
2024-07-08,MAT_09,869,8817
2024-07-09,MAT_09,910,7907
2024-07-10,MAT_09,870,7037
2024-07-11,MAT_09,921,6116
2024-07-12,MAT_09,688,5428
2024-07-13,MAT_09,723,4705
2024-07-14,MAT_09,734,3971
2024-07-15,MAT_09,833,16187
2024-07-16,MAT_09,863,15324
2024-07-17,MAT_09,1117,14207
2024-07-18,MAT_09,897,13310
2024-07-19,MAT_09,725,12585
2024-07-20,MAT_09,698,11887
2024-07-21,MAT_09,629,11258
2024-07-22,MAT_09,761,10497
2024-07-23,MAT_09,1101,9396
2024-07-24,MAT_09,848,8548
2024-07-25,MAT_09,834,7714
2024-07-26,MAT_09,685,7029
2024-07-27,MAT_09,560,6469
2024-07-28,MAT_09,709,5760
2024-07-29,MAT_09,774,4986
2024-07-30,MAT_09,949,4037
2024-07-31,MAT_09,962,16124
2024-08-01,MAT_09,896,15228
2024-08-02,MAT_09,621,14607
2024-08-03,MAT_09,683,13924
2024-08-04,MAT_09,707,13217
2024-08-05,MAT_09,659,12558
2024-08-06,MAT_09,819,11739
2024-08-07,MAT_09,743,10996
2024-08-08,MAT_09,854,10142
2024-08-09,MAT_09,737,9405
2024-08-10,MAT_09,730,8675
2024-08-11,MAT_09,608,8067
2024-08-12,MAT_09,767,7300
2024-08-13,MAT_09,913,6387
2024-08-14,MAT_09,784,5603
2024-08-15,MAT_09,697,4906
2024-08-16,MAT_09,597,17358
2024-08-17,MAT_09,556,16802
2024-08-18,MAT_09,534,16268
2024-08-19,MAT_09,650,15618
2024-08-20,MAT_09,885,14733
2024-08-21,MAT_09,823,13910
2024-08-22,MAT_09,785,13125
2024-08-23,MAT_09,595,12530
2024-08-24,MAT_09,516,12014
2024-08-25,MAT_09,617,11397
2024-08-26,MAT_09,703,10694
2024-08-27,MAT_09,860,9834
2024-08-28,MAT_09,929,8905
2024-08-29,MAT_09,683,8222
2024-08-30,MAT_09,702,7520
2024-08-31,MAT_09,461,7059
2024-09-01,MAT_09,759,6300
2024-09-02,MAT_09,610,5690
2024-09-03,MAT_09,839,4851
2024-09-04,MAT_09,708,17192
2024-09-05,MAT_09,717,16475
2024-09-06,MAT_09,750,15725
2024-09-07,MAT_09,472,15253
2024-09-08,MAT_09,759,14494
2024-09-09,MAT_09,667,13827
2024-09-10,MAT_09,853,12974
2024-09-11,MAT_09,1727,11247
2024-09-12,MAT_09,1587,9660
2024-09-13,MAT_09,1006,8654
2024-09-14,MAT_09,1029,7625
2024-09-15,MAT_09,662,6963
2024-09-16,MAT_09,629,6334
2024-09-17,MAT_09,773,5561
2024-09-18,MAT_09,650,4911
2024-09-19,MAT_09,667,4244
2024-09-20,MAT_09,697,16596
2024-09-21,MAT_09,417,16179
2024-09-22,MAT_09,615,15564
2024-09-23,MAT_09,670,14894
2024-09-24,MAT_09,735,14159
2024-09-25,MAT_09,756,13403
2024-09-26,MAT_09,667,12736
2024-09-27,MAT_09,561,12175
2024-09-28,MAT_09,606,11569
2024-09-29,MAT_09,513,11056
2024-09-30,MAT_09,810,10246
2024-10-01,MAT_09,781,9465
2024-10-02,MAT_09,730,8735
2024-10-03,MAT_09,794,7941
2024-10-04,MAT_09,650,7291
2024-10-05,MAT_09,382,6909
2024-10-06,MAT_09,461,6448
2024-10-07,MAT_09,644,5804
2024-10-08,MAT_09,618,18235
2024-10-09,MAT_09,964,17271
2024-10-10,MAT_09,783,16488
2024-10-11,MAT_09,598,15890
2024-10-12,MAT_09,499,15391
2024-10-13,MAT_09,503,14888
2024-10-14,MAT_09,487,14401
2024-10-15,MAT_09,610,13791
2024-10-16,MAT_09,953,12838
2024-10-17,MAT_09,854,11984
2024-10-18,MAT_09,555,11429
2024-10-19,MAT_09,615,10814
2024-10-20,MAT_09,606,10208
2024-10-21,MAT_09,720,9488
2024-10-22,MAT_09,645,8843
2024-10-23,MAT_09,638,8205
2024-10-24,MAT_09,829,7376
2024-10-25,MAT_09,442,6934
2024-10-26,MAT_09,533,6401
2024-10-27,MAT_09,540,5861
2024-10-28,MAT_09,636,18274
2024-10-29,MAT_09,807,17467
2024-10-30,MAT_09,748,16719
2024-10-31,MAT_09,772,15947
2024-11-01,MAT_09,639,15308
2024-11-02,MAT_09,740,14568
2024-11-03,MAT_09,465,14103
2024-11-04,MAT_09,692,13411
2024-11-05,MAT_09,831,12580
2024-11-06,MAT_09,798,11782
2024-11-07,MAT_09,636,11146
2024-11-08,MAT_09,751,10395
2024-11-09,MAT_09,602,9793
2024-11-10,MAT_09,490,9303
2024-11-11,MAT_09,743,8560
2024-11-12,MAT_09,958,7602
2024-11-13,MAT_09,834,6768
2024-11-14,MAT_09,769,5999
2024-11-15,MAT_09,795,5204
2024-11-16,MAT_09,506,17747
2024-11-17,MAT_09,769,16978
2024-11-18,MAT_09,808,16170
2024-11-19,MAT_09,748,15422
2024-11-20,MAT_09,798,14624
2024-11-21,MAT_09,743,13881
2024-11-22,MAT_09,519,13362
2024-11-23,MAT_09,633,12729
2024-11-24,MAT_09,562,12167
2024-11-25,MAT_09,769,11398
2024-11-26,MAT_09,736,10662
2024-11-27,MAT_09,957,9705
2024-11-28,MAT_09,874,8831
2024-11-29,MAT_09,638,8193
2024-11-30,MAT_09,663,7530
2024-12-01,MAT_09,668,6862
2024-12-02,MAT_09,895,5967
2024-12-03,MAT_09,781,5186
2024-12-04,MAT_09,886,4300
2024-12-05,MAT_09,777,16572
2024-12-06,MAT_09,727,15845
2024-12-07,MAT_09,702,15143
2024-12-08,MAT_09,627,14516
2024-12-09,MAT_09,758,13758
2024-12-10,MAT_09,979,12779
2024-12-11,MAT_09,1042,11737
2024-12-12,MAT_09,900,10837
2024-12-13,MAT_09,735,10102
2024-12-14,MAT_09,660,9442
2024-12-15,MAT_09,756,8686
2024-12-16,MAT_09,834,7852
2024-12-17,MAT_09,777,7075
2024-12-18,MAT_09,999,6076
2024-12-19,MAT_09,807,5269
2024-12-20,MAT_09,649,4620
2024-12-21,MAT_09,560,17109
2024-12-22,MAT_09,716,16393
2024-12-23,MAT_09,752,15641
2024-12-24,MAT_09,743,14898
2024-12-25,MAT_09,944,13954
2024-12-26,MAT_09,865,13089
2024-12-27,MAT_09,785,12304
2024-12-28,MAT_09,677,11627
2024-12-29,MAT_09,920,10707
2024-12-30,MAT_09,911,9796
2024-12-31,MAT_09,929,8867
2025-01-01,MAT_09,995,7872
2025-01-02,MAT_09,1057,6815
2025-01-03,MAT_09,908,5907
2025-01-04,MAT_09,636,5271
2025-01-05,MAT_09,702,4569
2025-01-06,MAT_09,824,3745
2025-01-07,MAT_09,960,15834
2025-01-08,MAT_09,975,14859
2025-01-09,MAT_09,963,13896
2025-01-10,MAT_09,915,12981
2025-01-11,MAT_09,862,12119
2025-01-12,MAT_09,784,11335
2025-01-13,MAT_09,776,10559
2025-01-14,MAT_09,933,9626
2025-01-15,MAT_09,1007,8619
2025-01-16,MAT_09,877,7742
2025-01-17,MAT_09,975,6767
2025-01-18,MAT_09,706,6061
2025-01-19,MAT_09,891,5170
2025-01-20,MAT_09,797,4373
2025-01-21,MAT_09,1106,3267
2025-01-22,MAT_09,1065,15251
2025-01-23,MAT_09,1142,14109
2025-01-24,MAT_09,802,13307
2025-01-25,MAT_09,784,12523
2025-01-26,MAT_09,830,11693
2025-01-27,MAT_09,954,10739
2025-01-28,MAT_09,1043,9696
2025-01-29,MAT_09,1073,8623
2025-01-30,MAT_09,1004,7619
2025-01-31,MAT_09,744,6875
2025-02-01,MAT_09,943,5932
2025-02-02,MAT_09,1134,4798
2025-02-03,MAT_09,1016,3782
2025-02-04,MAT_09,996,2786
2025-02-05,MAT_09,1033,14802
2025-02-06,MAT_09,1109,13693
2025-02-07,MAT_09,979,12714
2025-02-08,MAT_09,853,11861
2025-02-09,MAT_09,972,10889
2025-02-10,MAT_09,831,10058
2025-02-11,MAT_09,1181,8877
2025-02-12,MAT_09,1165,7712
2025-02-13,MAT_09,989,6723
2025-02-14,MAT_09,841,5882
2025-02-15,MAT_09,908,4974
2025-02-16,MAT_09,1048,3926
2025-02-17,MAT_09,1010,2916
2025-02-18,MAT_09,1060,14905
2025-02-19,MAT_09,2547,12358
2025-02-20,MAT_09,2706,9652
2025-02-21,MAT_09,2205,7447
2025-02-22,MAT_09,2078,5369
2025-02-23,MAT_09,2266,3103
2025-02-24,MAT_09,2350,753
2025-02-25,MAT_09,1083,0
2025-02-26,MAT_09,1026,0
2025-02-27,MAT_09,1029,0
2025-02-28,MAT_09,902,12147
2025-03-01,MAT_09,987,11160
2025-03-02,MAT_09,1026,10134
2025-03-03,MAT_09,1076,9058
2025-03-04,MAT_09,1054,8004
2025-03-05,MAT_09,1347,6657
2025-03-06,MAT_09,1086,5571
2025-03-07,MAT_09,1063,4508
2025-03-08,MAT_09,946,3562
2025-03-09,MAT_09,986,2576
2025-03-10,MAT_09,1121,14504
2025-03-11,MAT_09,1115,13389
2025-03-12,MAT_09,1315,12074
2025-03-13,MAT_09,995,11079
2025-03-14,MAT_09,930,10149
2025-03-15,MAT_09,1063,9086
2025-03-16,MAT_09,1028,8058
2025-03-17,MAT_09,1301,6757
2025-03-18,MAT_09,1189,5568
2025-03-19,MAT_09,1357,4211
2025-03-20,MAT_09,978,3233
2025-03-21,MAT_09,904,2329
2025-03-22,MAT_09,1035,14343
2025-03-23,MAT_09,831,13512
2025-03-24,MAT_09,1068,12444
2025-03-25,MAT_09,1289,11155
2025-03-26,MAT_09,1257,9898
2025-03-27,MAT_09,1144,8754
2025-03-28,MAT_09,991,7763
2025-03-29,MAT_09,977,6786
2025-03-30,MAT_09,1035,5751
2025-03-31,MAT_09,1030,4721
2025-04-01,MAT_09,1222,3499
2025-04-02,MAT_09,1308,2191
2025-04-03,MAT_09,1125,1066
2025-04-04,MAT_09,1037,29
2025-04-05,MAT_09,1002,0
2025-04-06,MAT_09,1033,0
2025-04-07,MAT_09,1163,0
2025-04-08,MAT_09,1100,0
2025-04-09,MAT_09,1167,0
2025-04-10,MAT_09,1099,11950
2025-04-11,MAT_09,949,11001
2025-04-12,MAT_09,800,10201
2025-04-13,MAT_09,698,9503
2025-04-14,MAT_09,1186,8317
2025-04-15,MAT_09,1048,7269
2025-04-16,MAT_09,1344,5925
2025-04-17,MAT_09,1200,4725
2025-04-18,MAT_09,987,3738
2025-04-19,MAT_09,1004,2734
2025-04-20,MAT_09,1011,14772
2025-04-21,MAT_09,979,13793
2025-04-22,MAT_09,1174,12619
2025-04-23,MAT_09,1114,11505
2025-04-24,MAT_09,1185,10320
2025-04-25,MAT_09,951,9369
2025-04-26,MAT_09,932,8437
2025-04-27,MAT_09,952,7485
2025-04-28,MAT_09,1075,6410
2025-04-29,MAT_09,1310,5100
2025-04-30,MAT_09,1168,3932
2025-05-01,MAT_09,1222,2710
2025-05-02,MAT_09,1043,1667
2025-05-03,MAT_09,1052,615
2025-05-04,MAT_09,922,0
2025-05-05,MAT_09,1112,0
2025-05-06,MAT_09,1147,0
2025-05-07,MAT_09,915,0
2025-05-08,MAT_09,1007,12042
2025-05-09,MAT_09,1037,11005
2025-05-10,MAT_09,959,10046
2025-05-11,MAT_09,824,9222
2025-05-12,MAT_09,1055,8167
2025-05-13,MAT_09,1179,6988
2025-05-14,MAT_09,1155,5833
2025-05-15,MAT_09,1149,4684
2025-05-16,MAT_09,1021,3663
2025-05-17,MAT_09,893,2770
2025-05-18,MAT_09,874,14945
2025-05-19,MAT_09,1109,13836
2025-05-20,MAT_09,1158,12678
2025-05-21,MAT_09,1019,11659
2025-05-22,MAT_09,1085,10574
2025-05-23,MAT_09,850,9724
2025-05-24,MAT_09,793,8931
2025-05-25,MAT_09,842,8089
2025-05-26,MAT_09,1002,7087
2025-05-27,MAT_09,1129,5958
2025-05-28,MAT_09,1083,4875
2025-05-29,MAT_09,1013,3862
2025-05-30,MAT_09,885,2977
2025-05-31,MAT_09,946,15080
2025-06-01,MAT_09,629,14451
2025-06-02,MAT_09,949,13502
2025-06-03,MAT_09,1209,12293
2025-06-04,MAT_09,1141,11152
2025-06-05,MAT_09,1133,10019
2025-06-06,MAT_09,729,9290
2025-06-07,MAT_09,724,8566
2025-06-08,MAT_09,898,7668
2025-06-09,MAT_09,1087,6581
2025-06-10,MAT_09,951,5630
2025-06-11,MAT_09,1039,4591
2025-06-12,MAT_09,1033,3558
2025-06-13,MAT_09,755,15852
2025-06-14,MAT_09,853,14999
2025-06-15,MAT_09,596,14403
2025-06-16,MAT_09,970,13433
2025-06-17,MAT_09,939,12494
2025-06-18,MAT_09,1008,11486
2025-06-19,MAT_09,1030,10456
2025-06-20,MAT_09,895,9561
2025-06-21,MAT_09,781,8780
2025-06-22,MAT_09,888,7892
2025-06-23,MAT_09,754,7138
2025-06-24,MAT_09,1018,6120
2025-06-25,MAT_09,953,5167
2025-06-26,MAT_09,1027,4140
2025-06-27,MAT_09,890,3250
2025-06-28,MAT_09,819,15480
2025-06-29,MAT_09,920,14560
2025-06-30,MAT_09,974,13586
2025-07-01,MAT_09,960,12626
2025-07-02,MAT_09,995,11631
2025-07-03,MAT_09,973,10658
2025-07-04,MAT_09,816,9842
2025-07-05,MAT_09,791,9051
2025-07-06,MAT_09,557,8494
2025-07-07,MAT_09,1013,7481
2025-07-08,MAT_09,953,6528
2025-07-09,MAT_09,828,5700
2025-07-10,MAT_09,815,4885
2025-07-11,MAT_09,593,4292
2025-07-12,MAT_09,609,16732
2025-07-13,MAT_09,713,16019
2025-07-14,MAT_09,955,15064
2025-07-15,MAT_09,958,14106
2025-07-16,MAT_09,964,13142
2025-07-17,MAT_09,770,12372
2025-07-18,MAT_09,681,11691
2025-07-19,MAT_09,613,11078
2025-07-20,MAT_09,638,10440
2025-07-21,MAT_09,768,9672
2025-07-22,MAT_09,873,8799
2025-07-23,MAT_09,889,7910
2025-07-24,MAT_09,786,7124
2025-07-25,MAT_09,739,6385
2025-07-26,MAT_09,626,5759
2025-07-27,MAT_09,537,5222
2025-07-28,MAT_09,777,4445
2025-07-29,MAT_09,863,16631
2025-07-30,MAT_09,757,15874
2025-07-31,MAT_09,769,15105
2025-08-01,MAT_09,756,14349
2025-08-02,MAT_09,532,13817
2025-08-03,MAT_09,544,13273
2025-08-04,MAT_09,723,12550
2025-08-05,MAT_09,904,11646
2025-08-06,MAT_09,1030,10616
2025-08-07,MAT_09,856,9760
2025-08-08,MAT_09,777,8983
2025-08-09,MAT_09,639,8344
2025-08-10,MAT_09,572,7772
2025-08-11,MAT_09,787,6985
2025-08-12,MAT_09,822,6163
2025-08-13,MAT_09,885,5278
2025-08-14,MAT_09,696,4582
2025-08-15,MAT_09,703,16928
2025-08-16,MAT_09,579,16349
2025-08-17,MAT_09,632,15717
2025-08-18,MAT_09,704,15013
2025-08-19,MAT_09,787,14226
2025-08-20,MAT_09,876,13350
2025-08-21,MAT_09,725,12625
2025-08-22,MAT_09,507,12118
2025-08-23,MAT_09,409,11709
2025-08-24,MAT_09,611,11098
2025-08-25,MAT_09,656,10442
2025-08-26,MAT_09,644,9798
2025-08-27,MAT_09,827,8971
2025-08-28,MAT_09,737,8234
2025-08-29,MAT_09,586,7648
2025-08-30,MAT_09,578,7070
2025-08-31,MAT_09,695,6375
2025-09-01,MAT_09,792,5583
2025-09-02,MAT_09,793,4790
2025-09-03,MAT_09,797,17042
2025-09-04,MAT_09,745,16297
2025-09-05,MAT_09,644,15653
2025-09-06,MAT_09,521,15132
2025-09-07,MAT_09,584,14548
2025-09-08,MAT_09,532,14016
2025-09-09,MAT_09,777,13239
2025-09-10,MAT_09,835,12404
2025-09-11,MAT_09,679,11725
2025-09-12,MAT_09,599,11126
2025-09-13,MAT_09,439,10687
2025-09-14,MAT_09,451,10236
2025-09-15,MAT_09,679,9557
2025-09-16,MAT_09,698,8859
2025-09-17,MAT_09,631,8228
2025-09-18,MAT_09,618,7610
2025-09-19,MAT_09,516,7094
2025-09-20,MAT_09,596,6498
2025-09-21,MAT_09,569,5929
2025-09-22,MAT_09,579,18399
2025-09-23,MAT_09,705,17694
2025-09-24,MAT_09,895,16799
2025-09-25,MAT_09,792,16007
2025-09-26,MAT_09,499,15508
2025-09-27,MAT_09,627,14881
2025-09-28,MAT_09,544,14337
2025-09-29,MAT_09,722,13615
2025-09-30,MAT_09,740,12875
2025-10-01,MAT_09,883,11992
2025-10-02,MAT_09,608,11384
2025-10-03,MAT_09,574,10810
2025-10-04,MAT_09,631,10179
2025-10-05,MAT_09,343,9836
2025-10-06,MAT_09,649,9187
2025-10-07,MAT_09,722,8465
2025-10-08,MAT_09,841,7624
2025-10-09,MAT_09,804,6820
2025-10-10,MAT_09,662,6158
2025-10-11,MAT_09,550,5608
2025-10-12,MAT_09,558,18099
2025-10-13,MAT_09,627,17472
2025-10-14,MAT_09,778,16694
2025-10-15,MAT_09,913,15781
2025-10-16,MAT_09,1366,14415
2025-10-17,MAT_09,1207,13208
2025-10-18,MAT_09,1120,12088
2025-10-19,MAT_09,1374,10714
2025-10-20,MAT_09,684,10030
2025-10-21,MAT_09,853,9177
2025-10-22,MAT_09,884,8293
2025-10-23,MAT_09,776,7517
2025-10-24,MAT_09,520,6997
2025-10-25,MAT_09,688,6309
2025-10-26,MAT_09,694,5615
2025-10-27,MAT_09,680,4935
2025-10-28,MAT_09,658,17326
2025-10-29,MAT_09,669,16657
2025-10-30,MAT_09,758,15899
2025-10-31,MAT_09,564,15335
2025-11-01,MAT_09,407,14928
2025-11-02,MAT_09,446,14482
2025-11-03,MAT_09,646,13836
2025-11-04,MAT_09,808,13028
2025-11-05,MAT_09,941,12087
2025-11-06,MAT_09,792,11295
2025-11-07,MAT_09,606,10689
2025-11-08,MAT_09,604,10085
2025-11-09,MAT_09,624,9461
2025-11-10,MAT_09,767,8694
2025-11-11,MAT_09,804,7890
2025-11-12,MAT_09,925,6965
2025-11-13,MAT_09,838,6127
2025-11-14,MAT_09,663,5464
2025-11-15,MAT_09,578,4886
2025-11-16,MAT_09,696,17239
2025-11-17,MAT_09,658,16581
2025-11-18,MAT_09,694,15887
2025-11-19,MAT_09,722,15165
2025-11-20,MAT_09,716,14449
2025-11-21,MAT_09,733,13716
2025-11-22,MAT_09,571,13145
2025-11-23,MAT_09,653,12492
2025-11-24,MAT_09,698,11794
2025-11-25,MAT_09,803,10991
2025-11-26,MAT_09,785,10206
2025-11-27,MAT_09,798,9408
2025-11-28,MAT_09,681,8727
2025-11-29,MAT_09,665,8062
2025-11-30,MAT_09,682,7380
2025-12-01,MAT_09,745,6635
2025-12-02,MAT_09,737,5898
2025-12-03,MAT_09,989,4909
2025-12-04,MAT_09,822,17136
2025-12-05,MAT_09,726,16410
2025-12-06,MAT_09,791,15619
2025-12-07,MAT_09,760,14859
2025-12-08,MAT_09,825,14034
2025-12-09,MAT_09,891,13143
2025-12-10,MAT_09,919,12224
2025-12-11,MAT_09,874,11350
2025-12-12,MAT_09,779,10571
2025-12-13,MAT_09,825,9746
2025-12-14,MAT_09,920,8826
2025-12-15,MAT_09,836,7990
2025-12-16,MAT_09,729,7261
2025-12-17,MAT_09,862,6399
2025-12-18,MAT_09,1036,5363
2025-12-19,MAT_09,831,4532
2025-12-20,MAT_09,739,3793
2025-12-21,MAT_09,716,16126
2025-12-22,MAT_09,733,15393
2025-12-23,MAT_09,1088,14305
2025-12-24,MAT_09,899,13406
2025-12-25,MAT_09,968,12438
2025-12-26,MAT_09,681,11757
2025-12-27,MAT_09,709,11048
2025-12-28,MAT_09,843,10205
2025-12-29,MAT_09,841,9364
2025-12-30,MAT_09,936,8428
2024-01-01,MAT_10,294,7930
2024-01-02,MAT_10,290,7640
2024-01-03,MAT_10,294,7346
2024-01-04,MAT_10,338,7008
2024-01-05,MAT_10,267,6741
2024-01-06,MAT_10,278,6463
2024-01-07,MAT_10,300,6163
2024-01-08,MAT_10,338,5825
2024-01-09,MAT_10,291,5534
2024-01-10,MAT_10,328,5206
2024-01-11,MAT_10,341,4865
2024-01-12,MAT_10,305,4560
2024-01-13,MAT_10,332,4228
2024-01-14,MAT_10,249,3979
2024-01-15,MAT_10,346,3633
2024-01-16,MAT_10,358,3275
2024-01-17,MAT_10,308,2967
2024-01-18,MAT_10,318,2649
2024-01-19,MAT_10,305,2344
2024-01-20,MAT_10,224,2120
2024-01-21,MAT_10,223,1897
2024-01-22,MAT_10,268,1629
2024-01-23,MAT_10,363,1266
2024-01-24,MAT_10,351,5321
2024-01-25,MAT_10,324,4997
2024-01-26,MAT_10,288,4709
2024-01-27,MAT_10,241,4468
2024-01-28,MAT_10,279,4189
2024-01-29,MAT_10,274,3915
2024-01-30,MAT_10,398,3517
2024-01-31,MAT_10,423,3094
2024-02-01,MAT_10,282,2812
2024-02-02,MAT_10,299,2513
2024-02-03,MAT_10,278,2235
2024-02-04,MAT_10,295,1940
2024-02-05,MAT_10,365,1575
2024-02-06,MAT_10,357,1218
2024-02-07,MAT_10,378,5246
2024-02-08,MAT_10,445,4801
2024-02-09,MAT_10,317,4484
2024-02-10,MAT_10,349,4135
2024-02-11,MAT_10,322,3813
2024-02-12,MAT_10,326,3487
2024-02-13,MAT_10,357,3130
2024-02-14,MAT_10,387,2743
2024-02-15,MAT_10,331,2412
2024-02-16,MAT_10,301,2111
2024-02-17,MAT_10,291,1820
2024-02-18,MAT_10,322,1498
2024-02-19,MAT_10,402,1096
2024-02-20,MAT_10,370,5132
2024-02-21,MAT_10,407,4725
2024-02-22,MAT_10,322,4403
2024-02-23,MAT_10,364,4039
2024-02-24,MAT_10,259,3780
2024-02-25,MAT_10,342,3438
2024-02-26,MAT_10,352,3086
2024-02-27,MAT_10,386,2700
2024-02-28,MAT_10,390,2310
2024-02-29,MAT_10,337,1973
2024-03-01,MAT_10,301,1672
2024-03-02,MAT_10,339,1333
2024-03-03,MAT_10,324,1009
2024-03-04,MAT_10,350,5065
2024-03-05,MAT_10,407,4658
2024-03-06,MAT_10,406,4252
2024-03-07,MAT_10,356,3896
2024-03-08,MAT_10,414,3482
2024-03-09,MAT_10,340,3142
2024-03-10,MAT_10,331,2811
2024-03-11,MAT_10,347,2464
2024-03-12,MAT_10,425,2039
2024-03-13,MAT_10,383,1656
2024-03-14,MAT_10,357,1299
2024-03-15,MAT_10,395,904
2024-03-16,MAT_10,322,4988
2024-03-17,MAT_10,308,4680
2024-03-18,MAT_10,365,4315
2024-03-19,MAT_10,425,3890
2024-03-20,MAT_10,427,3463
2024-03-21,MAT_10,414,3049
2024-03-22,MAT_10,310,2739
2024-03-23,MAT_10,351,2388
2024-03-24,MAT_10,327,2061
2024-03-25,MAT_10,369,1692
2024-03-26,MAT_10,437,1255
2024-03-27,MAT_10,430,825
2024-03-28,MAT_10,396,4835
2024-03-29,MAT_10,290,4545
2024-03-30,MAT_10,323,4222
2024-03-31,MAT_10,310,3912
2024-04-01,MAT_10,388,3524
2024-04-02,MAT_10,431,3093
2024-04-03,MAT_10,401,2692
2024-04-04,MAT_10,367,2325
2024-04-05,MAT_10,394,1931
2024-04-06,MAT_10,306,1625
2024-04-07,MAT_10,297,1328
2024-04-08,MAT_10,342,986
2024-04-09,MAT_10,385,5007
2024-04-10,MAT_10,384,4623
2024-04-11,MAT_10,410,4213
2024-04-12,MAT_10,282,3931
2024-04-13,MAT_10,297,3634
2024-04-14,MAT_10,330,3304
2024-04-15,MAT_10,371,2933
2024-04-16,MAT_10,449,2484
2024-04-17,MAT_10,453,2031
2024-04-18,MAT_10,336,1695
2024-04-19,MAT_10,289,1406
2024-04-20,MAT_10,321,1085
2024-04-21,MAT_10,309,776
2024-04-22,MAT_10,328,4854
2024-04-23,MAT_10,397,4457
2024-04-24,MAT_10,411,4046
2024-04-25,MAT_10,356,3690
2024-04-26,MAT_10,323,3367
2024-04-27,MAT_10,295,3072
2024-04-28,MAT_10,313,2759
2024-04-29,MAT_10,375,2384
2024-04-30,MAT_10,361,2023
2024-05-01,MAT_10,382,1641
2024-05-02,MAT_10,364,1277
2024-05-03,MAT_10,337,940
2024-05-04,MAT_10,321,5025
2024-05-05,MAT_10,381,4644
2024-05-06,MAT_10,371,4273
2024-05-07,MAT_10,406,3867
2024-05-08,MAT_10,388,3479
2024-05-09,MAT_10,343,3136
2024-05-10,MAT_10,317,2819
2024-05-11,MAT_10,287,2532
2024-05-12,MAT_10,327,2205
2024-05-13,MAT_10,300,1905
2024-05-14,MAT_10,400,1505
2024-05-15,MAT_10,387,1118
2024-05-16,MAT_10,387,5137
2024-05-17,MAT_10,305,4832
2024-05-18,MAT_10,275,4557
2024-05-19,MAT_10,297,4260
2024-05-20,MAT_10,330,3930
2024-05-21,MAT_10,400,3530
2024-05-22,MAT_10,407,3123
2024-05-23,MAT_10,415,2708
2024-05-24,MAT_10,305,2403
2024-05-25,MAT_10,197,2206
2024-05-26,MAT_10,290,1916
2024-05-27,MAT_10,343,1573
2024-05-28,MAT_10,390,1183
2024-05-29,MAT_10,386,797
2024-05-30,MAT_10,337,4866
2024-05-31,MAT_10,363,4503
2024-06-01,MAT_10,257,4246
2024-06-02,MAT_10,287,3959
2024-06-03,MAT_10,297,3662
2024-06-04,MAT_10,362,3300
2024-06-05,MAT_10,416,2884
2024-06-06,MAT_10,340,2544
2024-06-07,MAT_10,301,2243
2024-06-08,MAT_10,230,2013
2024-06-09,MAT_10,279,1734
2024-06-10,MAT_10,354,1380
2024-06-11,MAT_10,346,1034
2024-06-12,MAT_10,352,5088
2024-06-13,MAT_10,368,4720
2024-06-14,MAT_10,287,4433
2024-06-15,MAT_10,309,4124
2024-06-16,MAT_10,241,3883
2024-06-17,MAT_10,332,3551
2024-06-18,MAT_10,393,3158
2024-06-19,MAT_10,382,2776
2024-06-20,MAT_10,272,2504
2024-06-21,MAT_10,269,2235
2024-06-22,MAT_10,506,1729
2024-06-23,MAT_10,594,1135
2024-06-24,MAT_10,523,612
2024-06-25,MAT_10,607,5
2024-06-26,MAT_10,296,4115
2024-06-27,MAT_10,294,3821
2024-06-28,MAT_10,242,3579
2024-06-29,MAT_10,301,3278
2024-06-30,MAT_10,242,3036
2024-07-01,MAT_10,315,2721
2024-07-02,MAT_10,328,2393
2024-07-03,MAT_10,335,2058
2024-07-04,MAT_10,292,1766
2024-07-05,MAT_10,293,1473
2024-07-06,MAT_10,250,1223
2024-07-07,MAT_10,255,968
2024-07-08,MAT_10,268,700
2024-07-09,MAT_10,306,394
2024-07-10,MAT_10,343,51
2024-07-11,MAT_10,308,0
2024-07-12,MAT_10,265,0
2024-07-13,MAT_10,214,0
2024-07-14,MAT_10,301,0
2024-07-15,MAT_10,263,0
2024-07-16,MAT_10,309,0
2024-07-17,MAT_10,312,4094
2024-07-18,MAT_10,350,3744
2024-07-19,MAT_10,244,3500
2024-07-20,MAT_10,217,3283
2024-07-21,MAT_10,239,3044
2024-07-22,MAT_10,248,2796
2024-07-23,MAT_10,305,2491
2024-07-24,MAT_10,379,2112
2024-07-25,MAT_10,293,1819
2024-07-26,MAT_10,252,1567
2024-07-27,MAT_10,198,5775
2024-07-28,MAT_10,277,5498
2024-07-29,MAT_10,317,5181
2024-07-30,MAT_10,319,4862
2024-07-31,MAT_10,320,4542
2024-08-01,MAT_10,269,4273
2024-08-02,MAT_10,248,4025
2024-08-03,MAT_10,187,3838
2024-08-04,MAT_10,527,3311
2024-08-05,MAT_10,591,2720
2024-08-06,MAT_10,844,1876
2024-08-07,MAT_10,716,1160
2024-08-08,MAT_10,719,441
2024-08-09,MAT_10,644,0
2024-08-10,MAT_10,662,0
2024-08-11,MAT_10,552,0
2024-08-12,MAT_10,278,4128
2024-08-13,MAT_10,307,3821
2024-08-14,MAT_10,255,3566
2024-08-15,MAT_10,295,3271
2024-08-16,MAT_10,214,3057
2024-08-17,MAT_10,183,2874
2024-08-18,MAT_10,198,2676
2024-08-19,MAT_10,239,2437
2024-08-20,MAT_10,261,2176
2024-08-21,MAT_10,256,1920
2024-08-22,MAT_10,234,1686
2024-08-23,MAT_10,221,5871
2024-08-24,MAT_10,188,5683
2024-08-25,MAT_10,216,5467
2024-08-26,MAT_10,235,5232
2024-08-27,MAT_10,270,4962
2024-08-28,MAT_10,293,4669
2024-08-29,MAT_10,292,4377
2024-08-30,MAT_10,255,4122
2024-08-31,MAT_10,227,3895
2024-09-01,MAT_10,221,3674
2024-09-02,MAT_10,290,3384
2024-09-03,MAT_10,276,3108
2024-09-04,MAT_10,280,2828
2024-09-05,MAT_10,312,2516
2024-09-06,MAT_10,128,2388
2024-09-07,MAT_10,177,2211
2024-09-08,MAT_10,228,1983
2024-09-09,MAT_10,254,1729
2024-09-10,MAT_10,335,5800
2024-09-11,MAT_10,271,5529
2024-09-12,MAT_10,231,5298
2024-09-13,MAT_10,195,5103
2024-09-14,MAT_10,190,4913
2024-09-15,MAT_10,236,4677
2024-09-16,MAT_10,271,4406
2024-09-17,MAT_10,255,4151
2024-09-18,MAT_10,272,3879
2024-09-19,MAT_10,223,3656
2024-09-20,MAT_10,188,3468
2024-09-21,MAT_10,209,3259
2024-09-22,MAT_10,234,3025
2024-09-23,MAT_10,200,2825
2024-09-24,MAT_10,262,2563
2024-09-25,MAT_10,256,2307
2024-09-26,MAT_10,265,2042
2024-09-27,MAT_10,190,1852
2024-09-28,MAT_10,121,6137
2024-09-29,MAT_10,215,5922
2024-09-30,MAT_10,211,5711
2024-10-01,MAT_10,249,5462
2024-10-02,MAT_10,276,5186
2024-10-03,MAT_10,250,4936
2024-10-04,MAT_10,215,4721
2024-10-05,MAT_10,130,4591
2024-10-06,MAT_10,202,4389
2024-10-07,MAT_10,165,4224
2024-10-08,MAT_10,278,3946
2024-10-09,MAT_10,297,3649
2024-10-10,MAT_10,200,3449
2024-10-11,MAT_10,212,3237
2024-10-12,MAT_10,210,3027
2024-10-13,MAT_10,174,2853
2024-10-14,MAT_10,242,2611
2024-10-15,MAT_10,175,2436
2024-10-16,MAT_10,298,2138
2024-10-17,MAT_10,243,1895
2024-10-18,MAT_10,197,6104
2024-10-19,MAT_10,210,5894
2024-10-20,MAT_10,241,5653
2024-10-21,MAT_10,239,5414
2024-10-22,MAT_10,307,5107
2024-10-23,MAT_10,223,4884
2024-10-24,MAT_10,265,4619
2024-10-25,MAT_10,204,4415
2024-10-26,MAT_10,161,4254
2024-10-27,MAT_10,137,4117
2024-10-28,MAT_10,246,3871
2024-10-29,MAT_10,289,3582
2024-10-30,MAT_10,312,3270
2024-10-31,MAT_10,284,2986
2024-11-01,MAT_10,189,2797
2024-11-02,MAT_10,226,2571
2024-11-03,MAT_10,239,2332
2024-11-04,MAT_10,225,2107
2024-11-05,MAT_10,269,1838
2024-11-06,MAT_10,250,1588
2024-11-07,MAT_10,297,5697
2024-11-08,MAT_10,172,5525
2024-11-09,MAT_10,209,5316
2024-11-10,MAT_10,185,5131
2024-11-11,MAT_10,206,4925
2024-11-12,MAT_10,218,4707
2024-11-13,MAT_10,276,4431
2024-11-14,MAT_10,223,4208
2024-11-15,MAT_10,224,3984
2024-11-16,MAT_10,251,3733
2024-11-17,MAT_10,215,3518
2024-11-18,MAT_10,303,3215
2024-11-19,MAT_10,251,2964
2024-11-20,MAT_10,251,2713
2024-11-21,MAT_10,236,2477
2024-11-22,MAT_10,227,2250
2024-11-23,MAT_10,286,1964
2024-11-24,MAT_10,167,1797
2024-11-25,MAT_10,269,5934
2024-11-26,MAT_10,266,5668
2024-11-27,MAT_10,290,5378
2024-11-28,MAT_10,236,5142
2024-11-29,MAT_10,262,4880
2024-11-30,MAT_10,212,4668
2024-12-01,MAT_10,255,4413
2024-12-02,MAT_10,264,4149
2024-12-03,MAT_10,237,3912
2024-12-04,MAT_10,336,3576
2024-12-05,MAT_10,222,3354
2024-12-06,MAT_10,189,3165
2024-12-07,MAT_10,194,2971
2024-12-08,MAT_10,204,2767
2024-12-09,MAT_10,308,2459
2024-12-10,MAT_10,297,2162
2024-12-11,MAT_10,349,1813
2024-12-12,MAT_10,273,1540
2024-12-13,MAT_10,262,5684
2024-12-14,MAT_10,244,5440
2024-12-15,MAT_10,260,5180
2024-12-16,MAT_10,261,4919
2024-12-17,MAT_10,300,4619
2024-12-18,MAT_10,312,4307
2024-12-19,MAT_10,249,4058
2024-12-20,MAT_10,258,3800
2024-12-21,MAT_10,227,3573
2024-12-22,MAT_10,265,3308
2024-12-23,MAT_10,286,3022
2024-12-24,MAT_10,359,2663
2024-12-25,MAT_10,331,2332
2024-12-26,MAT_10,290,2042
2024-12-27,MAT_10,271,1771
2024-12-28,MAT_10,268,1503
2024-12-29,MAT_10,205,1298
2024-12-30,MAT_10,271,5433
2024-12-31,MAT_10,308,5125
2025-01-01,MAT_10,350,4775
2025-01-02,MAT_10,331,4444
2025-01-03,MAT_10,281,4163
2025-01-04,MAT_10,183,3980
2025-01-05,MAT_10,217,3763
2025-01-06,MAT_10,294,3469
2025-01-07,MAT_10,322,3147
2025-01-08,MAT_10,347,2800
2025-01-09,MAT_10,310,2490
2025-01-10,MAT_10,332,2158
2025-01-11,MAT_10,197,1961
2025-01-12,MAT_10,283,1678
2025-01-13,MAT_10,334,1344
2025-01-14,MAT_10,366,5384
2025-01-15,MAT_10,379,5005
2025-01-16,MAT_10,360,4645
2025-01-17,MAT_10,278,4367
2025-01-18,MAT_10,241,4126
2025-01-19,MAT_10,223,3903
2025-01-20,MAT_10,308,3595
2025-01-21,MAT_10,331,3264
2025-01-22,MAT_10,398,2866
2025-01-23,MAT_10,333,2533
2025-01-24,MAT_10,274,2259
2025-01-25,MAT_10,246,2013
2025-01-26,MAT_10,349,1664
2025-01-27,MAT_10,326,1338
2025-01-28,MAT_10,339,999
2025-01-29,MAT_10,375,5030
2025-01-30,MAT_10,405,4625
2025-01-31,MAT_10,301,4324
2025-02-01,MAT_10,309,4015
2025-02-02,MAT_10,334,3681
2025-02-03,MAT_10,279,3402
2025-02-04,MAT_10,351,3051
2025-02-05,MAT_10,410,2641
2025-02-06,MAT_10,336,2305
2025-02-07,MAT_10,331,1974
2025-02-08,MAT_10,274,1700
2025-02-09,MAT_10,293,1407
2025-02-10,MAT_10,325,1082
2025-02-11,MAT_10,395,5093
2025-02-12,MAT_10,392,4701
2025-02-13,MAT_10,366,4335
2025-02-14,MAT_10,400,3935
2025-02-15,MAT_10,354,3581
2025-02-16,MAT_10,254,3327
2025-02-17,MAT_10,335,2992
2025-02-18,MAT_10,454,2538
2025-02-19,MAT_10,375,2163
2025-02-20,MAT_10,431,1732
2025-02-21,MAT_10,319,1413
2025-02-22,MAT_10,302,1111
2025-02-23,MAT_10,343,768
2025-02-24,MAT_10,351,4823
2025-02-25,MAT_10,403,4420
2025-02-26,MAT_10,444,3976
2025-02-27,MAT_10,397,3579
2025-02-28,MAT_10,341,3238
2025-03-01,MAT_10,363,2875
2025-03-02,MAT_10,349,2526
2025-03-03,MAT_10,337,2189
2025-03-04,MAT_10,451,1738
2025-03-05,MAT_10,421,1317
2025-03-06,MAT_10,373,944
2025-03-07,MAT_10,282,662
2025-03-08,MAT_10,277,4791
2025-03-09,MAT_10,377,4414
2025-03-10,MAT_10,413,4001
2025-03-11,MAT_10,399,3602
2025-03-12,MAT_10,354,3248
2025-03-13,MAT_10,350,2898
2025-03-14,MAT_10,297,2601
2025-03-15,MAT_10,272,2329
2025-03-16,MAT_10,389,1940
2025-03-17,MAT_10,425,1515
2025-03-18,MAT_10,366,1149
2025-03-19,MAT_10,408,741
2025-03-20,MAT_10,347,394
2025-03-21,MAT_10,346,48
2025-03-22,MAT_10,371,0
2025-03-23,MAT_10,363,0
2025-03-24,MAT_10,390,0
2025-03-25,MAT_10,395,0
2025-03-26,MAT_10,447,0
2025-03-27,MAT_10,405,0
2025-03-28,MAT_10,360,0
2025-03-29,MAT_10,321,0
2025-03-30,MAT_10,342,4064
2025-03-31,MAT_10,376,3688
2025-04-01,MAT_10,386,3302
2025-04-02,MAT_10,387,2915
2025-04-03,MAT_10,357,2558
2025-04-04,MAT_10,321,2237
2025-04-05,MAT_10,319,1918
2025-04-06,MAT_10,322,1596
2025-04-07,MAT_10,349,1247
2025-04-08,MAT_10,381,866
2025-04-09,MAT_10,418,4854
2025-04-10,MAT_10,426,4428
2025-04-11,MAT_10,347,4081
2025-04-12,MAT_10,321,3760
2025-04-13,MAT_10,304,3456
2025-04-14,MAT_10,359,3097
2025-04-15,MAT_10,435,2662
2025-04-16,MAT_10,438,2224
2025-04-17,MAT_10,412,1812
2025-04-18,MAT_10,373,1439
2025-04-19,MAT_10,334,1105
2025-04-20,MAT_10,341,764
2025-04-21,MAT_10,370,4800
2025-04-22,MAT_10,385,4415
2025-04-23,MAT_10,407,4008
2025-04-24,MAT_10,387,3621
2025-04-25,MAT_10,361,3260
2025-04-26,MAT_10,321,2939
2025-04-27,MAT_10,387,2552
2025-04-28,MAT_10,324,2228
2025-04-29,MAT_10,416,1812
2025-04-30,MAT_10,400,1412
2025-05-01,MAT_10,377,1035
2025-05-02,MAT_10,314,721
2025-05-03,MAT_10,343,4784
2025-05-04,MAT_10,341,4443
2025-05-05,MAT_10,380,4063
2025-05-06,MAT_10,394,3669
2025-05-07,MAT_10,387,3282
2025-05-08,MAT_10,370,2912
2025-05-09,MAT_10,346,2566
2025-05-10,MAT_10,250,2316
2025-05-11,MAT_10,342,1974
2025-05-12,MAT_10,421,1553
2025-05-13,MAT_10,398,1155
2025-05-14,MAT_10,383,772
2025-05-15,MAT_10,362,4816
2025-05-16,MAT_10,348,4468
2025-05-17,MAT_10,295,4173
2025-05-18,MAT_10,336,3837
2025-05-19,MAT_10,339,3498
2025-05-20,MAT_10,428,3070
2025-05-21,MAT_10,434,2636
2025-05-22,MAT_10,350,2286
2025-05-23,MAT_10,318,1968
2025-05-24,MAT_10,295,1673
2025-05-25,MAT_10,303,1370
2025-05-26,MAT_10,309,1061
2025-05-27,MAT_10,338,5129
2025-05-28,MAT_10,414,4715
2025-05-29,MAT_10,385,4330
2025-05-30,MAT_10,345,3985
2025-05-31,MAT_10,287,3698
2025-06-01,MAT_10,352,3346
2025-06-02,MAT_10,329,3017
2025-06-03,MAT_10,388,2629
2025-06-04,MAT_10,329,2300
2025-06-05,MAT_10,338,1962
2025-06-06,MAT_10,301,1661
2025-06-07,MAT_10,279,1382
2025-06-08,MAT_10,249,1133
2025-06-09,MAT_10,342,5197
2025-06-10,MAT_10,385,4812
2025-06-11,MAT_10,340,4472
2025-06-12,MAT_10,303,4169
2025-06-13,MAT_10,275,3894
2025-06-14,MAT_10,287,3607
2025-06-15,MAT_10,262,3345
2025-06-16,MAT_10,309,3036
2025-06-17,MAT_10,315,2721
2025-06-18,MAT_10,412,2309
2025-06-19,MAT_10,331,1978
2025-06-20,MAT_10,323,1655
2025-06-21,MAT_10,278,1377
2025-06-22,MAT_10,270,1107
2025-06-23,MAT_10,302,5211
2025-06-24,MAT_10,316,4895
2025-06-25,MAT_10,332,4563
2025-06-26,MAT_10,290,4273
2025-06-27,MAT_10,247,4026
2025-06-28,MAT_10,316,3710
2025-06-29,MAT_10,271,3439
2025-06-30,MAT_10,339,3100
2025-07-01,MAT_10,305,2795
2025-07-02,MAT_10,299,2496
2025-07-03,MAT_10,282,2214
2025-07-04,MAT_10,259,1955
2025-07-05,MAT_10,247,1708
2025-07-06,MAT_10,249,1459
2025-07-07,MAT_10,264,5601
2025-07-08,MAT_10,323,5278
2025-07-09,MAT_10,332,4946
2025-07-10,MAT_10,323,4623
2025-07-11,MAT_10,306,4317
2025-07-12,MAT_10,227,4090
2025-07-13,MAT_10,281,3809
2025-07-14,MAT_10,280,3529
2025-07-15,MAT_10,266,3263
2025-07-16,MAT_10,371,2892
2025-07-17,MAT_10,360,2532
2025-07-18,MAT_10,272,2260
2025-07-19,MAT_10,232,2028
2025-07-20,MAT_10,228,1800
2025-07-21,MAT_10,256,1544
2025-07-22,MAT_10,338,1206
2025-07-23,MAT_10,310,5302
2025-07-24,MAT_10,334,4968
2025-07-25,MAT_10,247,4721
2025-07-26,MAT_10,209,4512
2025-07-27,MAT_10,210,4302
2025-07-28,MAT_10,240,4062
2025-07-29,MAT_10,310,3752
2025-07-30,MAT_10,264,3488
2025-07-31,MAT_10,253,3235
2025-08-01,MAT_10,277,2958
2025-08-02,MAT_10,185,2773
2025-08-03,MAT_10,246,2527
2025-08-04,MAT_10,193,2334
2025-08-05,MAT_10,330,2004
2025-08-06,MAT_10,257,1747
2025-08-07,MAT_10,244,5909
2025-08-08,MAT_10,250,5659
2025-08-09,MAT_10,214,5445
2025-08-10,MAT_10,239,5206
2025-08-11,MAT_10,209,4997
2025-08-12,MAT_10,272,4725
2025-08-13,MAT_10,269,4456
2025-08-14,MAT_10,230,4226
2025-08-15,MAT_10,241,3985
2025-08-16,MAT_10,227,3758
2025-08-17,MAT_10,197,3561
2025-08-18,MAT_10,285,3276
2025-08-19,MAT_10,251,3025
2025-08-20,MAT_10,325,2700
2025-08-21,MAT_10,273,2427
2025-08-22,MAT_10,182,2245
2025-08-23,MAT_10,251,1994
2025-08-24,MAT_10,188,1806
2025-08-25,MAT_10,270,1536
2025-08-26,MAT_10,272,5670
2025-08-27,MAT_10,287,5383
2025-08-28,MAT_10,278,5105
2025-08-29,MAT_10,237,4868
2025-08-30,MAT_10,178,4690
2025-08-31,MAT_10,212,4478
2025-09-01,MAT_10,243,4235
2025-09-02,MAT_10,270,3965
2025-09-03,MAT_10,265,3700
2025-09-04,MAT_10,253,3447
2025-09-05,MAT_10,266,3181
2025-09-06,MAT_10,175,3006
2025-09-07,MAT_10,227,2779
2025-09-08,MAT_10,208,2571
2025-09-09,MAT_10,234,2337
2025-09-10,MAT_10,364,1973
2025-09-11,MAT_10,259,1714
2025-09-12,MAT_10,222,5898
2025-09-13,MAT_10,198,5700
2025-09-14,MAT_10,230,5470
2025-09-15,MAT_10,235,5235
2025-09-16,MAT_10,281,4954
2025-09-17,MAT_10,234,4720
2025-09-18,MAT_10,270,4450
2025-09-19,MAT_10,196,4254
2025-09-20,MAT_10,198,4056
2025-09-21,MAT_10,137,3919
2025-09-22,MAT_10,240,3679
2025-09-23,MAT_10,190,3489
2025-09-24,MAT_10,256,3233
2025-09-25,MAT_10,190,3043
2025-09-26,MAT_10,220,2823
2025-09-27,MAT_10,180,2643
2025-09-28,MAT_10,163,2480
2025-09-29,MAT_10,262,2218
2025-09-30,MAT_10,228,1990
2025-10-01,MAT_10,484,5912
2025-10-02,MAT_10,707,5205
2025-10-03,MAT_10,415,4790
2025-10-04,MAT_10,423,4367
2025-10-05,MAT_10,475,3892
2025-10-06,MAT_10,497,3395
2025-10-07,MAT_10,241,3154
2025-10-08,MAT_10,223,2931
2025-10-09,MAT_10,245,2686
2025-10-10,MAT_10,166,2520
2025-10-11,MAT_10,179,2341
2025-10-12,MAT_10,221,2120
2025-10-13,MAT_10,245,1875
2025-10-14,MAT_10,254,6027
2025-10-15,MAT_10,236,5791
2025-10-16,MAT_10,247,5544
2025-10-17,MAT_10,184,5360
2025-10-18,MAT_10,186,5174
2025-10-19,MAT_10,139,5035
2025-10-20,MAT_10,248,4787
2025-10-21,MAT_10,260,4527
2025-10-22,MAT_10,333,4194
2025-10-23,MAT_10,283,3911
2025-10-24,MAT_10,224,3687
2025-10-25,MAT_10,180,3507
2025-10-26,MAT_10,171,3336
2025-10-27,MAT_10,255,3081
2025-10-28,MAT_10,256,2825
2025-10-29,MAT_10,306,2519
2025-10-30,MAT_10,260,2259
2025-10-31,MAT_10,223,2036
2025-11-01,MAT_10,205,1831
2025-11-02,MAT_10,170,6067
2025-11-03,MAT_10,202,5865
2025-11-04,MAT_10,236,5629
2025-11-05,MAT_10,307,5322
2025-11-06,MAT_10,225,5097
2025-11-07,MAT_10,192,4905
2025-11-08,MAT_10,208,4697
2025-11-09,MAT_10,195,4502
2025-11-10,MAT_10,226,4276
2025-11-11,MAT_10,259,4017
2025-11-12,MAT_10,214,3803
2025-11-13,MAT_10,230,3573
2025-11-14,MAT_10,256,3317
2025-11-15,MAT_10,183,3134
2025-11-16,MAT_10,152,2982
2025-11-17,MAT_10,214,2768
2025-11-18,MAT_10,289,2479
2025-11-19,MAT_10,298,2181
2025-11-20,MAT_10,257,1924
2025-11-21,MAT_10,208,1716
2025-11-22,MAT_10,164,5958
2025-11-23,MAT_10,225,5733
2025-11-24,MAT_10,275,5458
2025-11-25,MAT_10,323,5135
2025-11-26,MAT_10,262,4873
2025-11-27,MAT_10,312,4561
2025-11-28,MAT_10,233,4328
2025-11-29,MAT_10,213,4115
2025-11-30,MAT_10,248,3867
2025-12-01,MAT_10,242,3625
2025-12-02,MAT_10,229,3396
2025-12-03,MAT_10,323,3073
2025-12-04,MAT_10,290,2783
2025-12-05,MAT_10,232,2551
2025-12-06,MAT_10,238,2313
2025-12-07,MAT_10,254,2059
2025-12-08,MAT_10,221,1838
2025-12-09,MAT_10,302,1536
2025-12-10,MAT_10,244,5698
2025-12-11,MAT_10,284,5414
2025-12-12,MAT_10,240,5174
2025-12-13,MAT_10,243,4931
2025-12-14,MAT_10,207,4724
2025-12-15,MAT_10,261,4463
2025-12-16,MAT_10,215,4248
2025-12-17,MAT_10,336,3912
2025-12-18,MAT_10,294,3618
2025-12-19,MAT_10,262,3356
2025-12-20,MAT_10,193,3163
2025-12-21,MAT_10,258,2905
2025-12-22,MAT_10,331,2574
2025-12-23,MAT_10,313,2261
2025-12-24,MAT_10,347,1914
2025-12-25,MAT_10,280,1634
2025-12-26,MAT_10,266,1368
2025-12-27,MAT_10,201,5573
2025-12-28,MAT_10,279,5294
2025-12-29,MAT_10,296,4998
2025-12-30,MAT_10,291,4707
2024-01-01,MAT_11,220,2295
2024-01-02,MAT_11,270,2025
2024-01-03,MAT_11,299,1726
2024-01-04,MAT_11,294,1432
2024-01-05,MAT_11,225,1207
2024-01-06,MAT_11,177,1030
2024-01-07,MAT_11,223,807
2024-01-08,MAT_11,289,518
2024-01-09,MAT_11,237,3873
2024-01-10,MAT_11,261,3612
2024-01-11,MAT_11,280,3332
2024-01-12,MAT_11,239,3093
2024-01-13,MAT_11,204,2889
2024-01-14,MAT_11,230,2659
2024-01-15,MAT_11,277,2382
2024-01-16,MAT_11,281,2101
2024-01-17,MAT_11,286,1815
2024-01-18,MAT_11,286,1529
2024-01-19,MAT_11,236,1293
2024-01-20,MAT_11,251,1042
2024-01-21,MAT_11,280,762
2024-01-22,MAT_11,239,523
2024-01-23,MAT_11,260,3855
2024-01-24,MAT_11,307,3548
2024-01-25,MAT_11,248,3300
2024-01-26,MAT_11,218,3082
2024-01-27,MAT_11,181,2901
2024-01-28,MAT_11,229,2672
2024-01-29,MAT_11,266,2406
2024-01-30,MAT_11,284,2122
2024-01-31,MAT_11,337,1785
2024-02-01,MAT_11,317,1468
2024-02-02,MAT_11,301,1167
2024-02-03,MAT_11,238,929
2024-02-04,MAT_11,273,656
2024-02-05,MAT_11,281,375
2024-02-06,MAT_11,307,3660
2024-02-07,MAT_11,299,3361
2024-02-08,MAT_11,237,3124
2024-02-09,MAT_11,276,2848
2024-02-10,MAT_11,270,2578
2024-02-11,MAT_11,214,2364
2024-02-12,MAT_11,279,2085
2024-02-13,MAT_11,332,1753
2024-02-14,MAT_11,307,1446
2024-02-15,MAT_11,326,1120
2024-02-16,MAT_11,263,857
2024-02-17,MAT_11,235,622
2024-02-18,MAT_11,285,337
2024-02-19,MAT_11,262,3667
2024-02-20,MAT_11,296,3371
2024-02-21,MAT_11,299,3072
2024-02-22,MAT_11,274,2798
2024-02-23,MAT_11,275,2523
2024-02-24,MAT_11,240,2283
2024-02-25,MAT_11,272,2011
2024-02-26,MAT_11,247,1764
2024-02-27,MAT_11,290,1474
2024-02-28,MAT_11,326,1148
2024-02-29,MAT_11,341,807
2024-03-01,MAT_11,284,523
2024-03-02,MAT_11,242,281
2024-03-03,MAT_11,228,3645
2024-03-04,MAT_11,277,3368
2024-03-05,MAT_11,320,3048
2024-03-06,MAT_11,272,2776
2024-03-07,MAT_11,280,2496
2024-03-08,MAT_11,261,2235
2024-03-09,MAT_11,253,1982
2024-03-10,MAT_11,266,1716
2024-03-11,MAT_11,281,1435
2024-03-12,MAT_11,336,1099
2024-03-13,MAT_11,334,765
2024-03-14,MAT_11,303,462
2024-03-15,MAT_11,297,165
2024-03-16,MAT_11,275,3482
2024-03-17,MAT_11,234,3248
2024-03-18,MAT_11,297,2951
2024-03-19,MAT_11,347,2604
2024-03-20,MAT_11,358,2246
2024-03-21,MAT_11,323,1923
2024-03-22,MAT_11,277,1646
2024-03-23,MAT_11,274,1372
2024-03-24,MAT_11,290,1082
2024-03-25,MAT_11,302,780
2024-03-26,MAT_11,333,447
2024-03-27,MAT_11,328,119
2024-03-28,MAT_11,283,3428
2024-03-29,MAT_11,280,3148
2024-03-30,MAT_11,248,2900
2024-03-31,MAT_11,255,2645
2024-04-01,MAT_11,334,2311
2024-04-02,MAT_11,350,1961
2024-04-03,MAT_11,294,1667
2024-04-04,MAT_11,289,1378
2024-04-05,MAT_11,275,1103
2024-04-06,MAT_11,249,854
2024-04-07,MAT_11,279,575
2024-04-08,MAT_11,269,306
2024-04-09,MAT_11,350,3548
2024-04-10,MAT_11,333,3215
2024-04-11,MAT_11,306,2909
2024-04-12,MAT_11,282,2627
2024-04-13,MAT_11,253,2374
2024-04-14,MAT_11,221,2153
2024-04-15,MAT_11,298,1855
2024-04-16,MAT_11,318,1537
2024-04-17,MAT_11,309,1228
2024-04-18,MAT_11,339,889
2024-04-19,MAT_11,297,592
2024-04-20,MAT_11,320,272
2024-04-21,MAT_11,288,3576
2024-04-22,MAT_11,280,3296
2024-04-23,MAT_11,302,2994
2024-04-24,MAT_11,318,2676
2024-04-25,MAT_11,294,2382
2024-04-26,MAT_11,281,2101
2024-04-27,MAT_11,222,1879
2024-04-28,MAT_11,281,1598
2024-04-29,MAT_11,295,1303
2024-04-30,MAT_11,333,970
2024-05-01,MAT_11,299,671
2024-05-02,MAT_11,313,358
2024-05-03,MAT_11,306,3644
2024-05-04,MAT_11,234,3410
2024-05-05,MAT_11,240,3170
2024-05-06,MAT_11,306,2864
2024-05-07,MAT_11,293,2571
2024-05-08,MAT_11,317,2254
2024-05-09,MAT_11,338,1916
2024-05-10,MAT_11,250,1666
2024-05-11,MAT_11,288,1378
2024-05-12,MAT_11,249,1129
2024-05-13,MAT_11,258,871
2024-05-14,MAT_11,326,545
2024-05-15,MAT_11,321,224
2024-05-16,MAT_11,298,3518
2024-05-17,MAT_11,248,3270
2024-05-18,MAT_11,248,3022
2024-05-19,MAT_11,203,2819
2024-05-20,MAT_11,285,2534
2024-05-21,MAT_11,338,2196
2024-05-22,MAT_11,271,1925
2024-05-23,MAT_11,283,1642
2024-05-24,MAT_11,240,1402
2024-05-25,MAT_11,204,1198
2024-05-26,MAT_11,197,1001
2024-05-27,MAT_11,246,755
2024-05-28,MAT_11,295,460
2024-05-29,MAT_11,335,3717
2024-05-30,MAT_11,250,3467
2024-05-31,MAT_11,262,3205
2024-06-01,MAT_11,240,2965
2024-06-02,MAT_11,281,2684
2024-06-03,MAT_11,281,2403
2024-06-04,MAT_11,310,2093
2024-06-05,MAT_11,318,1775
2024-06-06,MAT_11,258,1517
2024-06-07,MAT_11,235,1282
2024-06-08,MAT_11,255,1027
2024-06-09,MAT_11,185,842
2024-06-10,MAT_11,245,597
2024-06-11,MAT_11,256,3933
2024-06-12,MAT_11,300,3633
2024-06-13,MAT_11,264,3369
2024-06-14,MAT_11,257,3112
2024-06-15,MAT_11,219,2893
2024-06-16,MAT_11,190,2703
2024-06-17,MAT_11,218,2485
2024-06-18,MAT_11,281,2204
2024-06-19,MAT_11,269,1935
2024-06-20,MAT_11,254,1681
2024-06-21,MAT_11,257,1424
2024-06-22,MAT_11,692,732
2024-06-23,MAT_11,784,0
2024-06-24,MAT_11,714,0
2024-06-25,MAT_11,771,2821
2024-06-26,MAT_11,864,1957
2024-06-27,MAT_11,246,1711
2024-06-28,MAT_11,215,1496
2024-06-29,MAT_11,202,1294
2024-06-30,MAT_11,253,1041
2024-07-01,MAT_11,257,784
2024-07-02,MAT_11,286,498
2024-07-03,MAT_11,311,3779
2024-07-04,MAT_11,274,3505
2024-07-05,MAT_11,193,3312
2024-07-06,MAT_11,221,3091
2024-07-07,MAT_11,230,2861
2024-07-08,MAT_11,248,2613
2024-07-09,MAT_11,255,2358
2024-07-10,MAT_11,279,2079
2024-07-11,MAT_11,245,1834
2024-07-12,MAT_11,190,1644
2024-07-13,MAT_11,175,1469
2024-07-14,MAT_11,215,1254
2024-07-15,MAT_11,204,1050
2024-07-16,MAT_11,233,817
2024-07-17,MAT_11,277,540
2024-07-18,MAT_11,242,298
2024-07-19,MAT_11,220,78
2024-07-20,MAT_11,156,0
2024-07-21,MAT_11,205,0
2024-07-22,MAT_11,203,3389
2024-07-23,MAT_11,222,3167
2024-07-24,MAT_11,240,2927
2024-07-25,MAT_11,264,2663
2024-07-26,MAT_11,191,2472
2024-07-27,MAT_11,232,2240
2024-07-28,MAT_11,136,2104
2024-07-29,MAT_11,175,1929
2024-07-30,MAT_11,271,1658
2024-07-31,MAT_11,283,1375
2024-08-01,MAT_11,204,1171
2024-08-02,MAT_11,195,976
2024-08-03,MAT_11,190,786
2024-08-04,MAT_11,173,613
2024-08-05,MAT_11,210,3995
2024-08-06,MAT_11,233,3762
2024-08-07,MAT_11,204,3558
2024-08-08,MAT_11,211,3347
2024-08-09,MAT_11,187,3160
2024-08-10,MAT_11,169,2991
2024-08-11,MAT_11,132,2859
2024-08-12,MAT_11,218,2641
2024-08-13,MAT_11,231,2410
2024-08-14,MAT_11,208,2202
2024-08-15,MAT_11,257,1945
2024-08-16,MAT_11,173,1772
2024-08-17,MAT_11,155,1617
2024-08-18,MAT_11,183,1434
2024-08-19,MAT_11,240,1194
2024-08-20,MAT_11,239,955
2024-08-21,MAT_11,249,706
2024-08-22,MAT_11,185,521
2024-08-23,MAT_11,179,3934
2024-08-24,MAT_11,144,3790
2024-08-25,MAT_11,180,3610
2024-08-26,MAT_11,210,3400
2024-08-27,MAT_11,257,3143
2024-08-28,MAT_11,173,2970
2024-08-29,MAT_11,189,2781
2024-08-30,MAT_11,204,2577
2024-08-31,MAT_11,119,2458
2024-09-01,MAT_11,179,2279
2024-09-02,MAT_11,214,2065
2024-09-03,MAT_11,214,1851
2024-09-04,MAT_11,187,1664
2024-09-05,MAT_11,198,1466
2024-09-06,MAT_11,204,1262
2024-09-07,MAT_11,186,1076
2024-09-08,MAT_11,161,915
2024-09-09,MAT_11,160,755
2024-09-10,MAT_11,253,4094
2024-09-11,MAT_11,238,3856
2024-09-12,MAT_11,176,3680
2024-09-13,MAT_11,175,3505
2024-09-14,MAT_11,154,3351
2024-09-15,MAT_11,138,3213
2024-09-16,MAT_11,190,3023
2024-09-17,MAT_11,236,2787
2024-09-18,MAT_11,209,2578
2024-09-19,MAT_11,225,2353
2024-09-20,MAT_11,123,2230
2024-09-21,MAT_11,199,2031
2024-09-22,MAT_11,154,1877
2024-09-23,MAT_11,206,1671
2024-09-24,MAT_11,213,1458
2024-09-25,MAT_11,195,1263
2024-09-26,MAT_11,195,1068
2024-09-27,MAT_11,118,950
2024-09-28,MAT_11,161,789
2024-09-29,MAT_11,156,4225
2024-09-30,MAT_11,175,4050
2024-10-01,MAT_11,226,3824
2024-10-02,MAT_11,216,3608
2024-10-03,MAT_11,210,3398
2024-10-04,MAT_11,187,3211
2024-10-05,MAT_11,132,3079
2024-10-06,MAT_11,132,2947
2024-10-07,MAT_11,139,2808
2024-10-08,MAT_11,211,2597
2024-10-09,MAT_11,226,2371
2024-10-10,MAT_11,164,2207
2024-10-11,MAT_11,199,2008
2024-10-12,MAT_11,126,1882
2024-10-13,MAT_11,102,1780
2024-10-14,MAT_11,217,1563
2024-10-15,MAT_11,162,1401
2024-10-16,MAT_11,240,1161
2024-10-17,MAT_11,215,946
2024-10-18,MAT_11,174,772
2024-10-19,MAT_11,135,637
2024-10-20,MAT_11,167,470
2024-10-21,MAT_11,208,262
2024-10-22,MAT_11,188,74
2024-10-23,MAT_11,242,0
2024-10-24,MAT_11,222,0
2024-10-25,MAT_11,176,0
2024-10-26,MAT_11,137,0
2024-10-27,MAT_11,180,0
2024-10-28,MAT_11,198,3394
2024-10-29,MAT_11,190,3204
2024-10-30,MAT_11,213,2991
2024-10-31,MAT_11,223,2768
2024-11-01,MAT_11,175,2593
2024-11-02,MAT_11,180,2413
2024-11-03,MAT_11,153,2260
2024-11-04,MAT_11,166,2094
2024-11-05,MAT_11,271,1823
2024-11-06,MAT_11,186,1637
2024-11-07,MAT_11,195,1442
2024-11-08,MAT_11,183,1259
2024-11-09,MAT_11,181,1078
2024-11-10,MAT_11,181,897
2024-11-11,MAT_11,249,648
2024-11-12,MAT_11,220,428
2024-11-13,MAT_11,210,3810
2024-11-14,MAT_11,206,3604
2024-11-15,MAT_11,174,3430
2024-11-16,MAT_11,161,3269
2024-11-17,MAT_11,147,3122
2024-11-18,MAT_11,218,2904
2024-11-19,MAT_11,237,2667
2024-11-20,MAT_11,205,2462
2024-11-21,MAT_11,240,2222
2024-11-22,MAT_11,167,2055
2024-11-23,MAT_11,290,1765
2024-11-24,MAT_11,369,1396
2024-11-25,MAT_11,337,1059
2024-11-26,MAT_11,514,545
2024-11-27,MAT_11,360,185
2024-11-28,MAT_11,411,3366
2024-11-29,MAT_11,230,3136
2024-11-30,MAT_11,158,2978
2024-12-01,MAT_11,170,2808
2024-12-02,MAT_11,241,2567
2024-12-03,MAT_11,221,2346
2024-12-04,MAT_11,266,2080
2024-12-05,MAT_11,257,1823
2024-12-06,MAT_11,210,1613
2024-12-07,MAT_11,146,1467
2024-12-08,MAT_11,174,1293
2024-12-09,MAT_11,282,1011
2024-12-10,MAT_11,235,776
2024-12-11,MAT_11,326,450
2024-12-12,MAT_11,277,3765
2024-12-13,MAT_11,218,3547
2024-12-14,MAT_11,194,3353
2024-12-15,MAT_11,184,3169
2024-12-16,MAT_11,222,2947
2024-12-17,MAT_11,237,2710
2024-12-18,MAT_11,260,2450
2024-12-19,MAT_11,210,2240
2024-12-20,MAT_11,179,2061
2024-12-21,MAT_11,225,1836
2024-12-22,MAT_11,164,1672
2024-12-23,MAT_11,252,1420
2024-12-24,MAT_11,215,1205
2024-12-25,MAT_11,283,922
2024-12-26,MAT_11,245,677
2024-12-27,MAT_11,251,426
2024-12-28,MAT_11,193,3825
2024-12-29,MAT_11,161,3664
2024-12-30,MAT_11,234,3430
2024-12-31,MAT_11,271,3159
2025-01-01,MAT_11,272,2887
2025-01-02,MAT_11,707,2180
2025-01-03,MAT_11,557,1623
2025-01-04,MAT_11,466,1157
2025-01-05,MAT_11,503,654
2025-01-06,MAT_11,233,421
2025-01-07,MAT_11,262,159
2025-01-08,MAT_11,340,3411
2025-01-09,MAT_11,294,3117
2025-01-10,MAT_11,251,2866
2025-01-11,MAT_11,226,2640
2025-01-12,MAT_11,231,2409
2025-01-13,MAT_11,260,2149
2025-01-14,MAT_11,286,1863
2025-01-15,MAT_11,291,1572
2025-01-16,MAT_11,221,1351
2025-01-17,MAT_11,232,1119
2025-01-18,MAT_11,217,902
2025-01-19,MAT_11,213,689
2025-01-20,MAT_11,246,443
2025-01-21,MAT_11,296,3739
2025-01-22,MAT_11,315,3424
2025-01-23,MAT_11,285,3139
2025-01-24,MAT_11,266,2873
2025-01-25,MAT_11,248,2625
2025-01-26,MAT_11,230,2395
2025-01-27,MAT_11,279,2116
2025-01-28,MAT_11,254,1862
2025-01-29,MAT_11,294,1568
2025-01-30,MAT_11,273,1295
2025-01-31,MAT_11,291,1004
2025-02-01,MAT_11,244,760
2025-02-02,MAT_11,212,548
2025-02-03,MAT_11,287,3853
2025-02-04,MAT_11,323,3530
2025-02-05,MAT_11,307,3223
2025-02-06,MAT_11,307,2916
2025-02-07,MAT_11,201,2715
2025-02-08,MAT_11,177,2538
2025-02-09,MAT_11,221,2317
2025-02-10,MAT_11,282,2035
2025-02-11,MAT_11,344,1691
2025-02-12,MAT_11,288,1403
2025-02-13,MAT_11,276,1127
2025-02-14,MAT_11,268,859
2025-02-15,MAT_11,235,624
2025-02-16,MAT_11,242,382
2025-02-17,MAT_11,273,3701
2025-02-18,MAT_11,344,3357
2025-02-19,MAT_11,347,3010
2025-02-20,MAT_11,302,2708
2025-02-21,MAT_11,310,2398
2025-02-22,MAT_11,264,2134
2025-02-23,MAT_11,287,1847
2025-02-24,MAT_11,267,1580
2025-02-25,MAT_11,301,1279
2025-02-26,MAT_11,308,971
2025-02-27,MAT_11,303,668
2025-02-28,MAT_11,276,392
2025-03-01,MAT_11,264,3720
2025-03-02,MAT_11,311,3409
2025-03-03,MAT_11,309,3100
2025-03-04,MAT_11,308,2792
2025-03-05,MAT_11,328,2464
2025-03-06,MAT_11,345,2119
2025-03-07,MAT_11,297,1822
2025-03-08,MAT_11,295,1527
2025-03-09,MAT_11,255,1272
2025-03-10,MAT_11,278,994
2025-03-11,MAT_11,307,687
2025-03-12,MAT_11,321,366
2025-03-13,MAT_11,286,3672
2025-03-14,MAT_11,288,3384
2025-03-15,MAT_11,269,3115
2025-03-16,MAT_11,301,2814
2025-03-17,MAT_11,255,2559
2025-03-18,MAT_11,303,2256
2025-03-19,MAT_11,352,1904
2025-03-20,MAT_11,318,1586
2025-03-21,MAT_11,284,1302
2025-03-22,MAT_11,294,1008
2025-03-23,MAT_11,246,762
2025-03-24,MAT_11,281,481
2025-03-25,MAT_11,307,3766
2025-03-26,MAT_11,286,3480
2025-03-27,MAT_11,318,3162
2025-03-28,MAT_11,271,2891
2025-03-29,MAT_11,247,2644
2025-03-30,MAT_11,249,2395
2025-03-31,MAT_11,299,2096
2025-04-01,MAT_11,308,1788
2025-04-02,MAT_11,340,1448
2025-04-03,MAT_11,326,1122
2025-04-04,MAT_11,277,845
2025-04-05,MAT_11,256,589
2025-04-06,MAT_11,276,313
2025-04-07,MAT_11,298,3607
2025-04-08,MAT_11,359,3248
2025-04-09,MAT_11,341,2907
2025-04-10,MAT_11,341,2566
2025-04-11,MAT_11,298,2268
2025-04-12,MAT_11,232,2036
2025-04-13,MAT_11,257,1779
2025-04-14,MAT_11,297,1482
2025-04-15,MAT_11,347,1135
2025-04-16,MAT_11,379,756
2025-04-17,MAT_11,301,455
2025-04-18,MAT_11,283,172
2025-04-19,MAT_11,281,3483
2025-04-20,MAT_11,267,3216
2025-04-21,MAT_11,335,2881
2025-04-22,MAT_11,291,2590
2025-04-23,MAT_11,346,2244
2025-04-24,MAT_11,326,1918
2025-04-25,MAT_11,306,1612
2025-04-26,MAT_11,260,1352
2025-04-27,MAT_11,287,1065
2025-04-28,MAT_11,287,778
2025-04-29,MAT_11,302,476
2025-04-30,MAT_11,305,3763
2025-05-01,MAT_11,273,3490
2025-05-02,MAT_11,265,3225
2025-05-03,MAT_11,263,2962
2025-05-04,MAT_11,257,2705
2025-05-05,MAT_11,294,2411
2025-05-06,MAT_11,347,2064
2025-05-07,MAT_11,311,1753
2025-05-08,MAT_11,359,1394
2025-05-09,MAT_11,290,1104
2025-05-10,MAT_11,247,857
2025-05-11,MAT_11,253,604
2025-05-12,MAT_11,261,343
2025-05-13,MAT_11,312,3623
2025-05-14,MAT_11,267,3356
2025-05-15,MAT_11,329,3027
2025-05-16,MAT_11,199,2828
2025-05-17,MAT_11,721,2107
2025-05-18,MAT_11,656,1451
2025-05-19,MAT_11,767,684
2025-05-20,MAT_11,855,0
2025-05-21,MAT_11,1047,0
2025-05-22,MAT_11,267,3325
2025-05-23,MAT_11,283,3042
2025-05-24,MAT_11,269,2773
2025-05-25,MAT_11,191,2582
2025-05-26,MAT_11,260,2322
2025-05-27,MAT_11,337,1985
2025-05-28,MAT_11,277,1708
2025-05-29,MAT_11,316,1392
2025-05-30,MAT_11,255,1137
2025-05-31,MAT_11,234,903
2025-06-01,MAT_11,243,660
2025-06-02,MAT_11,277,383
2025-06-03,MAT_11,273,3702
2025-06-04,MAT_11,296,3406
2025-06-05,MAT_11,290,3116
2025-06-06,MAT_11,254,2862
2025-06-07,MAT_11,237,2625
2025-06-08,MAT_11,218,2407
2025-06-09,MAT_11,277,2130
2025-06-10,MAT_11,292,1838
2025-06-11,MAT_11,257,1581
2025-06-12,MAT_11,262,1319
2025-06-13,MAT_11,221,1098
2025-06-14,MAT_11,200,898
2025-06-15,MAT_11,217,681
2025-06-16,MAT_11,270,411
2025-06-17,MAT_11,267,3736
2025-06-18,MAT_11,294,3442
2025-06-19,MAT_11,269,3173
2025-06-20,MAT_11,217,2956
2025-06-21,MAT_11,207,2749
2025-06-22,MAT_11,242,2507
2025-06-23,MAT_11,252,2255
2025-06-24,MAT_11,288,1967
2025-06-25,MAT_11,312,1655
2025-06-26,MAT_11,271,1384
2025-06-27,MAT_11,183,1201
2025-06-28,MAT_11,215,986
2025-06-29,MAT_11,199,787
2025-06-30,MAT_11,284,503
2025-07-01,MAT_11,278,3817
2025-07-02,MAT_11,260,3557
2025-07-03,MAT_11,267,3290
2025-07-04,MAT_11,224,3066
2025-07-05,MAT_11,160,2906
2025-07-06,MAT_11,227,2679
2025-07-07,MAT_11,224,2455
2025-07-08,MAT_11,295,2160
2025-07-09,MAT_11,264,1896
2025-07-10,MAT_11,281,1615
2025-07-11,MAT_11,224,1391
2025-07-12,MAT_11,217,1174
2025-07-13,MAT_11,188,986
2025-07-14,MAT_11,235,751
2025-07-15,MAT_11,212,539
2025-07-16,MAT_11,257,3874
2025-07-17,MAT_11,204,3670
2025-07-18,MAT_11,180,3490
2025-07-19,MAT_11,165,3325
2025-07-20,MAT_11,208,3117
2025-07-21,MAT_11,216,2901
2025-07-22,MAT_11,248,2653
2025-07-23,MAT_11,249,2404
2025-07-24,MAT_11,258,2146
2025-07-25,MAT_11,200,1946
2025-07-26,MAT_11,186,1760
2025-07-27,MAT_11,172,1588
2025-07-28,MAT_11,241,1347
2025-07-29,MAT_11,270,1077
2025-07-30,MAT_11,245,832
2025-07-31,MAT_11,212,620
2025-08-01,MAT_11,155,4057
2025-08-02,MAT_11,153,3904
2025-08-03,MAT_11,128,3776
2025-08-04,MAT_11,185,3591
2025-08-05,MAT_11,243,3348
2025-08-06,MAT_11,239,3109
2025-08-07,MAT_11,276,2833
2025-08-08,MAT_11,179,2654
2025-08-09,MAT_11,157,2497
2025-08-10,MAT_11,199,2298
2025-08-11,MAT_11,155,2143
2025-08-12,MAT_11,193,1950
2025-08-13,MAT_11,250,1700
2025-08-14,MAT_11,210,1490
2025-08-15,MAT_11,178,1312
2025-08-16,MAT_11,140,1172
2025-08-17,MAT_11,174,998
2025-08-18,MAT_11,176,822
2025-08-19,MAT_11,225,597
2025-08-20,MAT_11,202,3987
2025-08-21,MAT_11,205,3782
2025-08-22,MAT_11,226,3556
2025-08-23,MAT_11,147,3409
2025-08-24,MAT_11,336,3073
2025-08-25,MAT_11,390,2683
2025-08-26,MAT_11,466,2217
2025-08-27,MAT_11,494,1723
2025-08-28,MAT_11,211,1512
2025-08-29,MAT_11,180,1332
2025-08-30,MAT_11,149,1183
2025-08-31,MAT_11,162,1021
2025-09-01,MAT_11,182,839
2025-09-02,MAT_11,171,668
2025-09-03,MAT_11,284,3976
2025-09-04,MAT_11,219,3757
2025-09-05,MAT_11,146,3611
2025-09-06,MAT_11,155,3456
2025-09-07,MAT_11,124,3332
2025-09-08,MAT_11,172,3160
2025-09-09,MAT_11,176,2984
2025-09-10,MAT_11,217,2767
2025-09-11,MAT_11,161,2606
2025-09-12,MAT_11,176,2430
2025-09-13,MAT_11,164,2266
2025-09-14,MAT_11,134,2132
2025-09-15,MAT_11,186,1946
2025-09-16,MAT_11,189,1757
2025-09-17,MAT_11,229,1528
2025-09-18,MAT_11,180,1348
2025-09-19,MAT_11,184,1164
2025-09-20,MAT_11,102,1062
2025-09-21,MAT_11,128,934
2025-09-22,MAT_11,154,780
2025-09-23,MAT_11,213,4159
2025-09-24,MAT_11,228,3931
2025-09-25,MAT_11,202,3729
2025-09-26,MAT_11,152,3577
2025-09-27,MAT_11,78,3499
2025-09-28,MAT_11,153,3346
2025-09-29,MAT_11,199,3147
2025-09-30,MAT_11,272,2875
2025-10-01,MAT_11,204,2671
2025-10-02,MAT_11,179,2492
2025-10-03,MAT_11,172,2320
2025-10-04,MAT_11,139,2181
2025-10-05,MAT_11,182,1999
2025-10-06,MAT_11,161,1838
2025-10-07,MAT_11,202,1636
2025-10-08,MAT_11,236,1400
2025-10-09,MAT_11,203,1197
2025-10-10,MAT_11,193,1004
2025-10-11,MAT_11,135,869
2025-10-12,MAT_11,183,686
2025-10-13,MAT_11,141,4137
2025-10-14,MAT_11,170,3967
2025-10-15,MAT_11,247,3720
2025-10-16,MAT_11,197,3523
2025-10-17,MAT_11,188,3335
2025-10-18,MAT_11,150,3185
2025-10-19,MAT_11,154,3031
2025-10-20,MAT_11,151,2880
2025-10-21,MAT_11,211,2669
2025-10-22,MAT_11,251,2418
2025-10-23,MAT_11,201,2217
2025-10-24,MAT_11,185,2032
2025-10-25,MAT_11,165,1867
2025-10-26,MAT_11,133,1734
2025-10-27,MAT_11,206,1528
2025-10-28,MAT_11,207,1321
2025-10-29,MAT_11,215,1106
2025-10-30,MAT_11,253,853
2025-10-31,MAT_11,186,667
2025-11-01,MAT_11,138,529
2025-11-02,MAT_11,162,3959
2025-11-03,MAT_11,190,3769
2025-11-04,MAT_11,258,3511
2025-11-05,MAT_11,226,3285
2025-11-06,MAT_11,259,3026
2025-11-07,MAT_11,145,2881
2025-11-08,MAT_11,156,2725
2025-11-09,MAT_11,146,2579
2025-11-10,MAT_11,182,2397
2025-11-11,MAT_11,211,2186
2025-11-12,MAT_11,213,1973
2025-11-13,MAT_11,252,1721
2025-11-14,MAT_11,215,1506
2025-11-15,MAT_11,172,1334
2025-11-16,MAT_11,158,1176
2025-11-17,MAT_11,182,994
2025-11-18,MAT_11,245,749
2025-11-19,MAT_11,242,507
2025-11-20,MAT_11,213,3886
2025-11-21,MAT_11,199,3687
2025-11-22,MAT_11,189,3498
2025-11-23,MAT_11,171,3327
2025-11-24,MAT_11,185,3142
2025-11-25,MAT_11,201,2941
2025-11-26,MAT_11,247,2694
2025-11-27,MAT_11,274,2420
2025-11-28,MAT_11,165,2255
2025-11-29,MAT_11,199,2056
2025-11-30,MAT_11,165,1891
2025-12-01,MAT_11,199,1692
2025-12-02,MAT_11,261,1431
2025-12-03,MAT_11,241,1190
2025-12-04,MAT_11,234,956
2025-12-05,MAT_11,203,753
2025-12-06,MAT_11,163,590
2025-12-07,MAT_11,209,3973
2025-12-08,MAT_11,215,3758
2025-12-09,MAT_11,212,3546
2025-12-10,MAT_11,232,3314
2025-12-11,MAT_11,160,3154
2025-12-12,MAT_11,206,2948
2025-12-13,MAT_11,217,2731
2025-12-14,MAT_11,169,2562
2025-12-15,MAT_11,237,2325
2025-12-16,MAT_11,263,2062
2025-12-17,MAT_11,242,1820
2025-12-18,MAT_11,279,1541
2025-12-19,MAT_11,205,1336
2025-12-20,MAT_11,241,1095
2025-12-21,MAT_11,162,933
2025-12-22,MAT_11,224,709
2025-12-23,MAT_11,256,453
2025-12-24,MAT_11,266,3779
2025-12-25,MAT_11,266,3513
2025-12-26,MAT_11,300,3213
2025-12-27,MAT_11,211,3002
2025-12-28,MAT_11,209,2793
2025-12-29,MAT_11,211,2582
2025-12-30,MAT_11,221,2361
2024-01-01,MAT_12,361,5293
2024-01-02,MAT_12,345,4948
2024-01-03,MAT_12,457,4491
2024-01-04,MAT_12,376,4115
2024-01-05,MAT_12,319,3796
2024-01-06,MAT_12,296,3500
2024-01-07,MAT_12,307,3193
2024-01-08,MAT_12,310,2883
2024-01-09,MAT_12,315,2568
2024-01-10,MAT_12,365,2203
2024-01-11,MAT_12,357,1846
2024-01-12,MAT_12,296,1550
2024-01-13,MAT_12,251,1299
2024-01-14,MAT_12,279,1020
2024-01-15,MAT_12,376,5490
2024-01-16,MAT_12,406,5084
2024-01-17,MAT_12,398,4686
2024-01-18,MAT_12,386,4300
2024-01-19,MAT_12,290,4010
2024-01-20,MAT_12,276,3734
2024-01-21,MAT_12,323,3411
2024-01-22,MAT_12,319,3092
2024-01-23,MAT_12,394,2698
2024-01-24,MAT_12,361,2337
2024-01-25,MAT_12,323,2014
2024-01-26,MAT_12,360,1654
2024-01-27,MAT_12,344,1310
2024-01-28,MAT_12,301,1009
2024-01-29,MAT_12,311,5544
2024-01-30,MAT_12,328,5216
2024-01-31,MAT_12,470,4746
2024-02-01,MAT_12,389,4357
2024-02-02,MAT_12,325,4032
2024-02-03,MAT_12,308,3724
2024-02-04,MAT_12,268,3456
2024-02-05,MAT_12,389,3067
2024-02-06,MAT_12,473,2594
2024-02-07,MAT_12,393,2201
2024-02-08,MAT_12,470,1731
2024-02-09,MAT_12,349,1382
2024-02-10,MAT_12,381,1001
2024-02-11,MAT_12,348,653
2024-02-12,MAT_12,386,5113
2024-02-13,MAT_12,475,4638
2024-02-14,MAT_12,451,4187
2024-02-15,MAT_12,413,3774
2024-02-16,MAT_12,297,3477
2024-02-17,MAT_12,286,3191
2024-02-18,MAT_12,359,2832
2024-02-19,MAT_12,431,2401
2024-02-20,MAT_12,426,1975
2024-02-21,MAT_12,413,1562
2024-02-22,MAT_12,348,1214
2024-02-23,MAT_12,341,873
2024-02-24,MAT_12,345,5374
2024-02-25,MAT_12,323,5051
2024-02-26,MAT_12,358,4693
2024-02-27,MAT_12,426,4267
2024-02-28,MAT_12,485,3782
2024-02-29,MAT_12,435,3347
2024-03-01,MAT_12,381,2966
2024-03-02,MAT_12,352,2614
2024-03-03,MAT_12,374,2240
2024-03-04,MAT_12,391,1849
2024-03-05,MAT_12,420,1429
2024-03-06,MAT_12,467,962
2024-03-07,MAT_12,410,552
2024-03-08,MAT_12,338,5060
2024-03-09,MAT_12,397,4663
2024-03-10,MAT_12,300,4363
2024-03-11,MAT_12,448,3915
2024-03-12,MAT_12,453,3462
2024-03-13,MAT_12,415,3047
2024-03-14,MAT_12,422,2625
2024-03-15,MAT_12,365,2260
2024-03-16,MAT_12,380,1880
2024-03-17,MAT_12,389,1491
2024-03-18,MAT_12,416,1075
2024-03-19,MAT_12,464,611
2024-03-20,MAT_12,446,5011
2024-03-21,MAT_12,480,4531
2024-03-22,MAT_12,421,4110
2024-03-23,MAT_12,340,3770
2024-03-24,MAT_12,391,3379
2024-03-25,MAT_12,427,2952
2024-03-26,MAT_12,433,2519
2024-03-27,MAT_12,440,2079
2024-03-28,MAT_12,464,1615
2024-03-29,MAT_12,382,1233
2024-03-30,MAT_12,365,868
2024-03-31,MAT_12,411,457
2024-04-01,MAT_12,486,4817
2024-04-02,MAT_12,425,4392
2024-04-03,MAT_12,444,3948
2024-04-04,MAT_12,427,3521
2024-04-05,MAT_12,386,3135
2024-04-06,MAT_12,369,2766
2024-04-07,MAT_12,350,2416
2024-04-08,MAT_12,362,2054
2024-04-09,MAT_12,498,1556
2024-04-10,MAT_12,470,1086
2024-04-11,MAT_12,410,676
2024-04-12,MAT_12,396,5126
2024-04-13,MAT_12,414,4712
2024-04-14,MAT_12,339,4373
2024-04-15,MAT_12,408,3965
2024-04-16,MAT_12,394,3571
2024-04-17,MAT_12,444,3127
2024-04-18,MAT_12,441,2686
2024-04-19,MAT_12,343,2343
2024-04-20,MAT_12,346,1997
2024-04-21,MAT_12,387,1610
2024-04-22,MAT_12,418,1192
2024-04-23,MAT_12,399,793
2024-04-24,MAT_12,457,5182
2024-04-25,MAT_12,436,4746
2024-04-26,MAT_12,379,4367
2024-04-27,MAT_12,384,3983
2024-04-28,MAT_12,339,3644
2024-04-29,MAT_12,408,3236
2024-04-30,MAT_12,394,2842
2024-05-01,MAT_12,389,2453
2024-05-02,MAT_12,439,2014
2024-05-03,MAT_12,372,1642
2024-05-04,MAT_12,329,1313
2024-05-05,MAT_12,318,995
2024-05-06,MAT_12,417,578
2024-05-07,MAT_12,378,5046
2024-05-08,MAT_12,468,4578
2024-05-09,MAT_12,423,4155
2024-05-10,MAT_12,318,3837
2024-05-11,MAT_12,343,3494
2024-05-12,MAT_12,433,3061
2024-05-13,MAT_12,422,2639
2024-05-14,MAT_12,394,2245
2024-05-15,MAT_12,452,1793
2024-05-16,MAT_12,356,1437
2024-05-17,MAT_12,315,1122
2024-05-18,MAT_12,330,792
2024-05-19,MAT_12,358,5280
2024-05-20,MAT_12,403,4877
2024-05-21,MAT_12,1144,3733
2024-05-22,MAT_12,1138,2595
2024-05-23,MAT_12,890,1705
2024-05-24,MAT_12,908,797
2024-05-25,MAT_12,356,441
2024-05-26,MAT_12,347,94
2024-05-27,MAT_12,375,0
2024-05-28,MAT_12,417,4429
2024-05-29,MAT_12,424,4005
2024-05-30,MAT_12,324,3681
2024-05-31,MAT_12,381,3300
2024-06-01,MAT_12,313,2987
2024-06-02,MAT_12,347,2640
2024-06-03,MAT_12,287,2353
2024-06-04,MAT_12,451,1902
2024-06-05,MAT_12,369,1533
2024-06-06,MAT_12,461,1072
2024-06-07,MAT_12,404,668
2024-06-08,MAT_12,265,5249
2024-06-09,MAT_12,342,4907
2024-06-10,MAT_12,319,4588
2024-06-11,MAT_12,368,4220
2024-06-12,MAT_12,377,3843
2024-06-13,MAT_12,384,3459
2024-06-14,MAT_12,337,3122
2024-06-15,MAT_12,260,2862
2024-06-16,MAT_12,321,2541
2024-06-17,MAT_12,336,2205
2024-06-18,MAT_12,321,1884
2024-06-19,MAT_12,374,1510
2024-06-20,MAT_12,414,1096
2024-06-21,MAT_12,304,792
2024-06-22,MAT_12,230,5408
2024-06-23,MAT_12,323,5085
2024-06-24,MAT_12,304,4781
2024-06-25,MAT_12,377,4404
2024-06-26,MAT_12,372,4032
2024-06-27,MAT_12,407,3625
2024-06-28,MAT_12,301,3324
2024-06-29,MAT_12,242,3082
2024-06-30,MAT_12,272,2810
2024-07-01,MAT_12,284,2526
2024-07-02,MAT_12,354,2172
2024-07-03,MAT_12,425,1747
2024-07-04,MAT_12,381,1366
2024-07-05,MAT_12,363,1003
2024-07-06,MAT_12,285,718
2024-07-07,MAT_12,282,5282
2024-07-08,MAT_12,282,5000
2024-07-09,MAT_12,359,4641
2024-07-10,MAT_12,354,4287
2024-07-11,MAT_12,356,3931
2024-07-12,MAT_12,251,3680
2024-07-13,MAT_12,262,3418
2024-07-14,MAT_12,217,3201
2024-07-15,MAT_12,315,2886
2024-07-16,MAT_12,363,2523
2024-07-17,MAT_12,297,2226
2024-07-18,MAT_12,278,1948
2024-07-19,MAT_12,236,1712
2024-07-20,MAT_12,245,1467
2024-07-21,MAT_12,213,1254
2024-07-22,MAT_12,340,914
2024-07-23,MAT_12,346,568
2024-07-24,MAT_12,359,209
2024-07-25,MAT_12,261,0
2024-07-26,MAT_12,311,4535
2024-07-27,MAT_12,263,4272
2024-07-28,MAT_12,228,4044
2024-07-29,MAT_12,236,3808
2024-07-30,MAT_12,320,3488
2024-07-31,MAT_12,316,3172
2024-08-01,MAT_12,290,2882
2024-08-02,MAT_12,238,2644
2024-08-03,MAT_12,256,2388
2024-08-04,MAT_12,157,2231
2024-08-05,MAT_12,324,1907
2024-08-06,MAT_12,347,1560
2024-08-07,MAT_12,330,1230
2024-08-08,MAT_12,291,5785
2024-08-09,MAT_12,287,5498
2024-08-10,MAT_12,224,5274
2024-08-11,MAT_12,224,5050
2024-08-12,MAT_12,307,4743
2024-08-13,MAT_12,375,4368
2024-08-14,MAT_12,284,4084
2024-08-15,MAT_12,302,3782
2024-08-16,MAT_12,210,3572
2024-08-17,MAT_12,234,3338
2024-08-18,MAT_12,201,3137
2024-08-19,MAT_12,302,2835
2024-08-20,MAT_12,297,2538
2024-08-21,MAT_12,310,2228
2024-08-22,MAT_12,334,1894
2024-08-23,MAT_12,215,1679
2024-08-24,MAT_12,234,1445
2024-08-25,MAT_12,200,1245
2024-08-26,MAT_12,296,5795
2024-08-27,MAT_12,352,5443
2024-08-28,MAT_12,294,5149
2024-08-29,MAT_12,205,4944
2024-08-30,MAT_12,211,4733
2024-08-31,MAT_12,285,4448
2024-09-01,MAT_12,196,4252
2024-09-02,MAT_12,309,3943
2024-09-03,MAT_12,270,3673
2024-09-04,MAT_12,278,3395
2024-09-05,MAT_12,296,3099
2024-09-06,MAT_12,250,2849
2024-09-07,MAT_12,229,2620
2024-09-08,MAT_12,211,2409
2024-09-09,MAT_12,281,2128
2024-09-10,MAT_12,316,1812
2024-09-11,MAT_12,331,1481
2024-09-12,MAT_12,247,1234
2024-09-13,MAT_12,258,5822
2024-09-14,MAT_12,182,5640
2024-09-15,MAT_12,202,5438
2024-09-16,MAT_12,239,5199
2024-09-17,MAT_12,250,4949
2024-09-18,MAT_12,235,4714
2024-09-19,MAT_12,305,4409
2024-09-20,MAT_12,200,4209
2024-09-21,MAT_12,187,4022
2024-09-22,MAT_12,182,3840
2024-09-23,MAT_12,235,3605
2024-09-24,MAT_12,264,3341
2024-09-25,MAT_12,331,3010
2024-09-26,MAT_12,245,2765
2024-09-27,MAT_12,277,2488
2024-09-28,MAT_12,232,2256
2024-09-29,MAT_12,189,2067
2024-09-30,MAT_12,253,1814
2024-10-01,MAT_12,297,1517
2024-10-02,MAT_12,317,1200
2024-10-03,MAT_12,294,5752
2024-10-04,MAT_12,227,5525
2024-10-05,MAT_12,164,5361
2024-10-06,MAT_12,225,5136
2024-10-07,MAT_12,235,4901
2024-10-08,MAT_12,191,4710
2024-10-09,MAT_12,303,4407
2024-10-10,MAT_12,241,4166
2024-10-11,MAT_12,208,3958
2024-10-12,MAT_12,197,3761
2024-10-13,MAT_12,156,3605
2024-10-14,MAT_12,249,3356
2024-10-15,MAT_12,272,3084
2024-10-16,MAT_12,264,2820
2024-10-17,MAT_12,268,2552
2024-10-18,MAT_12,170,2382
2024-10-19,MAT_12,201,2181
2024-10-20,MAT_12,224,1957
2024-10-21,MAT_12,257,1700
2024-10-22,MAT_12,311,1389
2024-10-23,MAT_12,333,5902
2024-10-24,MAT_12,267,5635
2024-10-25,MAT_12,264,5371
2024-10-26,MAT_12,200,5171
2024-10-27,MAT_12,190,4981
2024-10-28,MAT_12,238,4743
2024-10-29,MAT_12,298,4445
2024-10-30,MAT_12,335,4110
2024-10-31,MAT_12,274,3836
2024-11-01,MAT_12,211,3625
2024-11-02,MAT_12,254,3371
2024-11-03,MAT_12,171,3200
2024-11-04,MAT_12,234,2966
2024-11-05,MAT_12,323,2643
2024-11-06,MAT_12,362,2281
2024-11-07,MAT_12,295,1986
2024-11-08,MAT_12,246,1740
2024-11-09,MAT_12,203,1537
2024-11-10,MAT_12,241,1296
2024-11-11,MAT_12,266,5876
2024-11-12,MAT_12,276,5600
2024-11-13,MAT_12,301,5299
2024-11-14,MAT_12,258,5041
2024-11-15,MAT_12,245,4796
2024-11-16,MAT_12,225,4571
2024-11-17,MAT_12,283,4288
2024-11-18,MAT_12,249,4039
2024-11-19,MAT_12,302,3737
2024-11-20,MAT_12,359,3378
2024-11-21,MAT_12,351,3027
2024-11-22,MAT_12,267,2760
2024-11-23,MAT_12,219,2541
2024-11-24,MAT_12,222,2319
2024-11-25,MAT_12,217,2102
2024-11-26,MAT_12,285,1817
2024-11-27,MAT_12,329,1488
2024-11-28,MAT_12,295,1193
2024-11-29,MAT_12,280,5759
2024-11-30,MAT_12,228,5531
2024-12-01,MAT_12,222,5309
2024-12-02,MAT_12,295,5014
2024-12-03,MAT_12,404,4610
2024-12-04,MAT_12,324,4286
2024-12-05,MAT_12,314,3972
2024-12-06,MAT_12,296,3676
2024-12-07,MAT_12,225,3451
2024-12-08,MAT_12,295,3156
2024-12-09,MAT_12,242,2914
2024-12-10,MAT_12,319,2595
2024-12-11,MAT_12,333,2262
2024-12-12,MAT_12,323,1939
2024-12-13,MAT_12,214,1725
2024-12-14,MAT_12,296,1429
2024-12-15,MAT_12,277,1152
2024-12-16,MAT_12,339,5659
2024-12-17,MAT_12,394,5265
2024-12-18,MAT_12,328,4937
2024-12-19,MAT_12,247,4690
2024-12-20,MAT_12,324,4366
2024-12-21,MAT_12,253,4113
2024-12-22,MAT_12,236,3877
2024-12-23,MAT_12,331,3546
2024-12-24,MAT_12,431,3115
2024-12-25,MAT_12,358,2757
2024-12-26,MAT_12,368,2389
2024-12-27,MAT_12,265,2124
2024-12-28,MAT_12,217,1907
2024-12-29,MAT_12,312,1595
2024-12-30,MAT_12,339,1256
2024-12-31,MAT_12,346,5756
2025-01-01,MAT_12,427,5329
2025-01-02,MAT_12,763,4566
2025-01-03,MAT_12,701,3865
2025-01-04,MAT_12,694,3171
2025-01-05,MAT_12,738,2433
2025-01-06,MAT_12,996,1437
2025-01-07,MAT_12,372,1065
2025-01-08,MAT_12,375,690
2025-01-09,MAT_12,316,374
2025-01-10,MAT_12,351,23
2025-01-11,MAT_12,254,4615
2025-01-12,MAT_12,261,4354
2025-01-13,MAT_12,328,4026
2025-01-14,MAT_12,386,3640
2025-01-15,MAT_12,368,3272
2025-01-16,MAT_12,389,2883
2025-01-17,MAT_12,316,2567
2025-01-18,MAT_12,334,2233
2025-01-19,MAT_12,327,1906
2025-01-20,MAT_12,408,1498
2025-01-21,MAT_12,375,1123
2025-01-22,MAT_12,427,696
2025-01-23,MAT_12,318,5224
2025-01-24,MAT_12,428,4796
2025-01-25,MAT_12,335,4461
2025-01-26,MAT_12,311,4150
2025-01-27,MAT_12,351,3799
2025-01-28,MAT_12,390,3409
2025-01-29,MAT_12,468,2941
2025-01-30,MAT_12,413,2528
2025-01-31,MAT_12,329,2199
2025-02-01,MAT_12,278,1921
2025-02-02,MAT_12,367,1554
2025-02-03,MAT_12,395,1159
2025-02-04,MAT_12,430,729
2025-02-05,MAT_12,415,5160
2025-02-06,MAT_12,382,4778
2025-02-07,MAT_12,406,4372
2025-02-08,MAT_12,384,3988
2025-02-09,MAT_12,357,3631
2025-02-10,MAT_12,407,3224
2025-02-11,MAT_12,422,2802
2025-02-12,MAT_12,381,2421
2025-02-13,MAT_12,368,2053
2025-02-14,MAT_12,396,1657
2025-02-15,MAT_12,374,1283
2025-02-16,MAT_12,378,905
2025-02-17,MAT_12,394,5357
2025-02-18,MAT_12,457,4900
2025-02-19,MAT_12,430,4470
2025-02-20,MAT_12,426,4044
2025-02-21,MAT_12,358,3686
2025-02-22,MAT_12,306,3380
2025-02-23,MAT_12,378,3002
2025-02-24,MAT_12,430,2572
2025-02-25,MAT_12,507,2065
2025-02-26,MAT_12,446,1619
2025-02-27,MAT_12,378,1241
2025-02-28,MAT_12,360,881
2025-03-01,MAT_12,341,540
2025-03-02,MAT_12,360,5026
2025-03-03,MAT_12,409,4617
2025-03-04,MAT_12,444,4173
2025-03-05,MAT_12,468,3705
2025-03-06,MAT_12,423,3282
2025-03-07,MAT_12,303,2979
2025-03-08,MAT_12,357,2622
2025-03-09,MAT_12,932,1690
2025-03-10,MAT_12,1069,621
2025-03-11,MAT_12,1092,0
2025-03-12,MAT_12,1166,0
2025-03-13,MAT_12,438,0
2025-03-14,MAT_12,374,0
2025-03-15,MAT_12,375,0
2025-03-16,MAT_12,365,0
2025-03-17,MAT_12,406,0
2025-03-18,MAT_12,345,0
2025-03-19,MAT_12,412,0
2025-03-20,MAT_12,386,0
2025-03-21,MAT_12,388,4458
2025-03-22,MAT_12,396,4062
2025-03-23,MAT_12,361,3701
2025-03-24,MAT_12,430,3271
2025-03-25,MAT_12,462,2809
2025-03-26,MAT_12,455,2354
2025-03-27,MAT_12,1106,1248
2025-03-28,MAT_12,975,273
2025-03-29,MAT_12,879,0
2025-03-30,MAT_12,945,0
2025-03-31,MAT_12,1125,3721
2025-04-01,MAT_12,1141,2580
2025-04-02,MAT_12,1144,1436
2025-04-03,MAT_12,397,1039
2025-04-04,MAT_12,428,611
2025-04-05,MAT_12,311,300
2025-04-06,MAT_12,311,0
2025-04-07,MAT_12,415,4431
2025-04-08,MAT_12,413,4018
2025-04-09,MAT_12,486,3532
2025-04-10,MAT_12,370,3162
2025-04-11,MAT_12,413,2749
2025-04-12,MAT_12,382,2367
2025-04-13,MAT_12,368,1999
2025-04-14,MAT_12,334,1665
2025-04-15,MAT_12,384,1281
2025-04-16,MAT_12,456,825
2025-04-17,MAT_12,414,5257
2025-04-18,MAT_12,403,4854
2025-04-19,MAT_12,351,4503
2025-04-20,MAT_12,357,4146
2025-04-21,MAT_12,321,3825
2025-04-22,MAT_12,463,3362
2025-04-23,MAT_12,425,2937
2025-04-24,MAT_12,406,2531
2025-04-25,MAT_12,342,2189
2025-04-26,MAT_12,300,1889
2025-04-27,MAT_12,406,1483
2025-04-28,MAT_12,421,1062
2025-04-29,MAT_12,459,603
2025-04-30,MAT_12,434,5015
2025-05-01,MAT_12,358,4657
2025-05-02,MAT_12,440,4217
2025-05-03,MAT_12,358,3859
2025-05-04,MAT_12,358,3501
2025-05-05,MAT_12,379,3122
2025-05-06,MAT_12,362,2760
2025-05-07,MAT_12,473,2287
2025-05-08,MAT_12,375,1912
2025-05-09,MAT_12,384,1528
2025-05-10,MAT_12,364,1164
2025-05-11,MAT_12,359,805
2025-05-12,MAT_12,400,5251
2025-05-13,MAT_12,465,4786
2025-05-14,MAT_12,405,4381
2025-05-15,MAT_12,408,3973
2025-05-16,MAT_12,353,3620
2025-05-17,MAT_12,273,3347
2025-05-18,MAT_12,350,2997
2025-05-19,MAT_12,419,2578
2025-05-20,MAT_12,459,2119
2025-05-21,MAT_12,483,1636
2025-05-22,MAT_12,339,1297
2025-05-23,MAT_12,405,892
2025-05-24,MAT_12,332,560
2025-05-25,MAT_12,386,5020
2025-05-26,MAT_12,358,4662
2025-05-27,MAT_12,390,4272
2025-05-28,MAT_12,376,3896
2025-05-29,MAT_12,413,3483
2025-05-30,MAT_12,362,3121
2025-05-31,MAT_12,281,2840
2025-06-01,MAT_12,256,2584
2025-06-02,MAT_12,376,2208
2025-06-03,MAT_12,416,1792
2025-06-04,MAT_12,375,1417
2025-06-05,MAT_12,341,1076
2025-06-06,MAT_12,358,718
2025-06-07,MAT_12,369,5195
2025-06-08,MAT_12,301,4894
2025-06-09,MAT_12,325,4569
2025-06-10,MAT_12,400,4169
2025-06-11,MAT_12,419,3750
2025-06-12,MAT_12,359,3391
2025-06-13,MAT_12,393,2998
2025-06-14,MAT_12,329,2669
2025-06-15,MAT_12,296,2373
2025-06-16,MAT_12,293,2080
2025-06-17,MAT_12,424,1656
2025-06-18,MAT_12,427,1229
2025-06-19,MAT_12,352,877
2025-06-20,MAT_12,329,5394
2025-06-21,MAT_12,286,5108
2025-06-22,MAT_12,315,4793
2025-06-23,MAT_12,302,4491
2025-06-24,MAT_12,334,4157
2025-06-25,MAT_12,406,3751
2025-06-26,MAT_12,382,3369
2025-06-27,MAT_12,292,3077
2025-06-28,MAT_12,257,2820
2025-06-29,MAT_12,326,2494
2025-06-30,MAT_12,302,2192
2025-07-01,MAT_12,363,1829
2025-07-02,MAT_12,367,1462
2025-07-03,MAT_12,295,1167
2025-07-04,MAT_12,305,862
2025-07-05,MAT_12,274,5434
2025-07-06,MAT_12,291,5143
2025-07-07,MAT_12,321,4822
2025-07-08,MAT_12,421,4401
2025-07-09,MAT_12,397,4004
2025-07-10,MAT_12,334,3670
2025-07-11,MAT_12,293,3377
2025-07-12,MAT_12,318,3059
2025-07-13,MAT_12,297,2762
2025-07-14,MAT_12,266,2496
2025-07-15,MAT_12,373,2123
2025-07-16,MAT_12,391,1732
2025-07-17,MAT_12,375,1357
2025-07-18,MAT_12,266,1091
2025-07-19,MAT_12,237,854
2025-07-20,MAT_12,229,5471
2025-07-21,MAT_12,306,5165
2025-07-22,MAT_12,357,4808
2025-07-23,MAT_12,325,4483
2025-07-24,MAT_12,309,4174
2025-07-25,MAT_12,204,3970
2025-07-26,MAT_12,292,3678
2025-07-27,MAT_12,200,3478
2025-07-28,MAT_12,300,3178
2025-07-29,MAT_12,332,2846
2025-07-30,MAT_12,334,2512
2025-07-31,MAT_12,307,2205
2025-08-01,MAT_12,229,1976
2025-08-02,MAT_12,224,1752
2025-08-03,MAT_12,274,1478
2025-08-04,MAT_12,320,1158
2025-08-05,MAT_12,302,5702
2025-08-06,MAT_12,274,5428
2025-08-07,MAT_12,271,5157
2025-08-08,MAT_12,313,4844
2025-08-09,MAT_12,203,4641
2025-08-10,MAT_12,231,4410
2025-08-11,MAT_12,317,4093
2025-08-12,MAT_12,291,3802
2025-08-13,MAT_12,311,3491
2025-08-14,MAT_12,315,3176
2025-08-15,MAT_12,301,2875
2025-08-16,MAT_12,198,2677
2025-08-17,MAT_12,272,2405
2025-08-18,MAT_12,255,2150
2025-08-19,MAT_12,272,1878
2025-08-20,MAT_12,318,1560
2025-08-21,MAT_12,245,1315
2025-08-22,MAT_12,255,5906
2025-08-23,MAT_12,314,5592
2025-08-24,MAT_12,257,5335
2025-08-25,MAT_12,255,5080
2025-08-26,MAT_12,329,4751
2025-08-27,MAT_12,274,4477
2025-08-28,MAT_12,252,4225
2025-08-29,MAT_12,231,3994
2025-08-30,MAT_12,210,3784
2025-08-31,MAT_12,174,3610
2025-09-01,MAT_12,243,3367
2025-09-02,MAT_12,285,3082
2025-09-03,MAT_12,348,2734
2025-09-04,MAT_12,230,2504
2025-09-05,MAT_12,184,2320
2025-09-06,MAT_12,208,2112
2025-09-07,MAT_12,248,1864
2025-09-08,MAT_12,531,1333
2025-09-09,MAT_12,589,744
2025-09-10,MAT_12,569,5021
2025-09-11,MAT_12,578,4443
2025-09-12,MAT_12,252,4191
2025-09-13,MAT_12,191,4000
2025-09-14,MAT_12,177,3823
2025-09-15,MAT_12,215,3608
2025-09-16,MAT_12,311,3297
2025-09-17,MAT_12,242,3055
2025-09-18,MAT_12,319,2736
2025-09-19,MAT_12,208,2528
2025-09-20,MAT_12,206,2322
2025-09-21,MAT_12,228,2094
2025-09-22,MAT_12,221,1873
2025-09-23,MAT_12,266,1607
2025-09-24,MAT_12,294,1313
2025-09-25,MAT_12,236,5923
2025-09-26,MAT_12,187,5736
2025-09-27,MAT_12,164,5572
2025-09-28,MAT_12,244,5328
2025-09-29,MAT_12,255,5073
2025-09-30,MAT_12,255,4818
2025-10-01,MAT_12,318,4500
2025-10-02,MAT_12,240,4260
2025-10-03,MAT_12,158,4102
2025-10-04,MAT_12,218,3884
2025-10-05,MAT_12,258,3626
2025-10-06,MAT_12,261,3365
2025-10-07,MAT_12,220,3145
2025-10-08,MAT_12,289,2856
2025-10-09,MAT_12,255,2601
2025-10-10,MAT_12,235,2366
2025-10-11,MAT_12,169,2197
2025-10-12,MAT_12,195,2002
2025-10-13,MAT_12,198,1804
2025-10-14,MAT_12,289,1515
2025-10-15,MAT_12,247,6114
2025-10-16,MAT_12,280,5834
2025-10-17,MAT_12,200,5634
2025-10-18,MAT_12,97,5537
2025-10-19,MAT_12,234,5303
2025-10-20,MAT_12,263,5040
2025-10-21,MAT_12,329,4711
2025-10-22,MAT_12,227,4484
2025-10-23,MAT_12,248,4236
2025-10-24,MAT_12,232,4004
2025-10-25,MAT_12,220,3784
2025-10-26,MAT_12,165,3619
2025-10-27,MAT_12,264,3355
2025-10-28,MAT_12,270,3085
2025-10-29,MAT_12,239,2846
2025-10-30,MAT_12,249,2597
2025-10-31,MAT_12,249,2348
2025-11-01,MAT_12,148,2200
2025-11-02,MAT_12,237,1963
2025-11-03,MAT_12,264,1699
2025-11-04,MAT_12,286,1413
2025-11-05,MAT_12,251,6008
2025-11-06,MAT_12,228,5780
2025-11-07,MAT_12,224,5556
2025-11-08,MAT_12,176,5380
2025-11-09,MAT_12,211,5169
2025-11-10,MAT_12,290,4879
2025-11-11,MAT_12,291,4588
2025-11-12,MAT_12,300,4288
2025-11-13,MAT_12,275,4013
2025-11-14,MAT_12,276,3737
2025-11-15,MAT_12,260,3477
2025-11-16,MAT_12,242,3235
2025-11-17,MAT_12,272,2963
2025-11-18,MAT_12,314,2649
2025-11-19,MAT_12,363,2286
2025-11-20,MAT_12,307,1979
2025-11-21,MAT_12,300,1679
2025-11-22,MAT_12,212,1467
2025-11-23,MAT_12,193,1274
2025-11-24,MAT_12,253,5867
2025-11-25,MAT_12,296,5571
2025-11-26,MAT_12,376,5195
2025-11-27,MAT_12,323,4872
2025-11-28,MAT_12,238,4634
2025-11-29,MAT_12,260,4374
2025-11-30,MAT_12,240,4134
2025-12-01,MAT_12,336,3798
2025-12-02,MAT_12,312,3486
2025-12-03,MAT_12,283,3203
2025-12-04,MAT_12,302,2901
2025-12-05,MAT_12,256,2645
2025-12-06,MAT_12,199,2446
2025-12-07,MAT_12,272,2174
2025-12-08,MAT_12,338,1836
2025-12-09,MAT_12,295,1541
2025-12-10,MAT_12,373,1168
2025-12-11,MAT_12,297,871
2025-12-12,MAT_12,275,5442
2025-12-13,MAT_12,247,5195
2025-12-14,MAT_12,261,4934
2025-12-15,MAT_12,316,4618
2025-12-16,MAT_12,307,4311
2025-12-17,MAT_12,393,3918
2025-12-18,MAT_12,342,3576
2025-12-19,MAT_12,312,3264
2025-12-20,MAT_12,235,3029
2025-12-21,MAT_12,235,2794
2025-12-22,MAT_12,349,2445
2025-12-23,MAT_12,312,2133
2025-12-24,MAT_12,365,1768
2025-12-25,MAT_12,369,1399
2025-12-26,MAT_12,291,1108
2025-12-27,MAT_12,308,800
2025-12-28,MAT_12,272,5374
2025-12-29,MAT_12,279,5095
2025-12-30,MAT_12,372,4723
2024-01-01,MAT_13,401,13360
2024-01-02,MAT_13,547,12813
2024-01-03,MAT_13,417,12396
2024-01-04,MAT_13,414,11982
2024-01-05,MAT_13,346,11636
2024-01-06,MAT_13,339,11297
2024-01-07,MAT_13,350,10947
2024-01-08,MAT_13,371,10576
2024-01-09,MAT_13,471,10105
2024-01-10,MAT_13,457,9648
2024-01-11,MAT_13,489,9159
2024-01-12,MAT_13,361,8798
2024-01-13,MAT_13,429,8369
2024-01-14,MAT_13,380,7989
2024-01-15,MAT_13,467,7522
2024-01-16,MAT_13,469,7053
2024-01-17,MAT_13,447,6606
2024-01-18,MAT_13,437,6169
2024-01-19,MAT_13,343,5826
2024-01-20,MAT_13,363,5463
2024-01-21,MAT_13,387,5076
2024-01-22,MAT_13,430,4646
2024-01-23,MAT_13,528,4118
2024-01-24,MAT_13,483,3635
2024-01-25,MAT_13,384,3251
2024-01-26,MAT_13,548,2703
2024-01-27,MAT_13,351,2352
2024-01-28,MAT_13,429,1923
2024-01-29,MAT_13,380,7441
2024-01-30,MAT_13,496,6945
2024-01-31,MAT_13,468,6477
2024-02-01,MAT_13,358,6119
2024-02-02,MAT_13,408,5711
2024-02-03,MAT_13,387,5324
2024-02-04,MAT_13,393,4931
2024-02-05,MAT_13,458,4473
2024-02-06,MAT_13,486,3987
2024-02-07,MAT_13,512,3475
2024-02-08,MAT_13,485,2990
2024-02-09,MAT_13,427,2563
2024-02-10,MAT_13,391,2172
2024-02-11,MAT_13,376,1796
2024-02-12,MAT_13,482,7212
2024-02-13,MAT_13,494,6718
2024-02-14,MAT_13,504,6214
2024-02-15,MAT_13,508,5706
2024-02-16,MAT_13,446,5260
2024-02-17,MAT_13,379,4881
2024-02-18,MAT_13,469,4412
2024-02-19,MAT_13,420,3992
2024-02-20,MAT_13,473,3519
2024-02-21,MAT_13,553,2966
2024-02-22,MAT_13,564,2402
2024-02-23,MAT_13,423,1979
2024-02-24,MAT_13,431,1548
2024-02-25,MAT_13,380,7066
2024-02-26,MAT_13,437,6629
2024-02-27,MAT_13,565,6064
2024-02-28,MAT_13,548,5516
2024-02-29,MAT_13,548,4968
2024-03-01,MAT_13,495,4473
2024-03-02,MAT_13,339,4134
2024-03-03,MAT_13,386,3748
2024-03-04,MAT_13,491,3257
2024-03-05,MAT_13,460,2797
2024-03-06,MAT_13,498,2299
2024-03-07,MAT_13,564,1735
2024-03-08,MAT_13,436,1299
2024-03-09,MAT_13,454,6743
2024-03-10,MAT_13,437,6306
2024-03-11,MAT_13,458,5848
2024-03-12,MAT_13,466,5382
2024-03-13,MAT_13,553,4829
2024-03-14,MAT_13,569,4260
2024-03-15,MAT_13,436,3824
2024-03-16,MAT_13,433,3391
2024-03-17,MAT_13,382,3009
2024-03-18,MAT_13,462,2547
2024-03-19,MAT_13,548,1999
2024-03-20,MAT_13,576,1423
2024-03-21,MAT_13,537,6784
2024-03-22,MAT_13,384,6400
2024-03-23,MAT_13,415,5985
2024-03-24,MAT_13,406,5579
2024-03-25,MAT_13,479,5100
2024-03-26,MAT_13,533,4567
2024-03-27,MAT_13,590,3977
2024-03-28,MAT_13,528,3449
2024-03-29,MAT_13,521,2928
2024-03-30,MAT_13,406,2522
2024-03-31,MAT_13,390,2132
2024-04-01,MAT_13,549,1583
2024-04-02,MAT_13,555,1028
2024-04-03,MAT_13,520,6406
2024-04-04,MAT_13,534,5872
2024-04-05,MAT_13,499,5373
2024-04-06,MAT_13,438,4935
2024-04-07,MAT_13,416,4519
2024-04-08,MAT_13,473,4046
2024-04-09,MAT_13,548,3498
2024-04-10,MAT_13,556,2942
2024-04-11,MAT_13,563,2379
2024-04-12,MAT_13,453,1926
2024-04-13,MAT_13,394,1532
2024-04-14,MAT_13,544,6886
2024-04-15,MAT_13,496,6390
2024-04-16,MAT_13,567,5823
2024-04-17,MAT_13,566,5257
2024-04-18,MAT_13,520,4737
2024-04-19,MAT_13,452,4285
2024-04-20,MAT_13,319,3966
2024-04-21,MAT_13,398,3568
2024-04-22,MAT_13,498,3070
2024-04-23,MAT_13,424,2646
2024-04-24,MAT_13,544,2102
2024-04-25,MAT_13,535,1567
2024-04-26,MAT_13,490,6975
2024-04-27,MAT_13,448,6527
2024-04-28,MAT_13,473,6054
2024-04-29,MAT_13,544,5510
2024-04-30,MAT_13,569,4941
2024-05-01,MAT_13,544,4397
2024-05-02,MAT_13,498,3899
2024-05-03,MAT_13,456,3443
2024-05-04,MAT_13,408,3035
2024-05-05,MAT_13,473,2562
2024-05-06,MAT_13,497,2065
2024-05-07,MAT_13,505,1560
2024-05-08,MAT_13,582,978
2024-05-09,MAT_13,486,6390
2024-05-10,MAT_13,408,5982
2024-05-11,MAT_13,411,5571
2024-05-12,MAT_13,390,5181
2024-05-13,MAT_13,504,4677
2024-05-14,MAT_13,479,4198
2024-05-15,MAT_13,518,3680
2024-05-16,MAT_13,526,3154
2024-05-17,MAT_13,409,2745
2024-05-18,MAT_13,420,2325
2024-05-19,MAT_13,376,1949
2024-05-20,MAT_13,468,1481
2024-05-21,MAT_13,526,6853
2024-05-22,MAT_13,512,6341
2024-05-23,MAT_13,482,5859
2024-05-24,MAT_13,446,5413
2024-05-25,MAT_13,384,5029
2024-05-26,MAT_13,440,4589
2024-05-27,MAT_13,503,4086
2024-05-28,MAT_13,458,3628
2024-05-29,MAT_13,574,3054
2024-05-30,MAT_13,459,2595
2024-05-31,MAT_13,497,2098
2024-06-01,MAT_13,374,1724
2024-06-02,MAT_13,423,7199
2024-06-03,MAT_13,467,6732
2024-06-04,MAT_13,469,6263
2024-06-05,MAT_13,497,5766
2024-06-06,MAT_13,517,5249
2024-06-07,MAT_13,395,4854
2024-06-08,MAT_13,358,4496
2024-06-09,MAT_13,339,4157
2024-06-10,MAT_13,490,3667
2024-06-11,MAT_13,454,3213
2024-06-12,MAT_13,530,2683
2024-06-13,MAT_13,426,2257
2024-06-14,MAT_13,443,1814
2024-06-15,MAT_13,395,7317
2024-06-16,MAT_13,364,6953
2024-06-17,MAT_13,389,6564
2024-06-18,MAT_13,436,6128
2024-06-19,MAT_13,445,5683
2024-06-20,MAT_13,480,5203
2024-06-21,MAT_13,392,4811
2024-06-22,MAT_13,308,4503
2024-06-23,MAT_13,351,4152
2024-06-24,MAT_13,401,3751
2024-06-25,MAT_13,366,3385
2024-06-26,MAT_13,452,2933
2024-06-27,MAT_13,455,2478
2024-06-28,MAT_13,368,2110
2024-06-29,MAT_13,350,7658
2024-06-30,MAT_13,369,7289
2024-07-01,MAT_13,381,6908
2024-07-02,MAT_13,467,6441
2024-07-03,MAT_13,505,5936
2024-07-04,MAT_13,355,5581
2024-07-05,MAT_13,348,5233
2024-07-06,MAT_13,420,4813
2024-07-07,MAT_13,344,4469
2024-07-08,MAT_13,381,4088
2024-07-09,MAT_13,416,3672
2024-07-10,MAT_13,486,3186
2024-07-11,MAT_13,366,2820
2024-07-12,MAT_13,386,2434
2024-07-13,MAT_13,305,2129
2024-07-14,MAT_13,297,7730
2024-07-15,MAT_13,361,7369
2024-07-16,MAT_13,413,6956
2024-07-17,MAT_13,405,6551
2024-07-18,MAT_13,435,6116
2024-07-19,MAT_13,309,5807
2024-07-20,MAT_13,310,5497
2024-07-21,MAT_13,336,5161
2024-07-22,MAT_13,364,4797
2024-07-23,MAT_13,434,4363
2024-07-24,MAT_13,396,3967
2024-07-25,MAT_13,405,3562
2024-07-26,MAT_13,353,3209
2024-07-27,MAT_13,332,2877
2024-07-28,MAT_13,230,2647
2024-07-29,MAT_13,368,8177
2024-07-30,MAT_13,428,7749
2024-07-31,MAT_13,387,7362
2024-08-01,MAT_13,348,7014
2024-08-02,MAT_13,289,6725
2024-08-03,MAT_13,243,6482
2024-08-04,MAT_13,320,6162
2024-08-05,MAT_13,428,5734
2024-08-06,MAT_13,361,5373
2024-08-07,MAT_13,375,4998
2024-08-08,MAT_13,360,4638
2024-08-09,MAT_13,244,4394
2024-08-10,MAT_13,247,4147
2024-08-11,MAT_13,282,3865
2024-08-12,MAT_13,637,3228
2024-08-13,MAT_13,913,2315
2024-08-14,MAT_13,722,1593
2024-08-15,MAT_13,838,6653
2024-08-16,MAT_13,356,6297
2024-08-17,MAT_13,280,6017
2024-08-18,MAT_13,270,5747
2024-08-19,MAT_13,330,5417
2024-08-20,MAT_13,348,5069
2024-08-21,MAT_13,296,4773
2024-08-22,MAT_13,304,4469
2024-08-23,MAT_13,290,4179
2024-08-24,MAT_13,220,3959
2024-08-25,MAT_13,252,3707
2024-08-26,MAT_13,332,3375
2024-08-27,MAT_13,364,3011
2024-08-28,MAT_13,410,8499
2024-08-29,MAT_13,347,8152
2024-08-30,MAT_13,297,7855
2024-08-31,MAT_13,223,7632
2024-09-01,MAT_13,209,7423
2024-09-02,MAT_13,290,7133
2024-09-03,MAT_13,323,6810
2024-09-04,MAT_13,356,6454
2024-09-05,MAT_13,288,6166
2024-09-06,MAT_13,311,5855
2024-09-07,MAT_13,217,5638
2024-09-08,MAT_13,242,5396
2024-09-09,MAT_13,301,5095
2024-09-10,MAT_13,391,4704
2024-09-11,MAT_13,427,4277
2024-09-12,MAT_13,397,3880
2024-09-13,MAT_13,223,3657
2024-09-14,MAT_13,227,3430
2024-09-15,MAT_13,230,3200
2024-09-16,MAT_13,313,8785
2024-09-17,MAT_13,356,8429
2024-09-18,MAT_13,332,8097
2024-09-19,MAT_13,296,7801
2024-09-20,MAT_13,232,7569
2024-09-21,MAT_13,134,7435
2024-09-22,MAT_13,199,7236
2024-09-23,MAT_13,330,6906
2024-09-24,MAT_13,399,6507
2024-09-25,MAT_13,406,6101
2024-09-26,MAT_13,357,5744
2024-09-27,MAT_13,230,5514
2024-09-28,MAT_13,191,5323
2024-09-29,MAT_13,178,5145
2024-09-30,MAT_13,272,4873
2024-10-01,MAT_13,344,4529
2024-10-02,MAT_13,313,4216
2024-10-03,MAT_13,337,3879
2024-10-04,MAT_13,295,3584
2024-10-05,MAT_13,219,3365
2024-10-06,MAT_13,196,9067
2024-10-07,MAT_13,350,8717
2024-10-08,MAT_13,343,8374
2024-10-09,MAT_13,430,7944
2024-10-10,MAT_13,325,7619
2024-10-11,MAT_13,277,7342
2024-10-12,MAT_13,201,7141
2024-10-13,MAT_13,234,6907
2024-10-14,MAT_13,236,6671
2024-10-15,MAT_13,291,6380
2024-10-16,MAT_13,385,5995
2024-10-17,MAT_13,313,5682
2024-10-18,MAT_13,257,5425
2024-10-19,MAT_13,213,5212
2024-10-20,MAT_13,239,4973
2024-10-21,MAT_13,345,4628
2024-10-22,MAT_13,353,4275
2024-10-23,MAT_13,313,3962
2024-10-24,MAT_13,369,3593
2024-10-25,MAT_13,346,3247
2024-10-26,MAT_13,266,2981
2024-10-27,MAT_13,294,8585
2024-10-28,MAT_13,353,8232
2024-10-29,MAT_13,287,7945
2024-10-30,MAT_13,438,7507
2024-10-31,MAT_13,377,7130
2024-11-01,MAT_13,302,6828
2024-11-02,MAT_13,247,6581
2024-11-03,MAT_13,212,6369
2024-11-04,MAT_13,298,6071
2024-11-05,MAT_13,376,5695
2024-11-06,MAT_13,327,5368
2024-11-07,MAT_13,337,5031
2024-11-08,MAT_13,670,4361
2024-11-09,MAT_13,672,3689
2024-11-10,MAT_13,601,3088
2024-11-11,MAT_13,720,2368
2024-11-12,MAT_13,1044,1324
2024-11-13,MAT_13,979,345
2024-11-14,MAT_13,329,16
2024-11-15,MAT_13,273,5641
2024-11-16,MAT_13,374,5267
2024-11-17,MAT_13,303,4964
2024-11-18,MAT_13,355,4609
2024-11-19,MAT_13,344,4265
2024-11-20,MAT_13,407,3858
2024-11-21,MAT_13,347,3511
2024-11-22,MAT_13,276,3235
2024-11-23,MAT_13,352,2883
2024-11-24,MAT_13,311,2572
2024-11-25,MAT_13,357,8113
2024-11-26,MAT_13,345,7768
2024-11-27,MAT_13,346,7422
2024-11-28,MAT_13,364,7058
2024-11-29,MAT_13,294,6764
2024-11-30,MAT_13,310,6454
2024-12-01,MAT_13,325,6129
2024-12-02,MAT_13,349,5780
2024-12-03,MAT_13,426,5354
2024-12-04,MAT_13,414,4940
2024-12-05,MAT_13,342,4598
2024-12-06,MAT_13,319,4279
2024-12-07,MAT_13,302,3977
2024-12-08,MAT_13,346,3631
2024-12-09,MAT_13,366,3265
2024-12-10,MAT_13,382,2883
2024-12-11,MAT_13,455,2428
2024-12-12,MAT_13,402,7924
2024-12-13,MAT_13,398,7526
2024-12-14,MAT_13,311,7215
2024-12-15,MAT_13,280,6935
2024-12-16,MAT_13,414,6521
2024-12-17,MAT_13,393,6128
2024-12-18,MAT_13,440,5688
2024-12-19,MAT_13,406,5282
2024-12-20,MAT_13,351,4931
2024-12-21,MAT_13,312,4619
2024-12-22,MAT_13,267,4352
2024-12-23,MAT_13,340,4012
2024-12-24,MAT_13,472,3540
2024-12-25,MAT_13,457,3083
2024-12-26,MAT_13,485,2598
2024-12-27,MAT_13,320,2278
2024-12-28,MAT_13,329,7847
2024-12-29,MAT_13,389,7458
2024-12-30,MAT_13,369,7089
2024-12-31,MAT_13,420,6669
2025-01-01,MAT_13,441,6228
2025-01-02,MAT_13,405,5823
2025-01-03,MAT_13,394,5429
2025-01-04,MAT_13,272,5157
2025-01-05,MAT_13,420,4737
2025-01-06,MAT_13,366,4371
2025-01-07,MAT_13,368,4003
2025-01-08,MAT_13,464,3539
2025-01-09,MAT_13,419,3120
2025-01-10,MAT_13,377,2743
2025-01-11,MAT_13,366,2377
2025-01-12,MAT_13,393,7882
2025-01-13,MAT_13,481,7401
2025-01-14,MAT_13,436,6965
2025-01-15,MAT_13,506,6459
2025-01-16,MAT_13,473,5986
2025-01-17,MAT_13,292,5694
2025-01-18,MAT_13,333,5361
2025-01-19,MAT_13,328,5033
2025-01-20,MAT_13,444,4589
2025-01-21,MAT_13,487,4102
2025-01-22,MAT_13,501,3601
2025-01-23,MAT_13,445,3156
2025-01-24,MAT_13,399,2757
2025-01-25,MAT_13,376,2381
2025-01-26,MAT_13,374,2007
2025-01-27,MAT_13,468,7437
2025-01-28,MAT_13,443,6994
2025-01-29,MAT_13,467,6527
2025-01-30,MAT_13,472,6055
2025-01-31,MAT_13,403,5652
2025-02-01,MAT_13,344,5308
2025-02-02,MAT_13,421,4887
2025-02-03,MAT_13,425,4462
2025-02-04,MAT_13,462,4000
2025-02-05,MAT_13,501,3499
2025-02-06,MAT_13,442,3057
2025-02-07,MAT_13,426,2631
2025-02-08,MAT_13,912,1719
2025-02-09,MAT_13,928,791
2025-02-10,MAT_13,1042,5647
2025-02-11,MAT_13,1296,4351
2025-02-12,MAT_13,1267,3084
2025-02-13,MAT_13,999,2085
2025-02-14,MAT_13,1123,962
2025-02-15,MAT_13,1015,0
2025-02-16,MAT_13,436,0
2025-02-17,MAT_13,500,0
2025-02-18,MAT_13,513,0
2025-02-19,MAT_13,550,0
2025-02-20,MAT_13,476,5422
2025-02-21,MAT_13,478,4944
2025-02-22,MAT_13,422,4522
2025-02-23,MAT_13,372,4150
2025-02-24,MAT_13,514,3636
2025-02-25,MAT_13,515,3121
2025-02-26,MAT_13,522,2599
2025-02-27,MAT_13,484,2115
2025-02-28,MAT_13,437,1678
2025-03-01,MAT_13,429,1249
2025-03-02,MAT_13,394,6753
2025-03-03,MAT_13,418,6335
2025-03-04,MAT_13,484,5851
2025-03-05,MAT_13,553,5298
2025-03-06,MAT_13,501,4797
2025-03-07,MAT_13,501,4296
2025-03-08,MAT_13,423,3873
2025-03-09,MAT_13,471,3402
2025-03-10,MAT_13,457,2945
2025-03-11,MAT_13,514,2431
2025-03-12,MAT_13,543,1888
2025-03-13,MAT_13,506,1382
2025-03-14,MAT_13,452,6828
2025-03-15,MAT_13,395,6433
2025-03-16,MAT_13,379,6054
2025-03-17,MAT_13,513,5541
2025-03-18,MAT_13,555,4986
2025-03-19,MAT_13,522,4464
2025-03-20,MAT_13,530,3934
2025-03-21,MAT_13,457,3477
2025-03-22,MAT_13,476,3001
2025-03-23,MAT_13,393,2608
2025-03-24,MAT_13,485,2123
2025-03-25,MAT_13,529,1594
2025-03-26,MAT_13,555,1039
2025-03-27,MAT_13,577,6360
2025-03-28,MAT_13,461,5899
2025-03-29,MAT_13,463,5436
2025-03-30,MAT_13,439,4997
2025-03-31,MAT_13,534,4463
2025-04-01,MAT_13,567,3896
2025-04-02,MAT_13,536,3360
2025-04-03,MAT_13,501,2859
2025-04-04,MAT_13,485,2374
2025-04-05,MAT_13,408,1966
2025-04-06,MAT_13,453,1513
2025-04-07,MAT_13,477,1036
2025-04-08,MAT_13,551,6383
2025-04-09,MAT_13,542,5841
2025-04-10,MAT_13,489,5352
2025-04-11,MAT_13,508,4844
2025-04-12,MAT_13,442,4402
2025-04-13,MAT_13,441,3961
2025-04-14,MAT_13,506,3455
2025-04-15,MAT_13,469,2986
2025-04-16,MAT_13,628,2358
2025-04-17,MAT_13,514,1844
2025-04-18,MAT_13,385,1459
2025-04-19,MAT_13,476,6881
2025-04-20,MAT_13,411,6470
2025-04-21,MAT_13,527,5943
2025-04-22,MAT_13,536,5407
2025-04-23,MAT_13,480,4927
2025-04-24,MAT_13,520,4407
2025-04-25,MAT_13,465,3942
2025-04-26,MAT_13,470,3472
2025-04-27,MAT_13,456,3016
2025-04-28,MAT_13,432,2584
2025-04-29,MAT_13,566,2018
2025-04-30,MAT_13,521,1497
2025-05-01,MAT_13,572,925
2025-05-02,MAT_13,438,6385
2025-05-03,MAT_13,411,5974
2025-05-04,MAT_13,892,5082
2025-05-05,MAT_13,1021,4061
2025-05-06,MAT_13,1099,2962
2025-05-07,MAT_13,1294,1668
2025-05-08,MAT_13,999,669
2025-05-09,MAT_13,1070,0
2025-05-10,MAT_13,445,0
2025-05-11,MAT_13,477,0
2025-05-12,MAT_13,470,0
2025-05-13,MAT_13,473,0
2025-05-14,MAT_13,517,0
2025-05-15,MAT_13,514,0
2025-05-16,MAT_13,441,0
2025-05-17,MAT_13,419,0
2025-05-18,MAT_13,469,0
2025-05-19,MAT_13,483,0
2025-05-20,MAT_13,513,0
2025-05-21,MAT_13,443,5455
2025-05-22,MAT_13,451,5004
2025-05-23,MAT_13,413,4591
2025-05-24,MAT_13,318,4273
2025-05-25,MAT_13,363,3910
2025-05-26,MAT_13,440,3470
2025-05-27,MAT_13,492,2978
2025-05-28,MAT_13,526,2452
2025-05-29,MAT_13,464,1988
2025-05-30,MAT_13,430,1558
2025-05-31,MAT_13,370,7086
2025-06-01,MAT_13,398,6688
2025-06-02,MAT_13,459,6229
2025-06-03,MAT_13,543,5686
2025-06-04,MAT_13,475,5211
2025-06-05,MAT_13,468,4743
2025-06-06,MAT_13,444,4299
2025-06-07,MAT_13,319,3980
2025-06-08,MAT_13,464,3516
2025-06-09,MAT_13,477,3039
2025-06-10,MAT_13,408,2631
2025-06-11,MAT_13,499,2132
2025-06-12,MAT_13,429,1703
2025-06-13,MAT_13,383,7218
2025-06-14,MAT_13,379,6839
2025-06-15,MAT_13,416,6423
2025-06-16,MAT_13,401,6022
2025-06-17,MAT_13,446,5576
2025-06-18,MAT_13,488,5088
2025-06-19,MAT_13,462,4626
2025-06-20,MAT_13,347,4279
2025-06-21,MAT_13,421,3858
2025-06-22,MAT_13,338,3520
2025-06-23,MAT_13,445,3075
2025-06-24,MAT_13,470,2605
2025-06-25,MAT_13,485,2120
2025-06-26,MAT_13,404,1716
2025-06-27,MAT_13,307,7307
2025-06-28,MAT_13,341,6966
2025-06-29,MAT_13,351,6615
2025-06-30,MAT_13,358,6257
2025-07-01,MAT_13,476,5781
2025-07-02,MAT_13,448,5333
2025-07-03,MAT_13,384,4949
2025-07-04,MAT_13,386,4563
2025-07-05,MAT_13,354,4209
2025-07-06,MAT_13,311,3898
2025-07-07,MAT_13,432,3466
2025-07-08,MAT_13,517,2949
2025-07-09,MAT_13,395,2554
2025-07-10,MAT_13,397,2157
2025-07-11,MAT_13,365,7690
2025-07-12,MAT_13,408,7282
2025-07-13,MAT_13,299,6983
2025-07-14,MAT_13,335,6648
2025-07-15,MAT_13,379,6269
2025-07-16,MAT_13,474,5795
2025-07-17,MAT_13,365,5430
2025-07-18,MAT_13,307,5123
2025-07-19,MAT_13,316,4807
2025-07-20,MAT_13,328,4479
2025-07-21,MAT_13,403,4076
2025-07-22,MAT_13,409,3667
2025-07-23,MAT_13,425,3242
2025-07-24,MAT_13,377,2865
2025-07-25,MAT_13,278,2587
2025-07-26,MAT_13,288,8197
2025-07-27,MAT_13,308,7889
2025-07-28,MAT_13,332,7557
2025-07-29,MAT_13,333,7224
2025-07-30,MAT_13,360,6864
2025-07-31,MAT_13,369,6495
2025-08-01,MAT_13,355,6140
2025-08-02,MAT_13,351,5789
2025-08-03,MAT_13,288,5501
2025-08-04,MAT_13,311,5190
2025-08-05,MAT_13,370,4820
2025-08-06,MAT_13,353,4467
2025-08-07,MAT_13,392,4075
2025-08-08,MAT_13,392,3683
2025-08-09,MAT_13,248,3435
2025-08-10,MAT_13,238,3197
2025-08-11,MAT_13,370,2827
2025-08-12,MAT_13,387,8338
2025-08-13,MAT_13,398,7940
2025-08-14,MAT_13,414,7526
2025-08-15,MAT_13,246,7280
2025-08-16,MAT_13,211,7069
2025-08-17,MAT_13,270,6799
2025-08-18,MAT_13,324,6475
2025-08-19,MAT_13,352,6123
2025-08-20,MAT_13,473,5650
2025-08-21,MAT_13,331,5319
2025-08-22,MAT_13,270,5049
2025-08-23,MAT_13,263,4786
2025-08-24,MAT_13,307,4479
2025-08-25,MAT_13,285,4194
2025-08-26,MAT_13,353,3841
2025-08-27,MAT_13,409,3432
2025-08-28,MAT_13,378,3054
2025-08-29,MAT_13,293,2761
2025-08-30,MAT_13,347,8312
2025-08-31,MAT_13,340,7972
2025-09-01,MAT_13,252,7720
2025-09-02,MAT_13,286,7434
2025-09-03,MAT_13,395,7039
2025-09-04,MAT_13,384,6655
2025-09-05,MAT_13,270,6385
2025-09-06,MAT_13,226,6159
2025-09-07,MAT_13,225,5934
2025-09-08,MAT_13,256,5678
2025-09-09,MAT_13,392,5286
2025-09-10,MAT_13,344,4942
2025-09-11,MAT_13,338,4604
2025-09-12,MAT_13,203,4401
2025-09-13,MAT_13,281,4120
2025-09-14,MAT_13,276,3844
2025-09-15,MAT_13,246,3598
2025-09-16,MAT_13,354,3244
2025-09-17,MAT_13,355,2889
2025-09-18,MAT_13,305,8482
2025-09-19,MAT_13,157,8325
2025-09-20,MAT_13,213,8112
2025-09-21,MAT_13,262,7850
2025-09-22,MAT_13,274,7576
2025-09-23,MAT_13,333,7243
2025-09-24,MAT_13,412,6831
2025-09-25,MAT_13,318,6513
2025-09-26,MAT_13,187,6326
2025-09-27,MAT_13,230,6096
2025-09-28,MAT_13,253,5843
2025-09-29,MAT_13,262,5581
2025-09-30,MAT_13,963,4618
2025-10-01,MAT_13,768,3850
2025-10-02,MAT_13,820,3030
2025-10-03,MAT_13,550,2480
2025-10-04,MAT_13,588,1892
2025-10-05,MAT_13,721,1171
2025-10-06,MAT_13,752,419
2025-10-07,MAT_13,333,86
2025-10-08,MAT_13,354,5630
2025-10-09,MAT_13,325,5305
2025-10-10,MAT_13,298,5007
2025-10-11,MAT_13,266,4741
2025-10-12,MAT_13,307,4434
2025-10-13,MAT_13,304,4130
2025-10-14,MAT_13,278,3852
2025-10-15,MAT_13,389,3463
2025-10-16,MAT_13,377,3086
2025-10-17,MAT_13,370,2716
2025-10-18,MAT_13,299,8315
2025-10-19,MAT_13,234,8081
2025-10-20,MAT_13,308,7773
2025-10-21,MAT_13,336,7437
2025-10-22,MAT_13,343,7094
2025-10-23,MAT_13,323,6771
2025-10-24,MAT_13,328,6443
2025-10-25,MAT_13,183,6260
2025-10-26,MAT_13,218,6042
2025-10-27,MAT_13,353,5689
2025-10-28,MAT_13,409,5280
2025-10-29,MAT_13,338,4942
2025-10-30,MAT_13,398,4544
2025-10-31,MAT_13,321,4223
2025-11-01,MAT_13,241,3982
2025-11-02,MAT_13,168,3814
2025-11-03,MAT_13,245,3569
2025-11-04,MAT_13,332,3237
2025-11-05,MAT_13,400,2837
2025-11-06,MAT_13,369,8366
2025-11-07,MAT_13,270,8096
2025-11-08,MAT_13,249,7847
2025-11-09,MAT_13,269,7578
2025-11-10,MAT_13,309,7269
2025-11-11,MAT_13,371,6898
2025-11-12,MAT_13,376,6522
2025-11-13,MAT_13,281,6241
2025-11-14,MAT_13,288,5953
2025-11-15,MAT_13,265,5688
2025-11-16,MAT_13,317,5371
2025-11-17,MAT_13,293,5078
2025-11-18,MAT_13,381,4697
2025-11-19,MAT_13,408,4289
2025-11-20,MAT_13,349,3940
2025-11-21,MAT_13,236,3704
2025-11-22,MAT_13,314,3390
2025-11-23,MAT_13,317,3073
2025-11-24,MAT_13,344,2729
2025-11-25,MAT_13,384,8243
2025-11-26,MAT_13,325,7918
2025-11-27,MAT_13,395,7523
2025-11-28,MAT_13,373,7150
2025-11-29,MAT_13,240,6910
2025-11-30,MAT_13,350,6560
2025-12-01,MAT_13,389,6171
2025-12-02,MAT_13,347,5824
2025-12-03,MAT_13,390,5434
2025-12-04,MAT_13,320,5114
2025-12-05,MAT_13,322,4792
2025-12-06,MAT_13,312,4480
2025-12-07,MAT_13,256,4224
2025-12-08,MAT_13,370,3854
2025-12-09,MAT_13,428,3426
2025-12-10,MAT_13,442,2984
2025-12-11,MAT_13,403,2581
2025-12-12,MAT_13,288,8191
2025-12-13,MAT_13,301,7890
2025-12-14,MAT_13,333,7557
2025-12-15,MAT_13,424,7133
2025-12-16,MAT_13,414,6719
2025-12-17,MAT_13,444,6275
2025-12-18,MAT_13,360,5915
2025-12-19,MAT_13,302,5613
2025-12-20,MAT_13,267,5346
2025-12-21,MAT_13,314,5032
2025-12-22,MAT_13,459,4573
2025-12-23,MAT_13,410,4163
2025-12-24,MAT_13,453,3710
2025-12-25,MAT_13,431,3279
2025-12-26,MAT_13,316,2963
2025-12-27,MAT_13,312,2651
2025-12-28,MAT_13,367,2284
2025-12-29,MAT_13,407,7775
2025-12-30,MAT_13,359,7416
2024-01-01,MAT_14,127,1127
2024-01-02,MAT_14,127,1000
2024-01-03,MAT_14,132,868
2024-01-04,MAT_14,134,734
2024-01-05,MAT_14,132,602
2024-01-06,MAT_14,102,500
2024-01-07,MAT_14,123,377
2024-01-08,MAT_14,106,271
2024-01-09,MAT_14,139,1924
2024-01-10,MAT_14,135,1789
2024-01-11,MAT_14,136,1653
2024-01-12,MAT_14,114,1539
2024-01-13,MAT_14,92,1447
2024-01-14,MAT_14,101,1346
2024-01-15,MAT_14,107,1239
2024-01-16,MAT_14,125,1114
2024-01-17,MAT_14,151,963
2024-01-18,MAT_14,133,830
2024-01-19,MAT_14,124,706
2024-01-20,MAT_14,133,573
2024-01-21,MAT_14,112,461
2024-01-22,MAT_14,138,323
2024-01-23,MAT_14,145,178
2024-01-24,MAT_14,181,1789
2024-01-25,MAT_14,103,1686
2024-01-26,MAT_14,116,1570
2024-01-27,MAT_14,123,1447
2024-01-28,MAT_14,110,1337
2024-01-29,MAT_14,140,1197
2024-01-30,MAT_14,147,1050
2024-01-31,MAT_14,162,888
2024-02-01,MAT_14,129,759
2024-02-02,MAT_14,129,630
2024-02-03,MAT_14,124,506
2024-02-04,MAT_14,124,382
2024-02-05,MAT_14,138,244
2024-02-06,MAT_14,165,1871
2024-02-07,MAT_14,135,1736
2024-02-08,MAT_14,147,1589
2024-02-09,MAT_14,116,1473
2024-02-10,MAT_14,130,1343
2024-02-11,MAT_14,115,1228
2024-02-12,MAT_14,110,1118
2024-02-13,MAT_14,163,955
2024-02-14,MAT_14,154,801
2024-02-15,MAT_14,152,649
2024-02-16,MAT_14,150,499
2024-02-17,MAT_14,128,371
2024-02-18,MAT_14,129,242
2024-02-19,MAT_14,141,1893
2024-02-20,MAT_14,142,1751
2024-02-21,MAT_14,157,1594
2024-02-22,MAT_14,174,1420
2024-02-23,MAT_14,131,1289
2024-02-24,MAT_14,124,1165
2024-02-25,MAT_14,145,1020
2024-02-26,MAT_14,126,894
2024-02-27,MAT_14,166,728
2024-02-28,MAT_14,143,585
2024-02-29,MAT_14,157,428
2024-03-01,MAT_14,137,291
2024-03-02,MAT_14,135,156
2024-03-03,MAT_14,120,1828
2024-03-04,MAT_14,139,1689
2024-03-05,MAT_14,168,1521
2024-03-06,MAT_14,158,1363
2024-03-07,MAT_14,378,985
2024-03-08,MAT_14,327,658
2024-03-09,MAT_14,287,371
2024-03-10,MAT_14,299,72
2024-03-11,MAT_14,341,0
2024-03-12,MAT_14,368,1424
2024-03-13,MAT_14,402,1022
2024-03-14,MAT_14,350,672
2024-03-15,MAT_14,133,539
2024-03-16,MAT_14,405,134
2024-03-17,MAT_14,370,0
2024-03-18,MAT_14,406,0
2024-03-19,MAT_14,380,1412
2024-03-20,MAT_14,440,972
2024-03-21,MAT_14,419,553
2024-03-22,MAT_14,385,168
2024-03-23,MAT_14,351,0
2024-03-24,MAT_14,147,0
2024-03-25,MAT_14,140,1652
2024-03-26,MAT_14,155,1497
2024-03-27,MAT_14,169,1328
2024-03-28,MAT_14,144,1184
2024-03-29,MAT_14,160,1024
2024-03-30,MAT_14,141,883
2024-03-31,MAT_14,121,762
2024-04-01,MAT_14,161,601
2024-04-02,MAT_14,178,423
2024-04-03,MAT_14,153,270
2024-04-04,MAT_14,143,127
2024-04-05,MAT_14,134,1785
2024-04-06,MAT_14,115,1670
2024-04-07,MAT_14,126,1544
2024-04-08,MAT_14,144,1400
2024-04-09,MAT_14,169,1231
2024-04-10,MAT_14,167,1064
2024-04-11,MAT_14,155,909
2024-04-12,MAT_14,135,774
2024-04-13,MAT_14,116,658
2024-04-14,MAT_14,142,516
2024-04-15,MAT_14,155,361
2024-04-16,MAT_14,155,206
2024-04-17,MAT_14,153,1845
2024-04-18,MAT_14,174,1671
2024-04-19,MAT_14,143,1528
2024-04-20,MAT_14,135,1393
2024-04-21,MAT_14,139,1254
2024-04-22,MAT_14,133,1121
2024-04-23,MAT_14,179,942
2024-04-24,MAT_14,160,782
2024-04-25,MAT_14,164,618
2024-04-26,MAT_14,156,462
2024-04-27,MAT_14,130,332
2024-04-28,MAT_14,118,214
2024-04-29,MAT_14,116,1890
2024-04-30,MAT_14,159,1731
2024-05-01,MAT_14,166,1565
2024-05-02,MAT_14,146,1419
2024-05-03,MAT_14,139,1280
2024-05-04,MAT_14,132,1148
2024-05-05,MAT_14,142,1006
2024-05-06,MAT_14,141,865
2024-05-07,MAT_14,157,708
2024-05-08,MAT_14,159,549
2024-05-09,MAT_14,151,398
2024-05-10,MAT_14,129,269
2024-05-11,MAT_14,119,150
2024-05-12,MAT_14,123,1819
2024-05-13,MAT_14,144,1675
2024-05-14,MAT_14,145,1530
2024-05-15,MAT_14,153,1377
2024-05-16,MAT_14,170,1207
2024-05-17,MAT_14,143,1064
2024-05-18,MAT_14,111,953
2024-05-19,MAT_14,136,817
2024-05-20,MAT_14,147,670
2024-05-21,MAT_14,152,518
2024-05-22,MAT_14,148,370
2024-05-23,MAT_14,136,234
2024-05-24,MAT_14,133,1893
2024-05-25,MAT_14,110,1783
2024-05-26,MAT_14,136,1647
2024-05-27,MAT_14,153,1494
2024-05-28,MAT_14,150,1344
2024-05-29,MAT_14,167,1177
2024-05-30,MAT_14,138,1039
2024-05-31,MAT_14,119,920
2024-06-01,MAT_14,130,790
2024-06-02,MAT_14,139,651
2024-06-03,MAT_14,157,494
2024-06-04,MAT_14,151,343
2024-06-05,MAT_14,160,183
2024-06-06,MAT_14,144,1831
2024-06-07,MAT_14,141,1690
2024-06-08,MAT_14,119,1571
2024-06-09,MAT_14,126,1445
2024-06-10,MAT_14,117,1328
2024-06-11,MAT_14,141,1187
2024-06-12,MAT_14,156,1031
2024-06-13,MAT_14,145,886
2024-06-14,MAT_14,131,755
2024-06-15,MAT_14,112,643
2024-06-16,MAT_14,106,537
2024-06-17,MAT_14,126,411
2024-06-18,MAT_14,141,270
2024-06-19,MAT_14,146,1916
2024-06-20,MAT_14,122,1794
2024-06-21,MAT_14,114,1680
2024-06-22,MAT_14,106,1574
2024-06-23,MAT_14,83,1491
2024-06-24,MAT_14,133,1358
2024-06-25,MAT_14,139,1219
2024-06-26,MAT_14,143,1076
2024-06-27,MAT_14,123,953
2024-06-28,MAT_14,120,833
2024-06-29,MAT_14,93,740
2024-06-30,MAT_14,98,642
2024-07-01,MAT_14,127,515
2024-07-02,MAT_14,137,378
2024-07-03,MAT_14,121,257
2024-07-04,MAT_14,145,1904
2024-07-05,MAT_14,101,1803
2024-07-06,MAT_14,98,1705
2024-07-07,MAT_14,123,1582
2024-07-08,MAT_14,92,1490
2024-07-09,MAT_14,109,1381
2024-07-10,MAT_14,138,1243
2024-07-11,MAT_14,93,1150
2024-07-12,MAT_14,82,1068
2024-07-13,MAT_14,110,958
2024-07-14,MAT_14,94,864
2024-07-15,MAT_14,139,725
2024-07-16,MAT_14,114,611
2024-07-17,MAT_14,125,486
2024-07-18,MAT_14,125,361
2024-07-19,MAT_14,108,253
2024-07-20,MAT_14,212,1833
2024-07-21,MAT_14,208,1625
2024-07-22,MAT_14,265,1360
2024-07-23,MAT_14,329,1031
2024-07-24,MAT_14,319,712
2024-07-25,MAT_14,255,457
2024-07-26,MAT_14,207,250
2024-07-27,MAT_14,81,169
2024-07-28,MAT_14,77,1884
2024-07-29,MAT_14,108,1776
2024-07-30,MAT_14,129,1647
2024-07-31,MAT_14,122,1525
2024-08-01,MAT_14,133,1392
2024-08-02,MAT_14,117,1275
2024-08-03,MAT_14,90,1185
2024-08-04,MAT_14,98,1087
2024-08-05,MAT_14,92,995
2024-08-06,MAT_14,112,883
2024-08-07,MAT_14,135,748
2024-08-08,MAT_14,102,646
2024-08-09,MAT_14,111,535
2024-08-10,MAT_14,96,439
2024-08-11,MAT_14,95,344
2024-08-12,MAT_14,86,2050
2024-08-13,MAT_14,110,1940
2024-08-14,MAT_14,124,1816
2024-08-15,MAT_14,95,1721
2024-08-16,MAT_14,88,1633
2024-08-17,MAT_14,90,1543
2024-08-18,MAT_14,77,1466
2024-08-19,MAT_14,87,1379
2024-08-20,MAT_14,89,1290
2024-08-21,MAT_14,109,1181
2024-08-22,MAT_14,113,1068
2024-08-23,MAT_14,78,990
2024-08-24,MAT_14,78,912
2024-08-25,MAT_14,79,833
2024-08-26,MAT_14,87,746
2024-08-27,MAT_14,119,627
2024-08-28,MAT_14,132,495
2024-08-29,MAT_14,114,381
2024-08-30,MAT_14,78,303
2024-08-31,MAT_14,100,1995
2024-09-01,MAT_14,91,1904
2024-09-02,MAT_14,88,1816
2024-09-03,MAT_14,98,1718
2024-09-04,MAT_14,124,1594
2024-09-05,MAT_14,102,1492
2024-09-06,MAT_14,74,1418
2024-09-07,MAT_14,73,1345
2024-09-08,MAT_14,73,1272
2024-09-09,MAT_14,82,1190
2024-09-10,MAT_14,118,1072
2024-09-11,MAT_14,118,954
2024-09-12,MAT_14,109,845
2024-09-13,MAT_14,93,752
2024-09-14,MAT_14,62,690
2024-09-15,MAT_14,69,621
2024-09-16,MAT_14,108,513
2024-09-17,MAT_14,106,407
2024-09-18,MAT_14,90,317
2024-09-19,MAT_14,101,2008
2024-09-20,MAT_14,90,1918
2024-09-21,MAT_14,79,1839
2024-09-22,MAT_14,65,1774
2024-09-23,MAT_14,112,1662
2024-09-24,MAT_14,86,1576
2024-09-25,MAT_14,109,1467
2024-09-26,MAT_14,118,1349
2024-09-27,MAT_14,89,1260
2024-09-28,MAT_14,82,1178
2024-09-29,MAT_14,63,1115
2024-09-30,MAT_14,94,1021
2024-10-01,MAT_14,103,918
2024-10-02,MAT_14,94,824
2024-10-03,MAT_14,108,716
2024-10-04,MAT_14,72,644
2024-10-05,MAT_14,64,580
2024-10-06,MAT_14,81,499
2024-10-07,MAT_14,88,411
2024-10-08,MAT_14,106,305
2024-10-09,MAT_14,105,1992
2024-10-10,MAT_14,115,1877
2024-10-11,MAT_14,71,1806
2024-10-12,MAT_14,67,1739
2024-10-13,MAT_14,82,1657
2024-10-14,MAT_14,79,1578
2024-10-15,MAT_14,92,1486
2024-10-16,MAT_14,110,1376
2024-10-17,MAT_14,109,1267
2024-10-18,MAT_14,95,1172
2024-10-19,MAT_14,75,1097
2024-10-20,MAT_14,69,1028
2024-10-21,MAT_14,95,933
2024-10-22,MAT_14,112,821
2024-10-23,MAT_14,112,709
2024-10-24,MAT_14,114,595
2024-10-25,MAT_14,72,523
2024-10-26,MAT_14,67,456
2024-10-27,MAT_14,92,364
2024-10-28,MAT_14,75,2081
2024-10-29,MAT_14,101,1980
2024-10-30,MAT_14,102,1878
2024-10-31,MAT_14,83,1795
2024-11-01,MAT_14,84,1711
2024-11-02,MAT_14,86,1625
2024-11-03,MAT_14,82,1543
2024-11-04,MAT_14,104,1439
2024-11-05,MAT_14,123,1316
2024-11-06,MAT_14,108,1208
2024-11-07,MAT_14,135,1073
2024-11-08,MAT_14,84,989
2024-11-09,MAT_14,76,913
2024-11-10,MAT_14,74,839
2024-11-11,MAT_14,103,736
2024-11-12,MAT_14,108,628
2024-11-13,MAT_14,114,514
2024-11-14,MAT_14,103,411
2024-11-15,MAT_14,88,323
2024-11-16,MAT_14,83,2032
2024-11-17,MAT_14,80,1952
2024-11-18,MAT_14,94,1858
2024-11-19,MAT_14,127,1731
2024-11-20,MAT_14,114,1617
2024-11-21,MAT_14,113,1504
2024-11-22,MAT_14,82,1422
2024-11-23,MAT_14,79,1343
2024-11-24,MAT_14,73,1270
2024-11-25,MAT_14,124,1146
2024-11-26,MAT_14,133,1013
2024-11-27,MAT_14,128,885
2024-11-28,MAT_14,137,748
2024-11-29,MAT_14,105,643
2024-11-30,MAT_14,85,558
2024-12-01,MAT_14,95,463
2024-12-02,MAT_14,121,342
2024-12-03,MAT_14,109,233
2024-12-04,MAT_14,110,1915
2024-12-05,MAT_14,119,1796
2024-12-06,MAT_14,92,1704
2024-12-07,MAT_14,63,1641
2024-12-08,MAT_14,79,1562
2024-12-09,MAT_14,105,1457
2024-12-10,MAT_14,123,1334
2024-12-11,MAT_14,128,1206
2024-12-12,MAT_14,142,1064
2024-12-13,MAT_14,100,964
2024-12-14,MAT_14,97,867
2024-12-15,MAT_14,78,789
2024-12-16,MAT_14,111,678
2024-12-17,MAT_14,130,548
2024-12-18,MAT_14,114,434
2024-12-19,MAT_14,110,324
2024-12-20,MAT_14,112,212
2024-12-21,MAT_14,90,1914
2024-12-22,MAT_14,100,1814
2024-12-23,MAT_14,122,1692
2024-12-24,MAT_14,154,1538
2024-12-25,MAT_14,131,1407
2024-12-26,MAT_14,146,1261
2024-12-27,MAT_14,86,1175
2024-12-28,MAT_14,102,1073
2024-12-29,MAT_14,100,973
2024-12-30,MAT_14,113,860
2024-12-31,MAT_14,141,719
2025-01-01,MAT_14,135,584
2025-01-02,MAT_14,104,480
2025-01-03,MAT_14,94,386
2025-01-04,MAT_14,113,273
2025-01-05,MAT_14,88,1977
2025-01-06,MAT_14,131,1846
2025-01-07,MAT_14,139,1707
2025-01-08,MAT_14,139,1568
2025-01-09,MAT_14,131,1437
2025-01-10,MAT_14,123,1314
2025-01-11,MAT_14,94,1220
2025-01-12,MAT_14,112,1108
2025-01-13,MAT_14,112,996
2025-01-14,MAT_14,143,853
2025-01-15,MAT_14,152,701
2025-01-16,MAT_14,137,564
2025-01-17,MAT_14,128,436
2025-01-18,MAT_14,103,333
2025-01-19,MAT_14,114,219
2025-01-20,MAT_14,127,1884
2025-01-21,MAT_14,140,1744
2025-01-22,MAT_14,138,1606
2025-01-23,MAT_14,134,1472
2025-01-24,MAT_14,110,1362
2025-01-25,MAT_14,94,1268
2025-01-26,MAT_14,110,1158
2025-01-27,MAT_14,140,1018
2025-01-28,MAT_14,150,868
2025-01-29,MAT_14,136,732
2025-01-30,MAT_14,137,595
2025-01-31,MAT_14,135,460
2025-02-01,MAT_14,112,348
2025-02-02,MAT_14,105,243
2025-02-03,MAT_14,163,1872
2025-02-04,MAT_14,148,1724
2025-02-05,MAT_14,140,1584
2025-02-06,MAT_14,147,1437
2025-02-07,MAT_14,129,1308
2025-02-08,MAT_14,102,1206
2025-02-09,MAT_14,126,1080
2025-02-10,MAT_14,151,929
2025-02-11,MAT_14,150,779
2025-02-12,MAT_14,132,647
2025-02-13,MAT_14,152,495
2025-02-14,MAT_14,140,355
2025-02-15,MAT_14,116,239
2025-02-16,MAT_14,120,1911
2025-02-17,MAT_14,168,1743
2025-02-18,MAT_14,148,1595
2025-02-19,MAT_14,146,1449
2025-02-20,MAT_14,151,1298
2025-02-21,MAT_14,142,1156
2025-02-22,MAT_14,132,1024
2025-02-23,MAT_14,100,924
2025-02-24,MAT_14,136,788
2025-02-25,MAT_14,172,616
2025-02-26,MAT_14,166,450
2025-02-27,MAT_14,138,312
2025-02-28,MAT_14,152,160
2025-03-01,MAT_14,139,1813
2025-03-02,MAT_14,128,1685
2025-03-03,MAT_14,156,1529
2025-03-04,MAT_14,184,1345
2025-03-05,MAT_14,151,1194
2025-03-06,MAT_14,161,1033
2025-03-07,MAT_14,162,871
2025-03-08,MAT_14,137,734
2025-03-09,MAT_14,124,610
2025-03-10,MAT_14,150,460
2025-03-11,MAT_14,178,282
2025-03-12,MAT_14,153,129
2025-03-13,MAT_14,155,1766
2025-03-14,MAT_14,137,1629
2025-03-15,MAT_14,123,1506
2025-03-16,MAT_14,137,1369
2025-03-17,MAT_14,147,1222
2025-03-18,MAT_14,170,1052
2025-03-19,MAT_14,180,872
2025-03-20,MAT_14,141,731
2025-03-21,MAT_14,142,589
2025-03-22,MAT_14,131,458
2025-03-23,MAT_14,137,321
2025-03-24,MAT_14,149,172
2025-03-25,MAT_14,151,1813
2025-03-26,MAT_14,184,1629
2025-03-27,MAT_14,179,1450
2025-03-28,MAT_14,148,1302
2025-03-29,MAT_14,139,1163
2025-03-30,MAT_14,137,1026
2025-03-31,MAT_14,161,865
2025-04-01,MAT_14,134,731
2025-04-02,MAT_14,167,564
2025-04-03,MAT_14,150,414
2025-04-04,MAT_14,143,271
2025-04-05,MAT_14,145,126
2025-04-06,MAT_14,135,1783
2025-04-07,MAT_14,145,1638
2025-04-08,MAT_14,146,1492
2025-04-09,MAT_14,165,1327
2025-04-10,MAT_14,165,1162
2025-04-11,MAT_14,131,1031
2025-04-12,MAT_14,107,924
2025-04-13,MAT_14,162,762
2025-04-14,MAT_14,153,609
2025-04-15,MAT_14,160,449
2025-04-16,MAT_14,182,267
2025-04-17,MAT_14,158,109
2025-04-18,MAT_14,156,1745
2025-04-19,MAT_14,145,1600
2025-04-20,MAT_14,119,1481
2025-04-21,MAT_14,153,1328
2025-04-22,MAT_14,182,1146
2025-04-23,MAT_14,153,993
2025-04-24,MAT_14,143,850
2025-04-25,MAT_14,129,721
2025-04-26,MAT_14,140,581
2025-04-27,MAT_14,136,445
2025-04-28,MAT_14,123,322
2025-04-29,MAT_14,164,158
2025-04-30,MAT_14,160,1790
2025-05-01,MAT_14,152,1638
2025-05-02,MAT_14,127,1511
2025-05-03,MAT_14,132,1379
2025-05-04,MAT_14,143,1236
2025-05-05,MAT_14,137,1099
2025-05-06,MAT_14,138,961
2025-05-07,MAT_14,158,803
2025-05-08,MAT_14,160,643
2025-05-09,MAT_14,130,513
2025-05-10,MAT_14,108,405
2025-05-11,MAT_14,138,267
2025-05-12,MAT_14,159,1900
2025-05-13,MAT_14,156,1744
2025-05-14,MAT_14,140,1604
2025-05-15,MAT_14,145,1459
2025-05-16,MAT_14,135,1324
2025-05-17,MAT_14,113,1211
2025-05-18,MAT_14,133,1078
2025-05-19,MAT_14,129,949
2025-05-20,MAT_14,154,795
2025-05-21,MAT_14,154,641
2025-05-22,MAT_14,154,487
2025-05-23,MAT_14,130,357
2025-05-24,MAT_14,118,239
2025-05-25,MAT_14,114,1917
2025-05-26,MAT_14,137,1780
2025-05-27,MAT_14,147,1633
2025-05-28,MAT_14,143,1490
2025-05-29,MAT_14,145,1345
2025-05-30,MAT_14,132,1213
2025-05-31,MAT_14,113,1100
2025-06-01,MAT_14,132,968
2025-06-02,MAT_14,137,831
2025-06-03,MAT_14,132,699
2025-06-04,MAT_14,167,532
2025-06-05,MAT_14,150,382
2025-06-06,MAT_14,136,246
2025-06-07,MAT_14,119,1919
2025-06-08,MAT_14,89,1830
2025-06-09,MAT_14,144,1686
2025-06-10,MAT_14,145,1541
2025-06-11,MAT_14,151,1390
2025-06-12,MAT_14,144,1246
2025-06-13,MAT_14,144,1102
2025-06-14,MAT_14,104,998
2025-06-15,MAT_14,108,890
2025-06-16,MAT_14,117,773
2025-06-17,MAT_14,128,645
2025-06-18,MAT_14,131,514
2025-06-19,MAT_14,111,403
2025-06-20,MAT_14,123,280
2025-06-21,MAT_14,131,1941
2025-06-22,MAT_14,135,1806
2025-06-23,MAT_14,114,1692
2025-06-24,MAT_14,134,1558
2025-06-25,MAT_14,155,1403
2025-06-26,MAT_14,135,1268
2025-06-27,MAT_14,116,1152
2025-06-28,MAT_14,101,1051
2025-06-29,MAT_14,121,930
2025-06-30,MAT_14,107,823
2025-07-01,MAT_14,139,684
2025-07-02,MAT_14,141,543
2025-07-03,MAT_14,127,416
2025-07-04,MAT_14,120,296
2025-07-05,MAT_14,101,195
2025-07-06,MAT_14,97,1890
2025-07-07,MAT_14,118,1772
2025-07-08,MAT_14,111,1661
2025-07-09,MAT_14,140,1521
2025-07-10,MAT_14,133,1388
2025-07-11,MAT_14,99,1289
2025-07-12,MAT_14,86,1203
2025-07-13,MAT_14,92,1111
2025-07-14,MAT_14,112,999
2025-07-15,MAT_14,129,870
2025-07-16,MAT_14,149,721
2025-07-17,MAT_14,137,584
2025-07-18,MAT_14,113,471
2025-07-19,MAT_14,95,376
2025-07-20,MAT_14,85,291
2025-07-21,MAT_14,130,1953
2025-07-22,MAT_14,120,1833
2025-07-23,MAT_14,129,1704
2025-07-24,MAT_14,123,1581
2025-07-25,MAT_14,101,1480
2025-07-26,MAT_14,104,1376
2025-07-27,MAT_14,98,1278
2025-07-28,MAT_14,118,1160
2025-07-29,MAT_14,125,1035
2025-07-30,MAT_14,122,913
2025-07-31,MAT_14,114,799
2025-08-01,MAT_14,96,703
2025-08-02,MAT_14,71,632
2025-08-03,MAT_14,78,554
2025-08-04,MAT_14,112,442
2025-08-05,MAT_14,102,340
2025-08-06,MAT_14,115,225
2025-08-07,MAT_14,97,1920
2025-08-08,MAT_14,88,1832
2025-08-09,MAT_14,82,1750
2025-08-10,MAT_14,82,1668
2025-08-11,MAT_14,83,1585
2025-08-12,MAT_14,112,1473
2025-08-13,MAT_14,106,1367
2025-08-14,MAT_14,99,1268
2025-08-15,MAT_14,100,1168
2025-08-16,MAT_14,92,1076
2025-08-17,MAT_14,68,1008
2025-08-18,MAT_14,116,892
2025-08-19,MAT_14,105,787
2025-08-20,MAT_14,107,680
2025-08-21,MAT_14,94,586
2025-08-22,MAT_14,89,497
2025-08-23,MAT_14,102,395
2025-08-24,MAT_14,63,332
2025-08-25,MAT_14,71,2053
2025-08-26,MAT_14,112,1941
2025-08-27,MAT_14,119,1822
2025-08-28,MAT_14,103,1719
2025-08-29,MAT_14,94,1625
2025-08-30,MAT_14,63,1562
2025-08-31,MAT_14,68,1494
2025-09-01,MAT_14,95,1399
2025-09-02,MAT_14,128,1271
2025-09-03,MAT_14,117,1154
2025-09-04,MAT_14,108,1046
2025-09-05,MAT_14,72,974
2025-09-06,MAT_14,80,894
2025-09-07,MAT_14,64,830
2025-09-08,MAT_14,113,717
2025-09-09,MAT_14,94,623
2025-09-10,MAT_14,99,524
2025-09-11,MAT_14,81,443
2025-09-12,MAT_14,84,359
2025-09-13,MAT_14,74,2077
2025-09-14,MAT_14,95,1982
2025-09-15,MAT_14,100,1882
2025-09-16,MAT_14,95,1787
2025-09-17,MAT_14,118,1669
2025-09-18,MAT_14,83,1586
2025-09-19,MAT_14,74,1512
2025-09-20,MAT_14,74,1438
2025-09-21,MAT_14,62,1376
2025-09-22,MAT_14,103,1273
2025-09-23,MAT_14,131,1142
2025-09-24,MAT_14,104,1038
2025-09-25,MAT_14,90,948
2025-09-26,MAT_14,80,868
2025-09-27,MAT_14,66,802
2025-09-28,MAT_14,79,723
2025-09-29,MAT_14,74,649
2025-09-30,MAT_14,107,542
2025-10-01,MAT_14,130,412
2025-10-02,MAT_14,73,339
2025-10-03,MAT_14,68,271
2025-10-04,MAT_14,67,204
2025-10-05,MAT_14,82,122
2025-10-06,MAT_14,100,22
2025-10-07,MAT_14,113,0
2025-10-08,MAT_14,87,0
2025-10-09,MAT_14,90,0
2025-10-10,MAT_14,71,0
2025-10-11,MAT_14,72,1720
2025-10-12,MAT_14,76,1644
2025-10-13,MAT_14,74,1570
2025-10-14,MAT_14,99,1471
2025-10-15,MAT_14,115,1356
2025-10-16,MAT_14,91,1265
2025-10-17,MAT_14,81,1184
2025-10-18,MAT_14,94,1090
2025-10-19,MAT_14,101,989
2025-10-20,MAT_14,65,924
2025-10-21,MAT_14,107,817
2025-10-22,MAT_14,144,673
2025-10-23,MAT_14,105,568
2025-10-24,MAT_14,84,484
2025-10-25,MAT_14,90,394
2025-10-26,MAT_14,81,313
2025-10-27,MAT_14,101,2004
2025-10-28,MAT_14,104,1900
2025-10-29,MAT_14,113,1787
2025-10-30,MAT_14,106,1681
2025-10-31,MAT_14,96,1585
2025-11-01,MAT_14,71,1514
2025-11-02,MAT_14,75,1439
2025-11-03,MAT_14,71,1368
2025-11-04,MAT_14,104,1264
2025-11-05,MAT_14,124,1140
2025-11-06,MAT_14,109,1031
2025-11-07,MAT_14,76,955
2025-11-08,MAT_14,56,899
2025-11-09,MAT_14,80,819
2025-11-10,MAT_14,108,711
2025-11-11,MAT_14,105,606
2025-11-12,MAT_14,97,509
2025-11-13,MAT_14,98,411
2025-11-14,MAT_14,94,317
2025-11-15,MAT_14,96,2013
2025-11-16,MAT_14,81,1932
2025-11-17,MAT_14,112,1820
2025-11-18,MAT_14,125,1695
2025-11-19,MAT_14,103,1592
2025-11-20,MAT_14,123,1469
2025-11-21,MAT_14,96,1373
2025-11-22,MAT_14,69,1304
2025-11-23,MAT_14,108,1196
2025-11-24,MAT_14,100,1096
2025-11-25,MAT_14,93,1003
2025-11-26,MAT_14,112,891
2025-11-27,MAT_14,99,792
2025-11-28,MAT_14,87,705
2025-11-29,MAT_14,81,624
2025-11-30,MAT_14,87,537
2025-12-01,MAT_14,101,436
2025-12-02,MAT_14,118,318
2025-12-03,MAT_14,130,1980
2025-12-04,MAT_14,105,1875
2025-12-05,MAT_14,113,1762
2025-12-06,MAT_14,75,1687
2025-12-07,MAT_14,101,1586
2025-12-08,MAT_14,128,1458
2025-12-09,MAT_14,120,1338
2025-12-10,MAT_14,129,1209
2025-12-11,MAT_14,106,1103
2025-12-12,MAT_14,96,1007
2025-12-13,MAT_14,112,895
2025-12-14,MAT_14,106,789
2025-12-15,MAT_14,116,673
2025-12-16,MAT_14,103,570
2025-12-17,MAT_14,121,449
2025-12-18,MAT_14,141,308
2025-12-19,MAT_14,110,198
2025-12-20,MAT_14,103,1887
2025-12-21,MAT_14,102,1785
2025-12-22,MAT_14,108,1677
2025-12-23,MAT_14,133,1544
2025-12-24,MAT_14,115,1429
2025-12-25,MAT_14,105,1324
2025-12-26,MAT_14,100,1224
2025-12-27,MAT_14,102,1122
2025-12-28,MAT_14,85,1037
2025-12-29,MAT_14,120,917
2025-12-30,MAT_14,121,796
2024-01-01,MAT_15,715,23931
2024-01-02,MAT_15,979,22952
2024-01-03,MAT_15,906,22046
2024-01-04,MAT_15,773,21273
2024-01-05,MAT_15,760,20513
2024-01-06,MAT_15,570,19943
2024-01-07,MAT_15,741,19202
2024-01-08,MAT_15,893,18309
2024-01-09,MAT_15,953,17356
2024-01-10,MAT_15,1096,16260
2024-01-11,MAT_15,715,15545
2024-01-12,MAT_15,778,14767
2024-01-13,MAT_15,603,14164
2024-01-14,MAT_15,721,13443
2024-01-15,MAT_15,829,12614
2024-01-16,MAT_15,1102,11512
2024-01-17,MAT_15,945,10567
2024-01-18,MAT_15,884,9683
2024-01-19,MAT_15,870,8813
2024-01-20,MAT_15,727,8086
2024-01-21,MAT_15,900,7186
2024-01-22,MAT_15,904,6282
2024-01-23,MAT_15,1011,5271
2024-01-24,MAT_15,826,4445
2024-01-25,MAT_15,1067,3378
2024-01-26,MAT_15,762,2616
2024-01-27,MAT_15,752,13600
2024-01-28,MAT_15,727,12873
2024-01-29,MAT_15,793,12080
2024-01-30,MAT_15,874,11206
2024-01-31,MAT_15,1001,10205
2024-02-01,MAT_15,779,9426
2024-02-02,MAT_15,815,8611
2024-02-03,MAT_15,856,7755
2024-02-04,MAT_15,848,6907
2024-02-05,MAT_15,927,5980
2024-02-06,MAT_15,918,5062
2024-02-07,MAT_15,889,4173
2024-02-08,MAT_15,1034,3139
2024-02-09,MAT_15,818,14057
2024-02-10,MAT_15,786,13271
2024-02-11,MAT_15,802,12469
2024-02-12,MAT_15,964,11505
2024-02-13,MAT_15,1150,10355
2024-02-14,MAT_15,1146,9209
2024-02-15,MAT_15,788,8421
2024-02-16,MAT_15,847,7574
2024-02-17,MAT_15,704,6870
2024-02-18,MAT_15,908,5962
2024-02-19,MAT_15,929,5033
2024-02-20,MAT_15,1070,3963
2024-02-21,MAT_15,1016,2947
2024-02-22,MAT_15,905,13778
2024-02-23,MAT_15,818,12960
2024-02-24,MAT_15,705,12255
2024-02-25,MAT_15,751,11504
2024-02-26,MAT_15,828,10676
2024-02-27,MAT_15,956,9720
2024-02-28,MAT_15,976,8744
2024-02-29,MAT_15,1030,7714
2024-03-01,MAT_15,927,6787
2024-03-02,MAT_15,868,5919
2024-03-03,MAT_15,954,4965
2024-03-04,MAT_15,949,4016
2024-03-05,MAT_15,988,3028
2024-03-06,MAT_15,1246,1782
2024-03-07,MAT_15,1082,12436
2024-03-08,MAT_15,922,11514
2024-03-09,MAT_15,855,10659
2024-03-10,MAT_15,895,9764
2024-03-11,MAT_15,949,8815
2024-03-12,MAT_15,1068,7747
2024-03-13,MAT_15,1121,6626
2024-03-14,MAT_15,963,5663
2024-03-15,MAT_15,791,4872
2024-03-16,MAT_15,694,4178
2024-03-17,MAT_15,949,3229
2024-03-18,MAT_15,848,2381
2024-03-19,MAT_15,1101,13016
2024-03-20,MAT_15,998,12018
2024-03-21,MAT_15,936,11082
2024-03-22,MAT_15,868,10214
2024-03-23,MAT_15,876,9338
2024-03-24,MAT_15,783,8555
2024-03-25,MAT_15,928,7627
2024-03-26,MAT_15,1067,6560
2024-03-27,MAT_15,997,5563
2024-03-28,MAT_15,1140,4423
2024-03-29,MAT_15,792,3631
2024-03-30,MAT_15,846,2785
2024-03-31,MAT_15,986,13535
2024-04-01,MAT_15,874,12661
2024-04-02,MAT_15,1061,11600
2024-04-03,MAT_15,1103,10497
2024-04-04,MAT_15,966,9531
2024-04-05,MAT_15,921,8610
2024-04-06,MAT_15,907,7703
2024-04-07,MAT_15,849,6854
2024-04-08,MAT_15,1036,5818
2024-04-09,MAT_15,1099,4719
2024-04-10,MAT_15,1045,3674
2024-04-11,MAT_15,1114,2560
2024-04-12,MAT_15,866,13430
2024-04-13,MAT_15,927,12503
2024-04-14,MAT_15,825,11678
2024-04-15,MAT_15,948,10730
2024-04-16,MAT_15,1051,9679
2024-04-17,MAT_15,1112,8567
2024-04-18,MAT_15,832,7735
2024-04-19,MAT_15,954,6781
2024-04-20,MAT_15,845,5936
2024-04-21,MAT_15,897,5039
2024-04-22,MAT_15,1005,4034
2024-04-23,MAT_15,1087,2947
2024-04-24,MAT_15,921,2026
2024-04-25,MAT_15,930,12832
2024-04-26,MAT_15,936,11896
2024-04-27,MAT_15,860,11036
2024-04-28,MAT_15,804,10232
2024-04-29,MAT_15,1014,9218
2024-04-30,MAT_15,1026,8192
2024-05-01,MAT_15,1137,7055
2024-05-02,MAT_15,1097,5958
2024-05-03,MAT_15,920,5038
2024-05-04,MAT_15,877,4161
2024-05-05,MAT_15,807,3354
2024-05-06,MAT_15,1014,2340
2024-05-07,MAT_15,1051,13025
2024-05-08,MAT_15,1032,11993
2024-05-09,MAT_15,894,11099
2024-05-10,MAT_15,847,10252
2024-05-11,MAT_15,733,9519
2024-05-12,MAT_15,900,8619
2024-05-13,MAT_15,1025,7594
2024-05-14,MAT_15,1091,6503
2024-05-15,MAT_15,1234,5269
2024-05-16,MAT_15,938,4331
2024-05-17,MAT_15,916,3415
2024-05-18,MAT_15,711,2704
2024-05-19,MAT_15,808,13632
2024-05-20,MAT_15,797,12835
2024-05-21,MAT_15,1047,11788
2024-05-22,MAT_15,995,10793
2024-05-23,MAT_15,796,9997
2024-05-24,MAT_15,798,9199
2024-05-25,MAT_15,926,8273
2024-05-26,MAT_15,838,7435
2024-05-27,MAT_15,955,6480
2024-05-28,MAT_15,993,5487
2024-05-29,MAT_15,989,4498
2024-05-30,MAT_15,938,3560
2024-05-31,MAT_15,852,2708
2024-06-01,MAT_15,680,13764
2024-06-02,MAT_15,845,12919
2024-06-03,MAT_15,962,11957
2024-06-04,MAT_15,948,11009
2024-06-05,MAT_15,942,10067
2024-06-06,MAT_15,858,9209
2024-06-07,MAT_15,949,8260
2024-06-08,MAT_15,710,7550
2024-06-09,MAT_15,816,6734
2024-06-10,MAT_15,838,5896
2024-06-11,MAT_15,923,4973
2024-06-12,MAT_15,901,4072
2024-06-13,MAT_15,819,3253
2024-06-14,MAT_15,847,14142
2024-06-15,MAT_15,645,13497
2024-06-16,MAT_15,778,12719
2024-06-17,MAT_15,838,11881
2024-06-18,MAT_15,978,10903
2024-06-19,MAT_15,891,10012
2024-06-20,MAT_15,956,9056
2024-06-21,MAT_15,756,8300
2024-06-22,MAT_15,903,7397
2024-06-23,MAT_15,593,6804
2024-06-24,MAT_15,998,5806
2024-06-25,MAT_15,886,4920
2024-06-26,MAT_15,933,3987
2024-06-27,MAT_15,801,3186
2024-06-28,MAT_15,621,14301
2024-06-29,MAT_15,635,13666
2024-06-30,MAT_15,667,12999
2024-07-01,MAT_15,798,12201
2024-07-02,MAT_15,960,11241
2024-07-03,MAT_15,907,10334
2024-07-04,MAT_15,841,9493
2024-07-05,MAT_15,750,8743
2024-07-06,MAT_15,516,8227
2024-07-07,MAT_15,542,7685
2024-07-08,MAT_15,643,7042
2024-07-09,MAT_15,1642,5400
2024-07-10,MAT_15,1446,3954
2024-07-11,MAT_15,1498,2456
2024-07-12,MAT_15,1181,13011
2024-07-13,MAT_15,1338,11673
2024-07-14,MAT_15,1369,10304
2024-07-15,MAT_15,714,9590
2024-07-16,MAT_15,677,8913
2024-07-17,MAT_15,827,8086
2024-07-18,MAT_15,804,7282
2024-07-19,MAT_15,737,6545
2024-07-20,MAT_15,744,5801
2024-07-21,MAT_15,714,5087
2024-07-22,MAT_15,728,4359
2024-07-23,MAT_15,781,15314
2024-07-24,MAT_15,765,14549
2024-07-25,MAT_15,862,13687
2024-07-26,MAT_15,664,13023
2024-07-27,MAT_15,634,12389
2024-07-28,MAT_15,558,11831
2024-07-29,MAT_15,596,11235
2024-07-30,MAT_15,751,10484
2024-07-31,MAT_15,778,9706
2024-08-01,MAT_15,750,8956
2024-08-02,MAT_15,573,8383
2024-08-03,MAT_15,566,7817
2024-08-04,MAT_15,676,7141
2024-08-05,MAT_15,542,6599
2024-08-06,MAT_15,596,6003
2024-08-07,MAT_15,879,5124
2024-08-08,MAT_15,601,16259
2024-08-09,MAT_15,581,15678
2024-08-10,MAT_15,593,15085
2024-08-11,MAT_15,560,14525
2024-08-12,MAT_15,649,13876
2024-08-13,MAT_15,749,13127
2024-08-14,MAT_15,961,12166
2024-08-15,MAT_15,837,11329
2024-08-16,MAT_15,539,10790
2024-08-17,MAT_15,610,10180
2024-08-18,MAT_15,587,9593
2024-08-19,MAT_15,636,8957
2024-08-20,MAT_15,656,8301
2024-08-21,MAT_15,783,7518
2024-08-22,MAT_15,658,6860
2024-08-23,MAT_15,548,6312
2024-08-24,MAT_15,452,5860
2024-08-25,MAT_15,611,5249
2024-08-26,MAT_15,563,16422
2024-08-27,MAT_15,653,15769
2024-08-28,MAT_15,794,14975
2024-08-29,MAT_15,657,14318
2024-08-30,MAT_15,555,13763
2024-08-31,MAT_15,580,13183
2024-09-01,MAT_15,623,12560
2024-09-02,MAT_15,444,12116
2024-09-03,MAT_15,690,11426
2024-09-04,MAT_15,611,10815
2024-09-05,MAT_15,626,10189
2024-09-06,MAT_15,553,9636
2024-09-07,MAT_15,461,9175
2024-09-08,MAT_15,430,8745
2024-09-09,MAT_15,516,8229
2024-09-10,MAT_15,748,7481
2024-09-11,MAT_15,833,6648
2024-09-12,MAT_15,487,6161
2024-09-13,MAT_15,519,5642
2024-09-14,MAT_15,538,16840
2024-09-15,MAT_15,500,16340
2024-09-16,MAT_15,506,15834
2024-09-17,MAT_15,647,15187
2024-09-18,MAT_15,730,14457
2024-09-19,MAT_15,618,13839
2024-09-20,MAT_15,535,13304
2024-09-21,MAT_15,474,12830
2024-09-22,MAT_15,456,12374
2024-09-23,MAT_15,652,11722
2024-09-24,MAT_15,643,11079
2024-09-25,MAT_15,624,10455
2024-09-26,MAT_15,813,9642
2024-09-27,MAT_15,530,9112
2024-09-28,MAT_15,269,8843
2024-09-29,MAT_15,593,8250
2024-09-30,MAT_15,685,7565
2024-10-01,MAT_15,714,6851
2024-10-02,MAT_15,751,6100
2024-10-03,MAT_15,807,5293
2024-10-04,MAT_15,461,16568
2024-10-05,MAT_15,483,16085
2024-10-06,MAT_15,650,15435
2024-10-07,MAT_15,759,14676
2024-10-08,MAT_15,651,14025
2024-10-09,MAT_15,860,13165
2024-10-10,MAT_15,703,12462
2024-10-11,MAT_15,656,11806
2024-10-12,MAT_15,536,11270
2024-10-13,MAT_15,523,10747
2024-10-14,MAT_15,765,9982
2024-10-15,MAT_15,643,9339
2024-10-16,MAT_15,857,8482
2024-10-17,MAT_15,807,7675
2024-10-18,MAT_15,651,7024
2024-10-19,MAT_15,476,6548
2024-10-20,MAT_15,525,6023
2024-10-21,MAT_15,499,5524
2024-10-22,MAT_15,656,4868
2024-10-23,MAT_15,764,15840
2024-10-24,MAT_15,542,15298
2024-10-25,MAT_15,529,14769
2024-10-26,MAT_15,643,14126
2024-10-27,MAT_15,503,13623
2024-10-28,MAT_15,689,12934
2024-10-29,MAT_15,746,12188
2024-10-30,MAT_15,701,11487
2024-10-31,MAT_15,652,10835
2024-11-01,MAT_15,577,10258
2024-11-02,MAT_15,341,9917
2024-11-03,MAT_15,600,9317
2024-11-04,MAT_15,611,8706
2024-11-05,MAT_15,790,7916
2024-11-06,MAT_15,768,7148
2024-11-07,MAT_15,664,6484
2024-11-08,MAT_15,592,5892
2024-11-09,MAT_15,531,5361
2024-11-10,MAT_15,656,16441
2024-11-11,MAT_15,639,15802
2024-11-12,MAT_15,751,15051
2024-11-13,MAT_15,654,14397
2024-11-14,MAT_15,688,13709
2024-11-15,MAT_15,706,13003
2024-11-16,MAT_15,565,12438
2024-11-17,MAT_15,472,11966
2024-11-18,MAT_15,574,11392
2024-11-19,MAT_15,687,10705
2024-11-20,MAT_15,848,9857
2024-11-21,MAT_15,778,9079
2024-11-22,MAT_15,340,8739
2024-11-23,MAT_15,543,8196
2024-11-24,MAT_15,586,7610
2024-11-25,MAT_15,594,7016
2024-11-26,MAT_15,733,6283
2024-11-27,MAT_15,893,5390
2024-11-28,MAT_15,760,4630
2024-11-29,MAT_15,590,15776
2024-11-30,MAT_15,554,15222
2024-12-01,MAT_15,576,14646
2024-12-02,MAT_15,711,13935
2024-12-03,MAT_15,672,13263
2024-12-04,MAT_15,757,12506
2024-12-05,MAT_15,830,11676
2024-12-06,MAT_15,644,11032
2024-12-07,MAT_15,523,10509
2024-12-08,MAT_15,552,9957
2024-12-09,MAT_15,766,9191
2024-12-10,MAT_15,764,8427
2024-12-11,MAT_15,871,7556
2024-12-12,MAT_15,721,6835
2024-12-13,MAT_15,583,6252
2024-12-14,MAT_15,631,5621
2024-12-15,MAT_15,630,4991
2024-12-16,MAT_15,786,15941
2024-12-17,MAT_15,897,15044
2024-12-18,MAT_15,825,14219
2024-12-19,MAT_15,821,13398
2024-12-20,MAT_15,664,12734
2024-12-21,MAT_15,684,12050
2024-12-22,MAT_15,679,11371
2024-12-23,MAT_15,707,10664
2024-12-24,MAT_15,795,9869
2024-12-25,MAT_15,898,8971
2024-12-26,MAT_15,907,8064
2024-12-27,MAT_15,789,7275
2024-12-28,MAT_15,584,6691
2024-12-29,MAT_15,618,6073
2024-12-30,MAT_15,725,5348
2024-12-31,MAT_15,827,4521
2025-01-01,MAT_15,758,3763
2025-01-02,MAT_15,902,14597
2025-01-03,MAT_15,706,13891
2025-01-04,MAT_15,718,13173
2025-01-05,MAT_15,683,12490
2025-01-06,MAT_15,801,11689
2025-01-07,MAT_15,844,10845
2025-01-08,MAT_15,921,9924
2025-01-09,MAT_15,795,9129
2025-01-10,MAT_15,763,8366
2025-01-11,MAT_15,819,7547
2025-01-12,MAT_15,772,6775
2025-01-13,MAT_15,849,5926
2025-01-14,MAT_15,818,5108
2025-01-15,MAT_15,991,4117
2025-01-16,MAT_15,939,3178
2025-01-17,MAT_15,809,14105
2025-01-18,MAT_15,744,13361
2025-01-19,MAT_15,743,12618
2025-01-20,MAT_15,899,11719
2025-01-21,MAT_15,1053,10666
2025-01-22,MAT_15,995,9671
2025-01-23,MAT_15,833,8838
2025-01-24,MAT_15,740,8098
2025-01-25,MAT_15,806,7292
2025-01-26,MAT_15,700,6592
2025-01-27,MAT_15,886,5706
2025-01-28,MAT_15,938,4768
2025-01-29,MAT_15,907,3861
2025-01-30,MAT_15,995,2866
2025-01-31,MAT_15,886,13716
2025-02-01,MAT_15,664,13052
2025-02-02,MAT_15,834,12218
2025-02-03,MAT_15,917,11301
2025-02-04,MAT_15,1051,10250
2025-02-05,MAT_15,1023,9227
2025-02-06,MAT_15,1061,8166
2025-02-07,MAT_15,841,7325
2025-02-08,MAT_15,768,6557
2025-02-09,MAT_15,739,5818
2025-02-10,MAT_15,836,4982
2025-02-11,MAT_15,923,4059
2025-02-12,MAT_15,1046,3013
2025-02-13,MAT_15,947,13802
2025-02-14,MAT_15,894,12908
2025-02-15,MAT_15,713,12195
2025-02-16,MAT_15,765,11430
2025-02-17,MAT_15,858,10572
2025-02-18,MAT_15,1190,9382
2025-02-19,MAT_15,1032,8350
2025-02-20,MAT_15,979,7371
2025-02-21,MAT_15,878,6493
2025-02-22,MAT_15,944,5549
2025-02-23,MAT_15,721,4828
2025-02-24,MAT_15,936,3892
2025-02-25,MAT_15,908,2984
2025-02-26,MAT_15,873,2111
2025-02-27,MAT_15,940,12907
2025-02-28,MAT_15,930,11977
2025-03-01,MAT_15,774,11203
2025-03-02,MAT_15,891,10312
2025-03-03,MAT_15,962,9350
2025-03-04,MAT_15,1036,8314
2025-03-05,MAT_15,1170,7144
2025-03-06,MAT_15,963,6181
2025-03-07,MAT_15,939,5242
2025-03-08,MAT_15,706,4536
2025-03-09,MAT_15,879,3657
2025-03-10,MAT_15,944,2713
2025-03-11,MAT_15,964,1749
2025-03-12,MAT_15,1112,637
2025-03-13,MAT_15,960,0
2025-03-14,MAT_15,1053,0
2025-03-15,MAT_15,665,0
2025-03-16,MAT_15,898,0
2025-03-17,MAT_15,975,0
2025-03-18,MAT_15,1042,0
2025-03-19,MAT_15,1046,0
2025-03-20,MAT_15,1030,0
2025-03-21,MAT_15,1007,10729
2025-03-22,MAT_15,730,9999
2025-03-23,MAT_15,821,9178
2025-03-24,MAT_15,894,8284
2025-03-25,MAT_15,982,7302
2025-03-26,MAT_15,1118,6184
2025-03-27,MAT_15,1074,5110
2025-03-28,MAT_15,1010,4100
2025-03-29,MAT_15,911,3189
2025-03-30,MAT_15,940,2249
2025-03-31,MAT_15,868,13117
2025-04-01,MAT_15,1186,11931
2025-04-02,MAT_15,1076,10855
2025-04-03,MAT_15,1110,9745
2025-04-04,MAT_15,819,8926
2025-04-05,MAT_15,844,8082
2025-04-06,MAT_15,959,7123
2025-04-07,MAT_15,979,6144
2025-04-08,MAT_15,1009,5135
2025-04-09,MAT_15,1193,3942
2025-04-10,MAT_15,935,3007
2025-04-11,MAT_15,923,2084
2025-04-12,MAT_15,910,12910
2025-04-13,MAT_15,1046,11864
2025-04-14,MAT_15,937,10927
2025-04-15,MAT_15,1043,9884
2025-04-16,MAT_15,1051,8833
2025-04-17,MAT_15,1040,7793
2025-04-18,MAT_15,965,6828
2025-04-19,MAT_15,940,5888
2025-04-20,MAT_15,935,4953
2025-04-21,MAT_15,928,4025
2025-04-22,MAT_15,1121,2904
2025-04-23,MAT_15,1086,1818
2025-04-24,MAT_15,1072,12482
2025-04-25,MAT_15,974,11508
2025-04-26,MAT_15,974,10534
2025-04-27,MAT_15,840,9694
2025-04-28,MAT_15,915,8779
2025-04-29,MAT_15,1083,7696
2025-04-30,MAT_15,1161,6535
2025-05-01,MAT_15,1008,5527
2025-05-02,MAT_15,998,4529
2025-05-03,MAT_15,889,3640
2025-05-04,MAT_15,840,2800
2025-05-05,MAT_15,990,13546
2025-05-06,MAT_15,1002,12544
2025-05-07,MAT_15,1075,11469
2025-05-08,MAT_15,907,10562
2025-05-09,MAT_15,882,9680
2025-05-10,MAT_15,900,8780
2025-05-11,MAT_15,902,7878
2025-05-12,MAT_15,980,6898
2025-05-13,MAT_15,1044,5854
2025-05-14,MAT_15,1054,4800
2025-05-15,MAT_15,877,3923
2025-05-16,MAT_15,856,3067
2025-05-17,MAT_15,820,13983
2025-05-18,MAT_15,738,13245
2025-05-19,MAT_15,779,12466
2025-05-20,MAT_15,1093,11373
2025-05-21,MAT_15,1029,10344
2025-05-22,MAT_15,975,9369
2025-05-23,MAT_15,898,8471
2025-05-24,MAT_15,711,7760
2025-05-25,MAT_15,777,6983
2025-05-26,MAT_15,1015,5968
2025-05-27,MAT_15,948,5020
2025-05-28,MAT_15,985,4035
2025-05-29,MAT_15,888,3147
2025-05-30,MAT_15,777,14106
2025-05-31,MAT_15,855,13251
2025-06-01,MAT_15,595,12656
2025-06-02,MAT_15,842,11814
2025-06-03,MAT_15,984,10830
2025-06-04,MAT_15,1119,9711
2025-06-05,MAT_15,831,8880
2025-06-06,MAT_15,712,8168
2025-06-07,MAT_15,681,7487
2025-06-08,MAT_15,823,6664
2025-06-09,MAT_15,866,5798
2025-06-10,MAT_15,832,4966
2025-06-11,MAT_15,972,3994
2025-06-12,MAT_15,1019,2975
2025-06-13,MAT_15,813,13898
2025-06-14,MAT_15,739,13159
2025-06-15,MAT_15,763,12396
2025-06-16,MAT_15,866,11530
2025-06-17,MAT_15,823,10707
2025-06-18,MAT_15,924,9783
2025-06-19,MAT_15,861,8922
2025-06-20,MAT_15,732,8190
2025-06-21,MAT_15,757,7433
2025-06-22,MAT_15,673,6760
2025-06-23,MAT_15,783,5977
2025-06-24,MAT_15,801,5176
2025-06-25,MAT_15,948,4228
2025-06-26,MAT_15,926,3302
2025-06-27,MAT_15,718,14320
2025-06-28,MAT_15,743,13577
2025-06-29,MAT_15,688,12889
2025-06-30,MAT_15,590,12299
2025-07-01,MAT_15,872,11427
2025-07-02,MAT_15,881,10546
2025-07-03,MAT_15,836,9710
2025-07-04,MAT_15,743,8967
2025-07-05,MAT_15,603,8364
2025-07-06,MAT_15,791,7573
2025-07-07,MAT_15,759,6814
2025-07-08,MAT_15,837,5977
2025-07-09,MAT_15,930,5047
2025-07-10,MAT_15,806,4241
2025-07-11,MAT_15,900,15077
2025-07-12,MAT_15,616,14461
2025-07-13,MAT_15,680,13781
2025-07-14,MAT_15,682,13099
2025-07-15,MAT_15,897,12202
2025-07-16,MAT_15,873,11329
2025-07-17,MAT_15,755,10574
2025-07-18,MAT_15,608,9966
2025-07-19,MAT_15,508,9458
2025-07-20,MAT_15,662,8796
2025-07-21,MAT_15,609,8187
2025-07-22,MAT_15,909,7278
2025-07-23,MAT_15,727,6551
2025-07-24,MAT_15,745,5806
2025-07-25,MAT_15,586,5220
2025-07-26,MAT_15,590,4630
2025-07-27,MAT_15,610,15756
2025-07-28,MAT_15,731,15025
2025-07-29,MAT_15,666,14359
2025-07-30,MAT_15,745,13614
2025-07-31,MAT_15,814,12800
2025-08-01,MAT_15,685,12115
2025-08-02,MAT_15,371,11744
2025-08-03,MAT_15,616,11128
2025-08-04,MAT_15,595,10533
2025-08-05,MAT_15,718,9815
2025-08-06,MAT_15,767,9048
2025-08-07,MAT_15,840,8208
2025-08-08,MAT_15,532,7676
2025-08-09,MAT_15,438,7238
2025-08-10,MAT_15,603,6635
2025-08-11,MAT_15,655,5980
2025-08-12,MAT_15,840,5140
2025-08-13,MAT_15,739,16137
2025-08-14,MAT_15,795,15342
2025-08-15,MAT_15,597,14745
2025-08-16,MAT_15,571,14174
2025-08-17,MAT_15,677,13497
2025-08-18,MAT_15,1827,11670
2025-08-19,MAT_15,2365,9305
2025-08-20,MAT_15,2046,7259
2025-08-21,MAT_15,2046,5213
2025-08-22,MAT_15,1361,3852
2025-08-23,MAT_15,475,3377
2025-08-24,MAT_15,452,2925
2025-08-25,MAT_15,720,2205
2025-08-26,MAT_15,850,1355
2025-08-27,MAT_15,707,648
2025-08-28,MAT_15,609,11775
2025-08-29,MAT_15,463,11312
2025-08-30,MAT_15,522,10790
2025-08-31,MAT_15,475,10315
2025-09-01,MAT_15,569,9746
2025-09-02,MAT_15,830,8916
2025-09-03,MAT_15,700,8216
2025-09-04,MAT_15,704,7512
2025-09-05,MAT_15,559,6953
2025-09-06,MAT_15,384,6569
2025-09-07,MAT_15,367,6202
2025-09-08,MAT_15,640,5562
2025-09-09,MAT_15,825,16473
2025-09-10,MAT_15,738,15735
2025-09-11,MAT_15,698,15037
2025-09-12,MAT_15,475,14562
2025-09-13,MAT_15,561,14001
2025-09-14,MAT_15,582,13419
2025-09-15,MAT_15,539,12880
2025-09-16,MAT_15,728,12152
2025-09-17,MAT_15,568,11584
2025-09-18,MAT_15,699,10885
2025-09-19,MAT_15,495,10390
2025-09-20,MAT_15,380,10010
2025-09-21,MAT_15,529,9481
2025-09-22,MAT_15,450,9031
2025-09-23,MAT_15,707,8324
2025-09-24,MAT_15,614,7710
2025-09-25,MAT_15,533,7177
2025-09-26,MAT_15,541,6636
2025-09-27,MAT_15,459,6177
2025-09-28,MAT_15,609,17304
2025-09-29,MAT_15,486,16818
2025-09-30,MAT_15,786,16032
2025-10-01,MAT_15,612,15420
2025-10-02,MAT_15,710,14710
2025-10-03,MAT_15,623,14087
2025-10-04,MAT_15,498,13589
2025-10-05,MAT_15,434,13155
2025-10-06,MAT_15,468,12687
2025-10-07,MAT_15,527,12160
2025-10-08,MAT_15,848,11312
2025-10-09,MAT_15,616,10696
2025-10-10,MAT_15,452,10244
2025-10-11,MAT_15,386,9858
2025-10-12,MAT_15,512,9346
2025-10-13,MAT_15,560,8786
2025-10-14,MAT_15,533,8253
2025-10-15,MAT_15,775,7478
2025-10-16,MAT_15,671,6807
2025-10-17,MAT_15,1447,5360
2025-10-18,MAT_15,1200,4160
2025-10-19,MAT_15,552,15344
2025-10-20,MAT_15,1491,13853
2025-10-21,MAT_15,1652,12201
2025-10-22,MAT_15,657,11544
2025-10-23,MAT_15,618,10926
2025-10-24,MAT_15,584,10342
2025-10-25,MAT_15,410,9932
2025-10-26,MAT_15,494,9438
2025-10-27,MAT_15,685,8753
2025-10-28,MAT_15,740,8013
2025-10-29,MAT_15,672,7341
2025-10-30,MAT_15,742,6599
2025-10-31,MAT_15,586,6013
2025-11-01,MAT_15,521,5492
2025-11-02,MAT_15,484,16744
2025-11-03,MAT_15,617,16127
2025-11-04,MAT_15,651,15476
2025-11-05,MAT_15,584,14892
2025-11-06,MAT_15,653,14239
2025-11-07,MAT_15,565,13674
2025-11-08,MAT_15,524,13150
2025-11-09,MAT_15,633,12517
2025-11-10,MAT_15,581,11936
2025-11-11,MAT_15,697,11239
2025-11-12,MAT_15,811,10428
2025-11-13,MAT_15,631,9797
2025-11-14,MAT_15,602,9195
2025-11-15,MAT_15,497,8698
2025-11-16,MAT_15,535,8163
2025-11-17,MAT_15,707,7456
2025-11-18,MAT_15,713,6743
2025-11-19,MAT_15,829,5914
2025-11-20,MAT_15,554,5360
2025-11-21,MAT_15,495,16601
2025-11-22,MAT_15,365,16236
2025-11-23,MAT_15,480,15756
2025-11-24,MAT_15,811,14945
2025-11-25,MAT_15,759,14186
2025-11-26,MAT_15,730,13456
2025-11-27,MAT_15,787,12669
2025-11-28,MAT_15,699,11970
2025-11-29,MAT_15,470,11500
2025-11-30,MAT_15,787,10713
2025-12-01,MAT_15,707,10006
2025-12-02,MAT_15,812,9194
2025-12-03,MAT_15,845,8349
2025-12-04,MAT_15,784,7565
2025-12-05,MAT_15,598,6967
2025-12-06,MAT_15,752,6215
2025-12-07,MAT_15,590,5625
2025-12-08,MAT_15,782,4843
2025-12-09,MAT_15,765,4078
2025-12-10,MAT_15,777,15037
2025-12-11,MAT_15,916,14121
2025-12-12,MAT_15,660,13461
2025-12-13,MAT_15,606,12855
2025-12-14,MAT_15,656,12199
2025-12-15,MAT_15,933,11266
2025-12-16,MAT_15,994,10272
2025-12-17,MAT_15,951,9321
2025-12-18,MAT_15,1013,8308
2025-12-19,MAT_15,617,7691
2025-12-20,MAT_15,682,7009
2025-12-21,MAT_15,663,6346
2025-12-22,MAT_15,614,5732
2025-12-23,MAT_15,884,4848
2025-12-24,MAT_15,835,4013
2025-12-25,MAT_15,933,14816
2025-12-26,MAT_15,684,14132
2025-12-27,MAT_15,619,13513
2025-12-28,MAT_15,801,12712
2025-12-29,MAT_15,771,11941
2025-12-30,MAT_15,962,10979
